solid OpenSCAD_Model
  facet normal -0.21614744150487758 -0.3234875065416013 -0.9212144791753943
    outer loop
      vertex 0.46267108297482873 0.4098800222491315 0.009607359798384785
      vertex 0.3035762604032245 0.3035762604032245 0.08426519384872738
      vertex 0.43102515517926426 0.43102515517926426 0.009607359798384785
    endloop
  endfacet
  facet normal -0.38157953112891546 -0.07590088788047208 -0.9212144791753943
    outer loop
      vertex 0.4098800222491315 0.46267108297482873 0.009607359798384785
      vertex 0.2222148834901989 0.5 0.08426519384872738
      vertex 0.4024548389919359 0.5 0.009607359798384785
    endloop
  endfacet
  facet normal 0 0 -1
    outer loop
      vertex 0.46267108297482873 0.4098800222491315 0.009607359798384785
      vertex 0.4098800222491315 0.46267108297482873 0.009607359798384785
      vertex 0.5 0.4024548389919359 0.009607359798384785
    endloop
  endfacet
  facet normal 0 0 -1
    outer loop
      vertex 0.46267108297482873 0.4098800222491315 0.009607359798384785
      vertex 0.43102515517926426 0.43102515517926426 0.009607359798384785
      vertex 0.4098800222491315 0.46267108297482873 0.009607359798384785
    endloop
  endfacet
  facet normal -0.3234875065416013 -0.21614744150487758 -0.9212144791753943
    outer loop
      vertex 0.43102515517926426 0.43102515517926426 0.009607359798384785
      vertex 0.3035762604032245 0.3035762604032245 0.08426519384872738
      vertex 0.4098800222491315 0.46267108297482873 0.009607359798384785
    endloop
  endfacet
  facet normal -0.07590088788047208 -0.38157953112891546 -0.9212144791753943
    outer loop
      vertex 0.46267108297482873 0.4098800222491315 0.009607359798384785
      vertex 0.5 0.4024548389919359 0.009607359798384785
      vertex 0.5 0.2222148834901989 0.08426519384872738
    endloop
  endfacet
  facet normal -0.39663965676028173 -0.593613196009099 -0.7002145072825534
    outer loop
      vertex 0.39369623815409294 0.24336001642033167 0.08426519384872738
      vertex 0.2060310993951603 0.2060310993951603 0.2222148834901989
      vertex 0.3035762604032245 0.3035762604032245 0.08426519384872738
    endloop
  endfacet
  facet normal -0.13928132531715356 -0.7002145072825531 -0.7002145072825532
    outer loop
      vertex 0.39369623815409294 0.24336001642033167 0.08426519384872738
      vertex 0.5 0.2222148834901989 0.08426519384872738
      vertex 0.34090517742839577 0.11591112164429185 0.2222148834901989
    endloop
  endfacet
  facet normal -0.3966396567602815 -0.5936131960090993 -0.7002145072825531
    outer loop
      vertex 0.39369623815409294 0.24336001642033167 0.08426519384872738
      vertex 0.34090517742839577 0.11591112164429185 0.2222148834901989
      vertex 0.2060310993951603 0.2060310993951603 0.2222148834901989
    endloop
  endfacet
  facet normal -0.13928132531715354 -0.7002145072825531 -0.7002145072825531
    outer loop
      vertex 0.5 0.2222148834901989 0.08426519384872738
      vertex 0.5 0.08426519384872738 0.2222148834901989
      vertex 0.34090517742839577 0.11591112164429185 0.2222148834901989
    endloop
  endfacet
  facet normal -0.3234875065416013 -0.21614744150487755 -0.9212144791753942
    outer loop
      vertex 0.4098800222491315 0.46267108297482873 0.009607359798384785
      vertex 0.3035762604032245 0.3035762604032245 0.08426519384872738
      vertex 0.24336001642033167 0.39369623815409294 0.08426519384872738
    endloop
  endfacet
  facet normal -0.21614744150487755 -0.3234875065416013 -0.9212144791753942
    outer loop
      vertex 0.46267108297482873 0.4098800222491315 0.009607359798384785
      vertex 0.39369623815409294 0.24336001642033167 0.08426519384872738
      vertex 0.3035762604032245 0.3035762604032245 0.08426519384872738
    endloop
  endfacet
  facet normal -0.07590088788047256 -0.38157953112891546 -0.9212144791753942
    outer loop
      vertex 0.46267108297482873 0.4098800222491315 0.009607359798384785
      vertex 0.5 0.2222148834901989 0.08426519384872738
      vertex 0.39369623815409294 0.24336001642033167 0.08426519384872738
    endloop
  endfacet
  facet normal -0.38157953112891546 -0.07590088788047256 -0.9212144791753942
    outer loop
      vertex 0.4098800222491315 0.46267108297482873 0.009607359798384785
      vertex 0.24336001642033167 0.39369623815409294 0.08426519384872738
      vertex 0.2222148834901989 0.5 0.08426519384872738
    endloop
  endfacet
  facet normal -0.5936131960090993 -0.3966396567602815 -0.7002145072825531
    outer loop
      vertex 0.24336001642033167 0.39369623815409294 0.08426519384872738
      vertex 0.2060310993951603 0.2060310993951603 0.2222148834901989
      vertex 0.11591112164429185 0.34090517742839577 0.2222148834901989
    endloop
  endfacet
  facet normal -0.7002145072825531 -0.13928132531715356 -0.7002145072825531
    outer loop
      vertex 0.2222148834901989 0.5 0.08426519384872738
      vertex 0.24336001642033167 0.39369623815409294 0.08426519384872738
      vertex 0.11591112164429185 0.34090517742839577 0.2222148834901989
    endloop
  endfacet
  facet normal -0.7002145072825531 -0.13928132531715354 -0.7002145072825531
    outer loop
      vertex 0.2222148834901989 0.5 0.08426519384872738
      vertex 0.11591112164429185 0.34090517742839577 0.2222148834901989
      vertex 0.08426519384872738 0.5 0.2222148834901989
    endloop
  endfacet
  facet normal -0.593613196009099 -0.39663965676028173 -0.7002145072825534
    outer loop
      vertex 0.3035762604032245 0.3035762604032245 0.08426519384872738
      vertex 0.2060310993951603 0.2060310993951603 0.2222148834901989
      vertex 0.24336001642033167 0.39369623815409294 0.08426519384872738
    endloop
  endfacet
  facet normal -0.5147164328119478 -0.7703275794849852 -0.3763806770786024
    outer loop
      vertex 0.2060310993951603 0.2060310993951603 0.2222148834901989
      vertex 0.31233486124106735 0.04693627682355611 0.4024548389919359
      vertex 0.15324003866946312 0.15324003866946312 0.4024548389919359
    endloop
  endfacet
  facet normal -0.7703275794849852 -0.5147164328119478 -0.3763806770786024
    outer loop
      vertex 0.2060310993951603 0.2060310993951603 0.2222148834901989
      vertex 0.15324003866946312 0.15324003866946312 0.4024548389919359
      vertex 0.04693627682355611 0.31233486124106735 0.4024548389919359
    endloop
  endfacet
  facet normal -0.5147164328119476 -0.7703275794849855 -0.37638067707860257
    outer loop
      vertex 0.2060310993951603 0.2060310993951603 0.2222148834901989
      vertex 0.34090517742839577 0.11591112164429185 0.2222148834901989
      vertex 0.31233486124106735 0.04693627682355611 0.4024548389919359
    endloop
  endfacet
  facet normal -0.180744375159374 -0.9086633352183306 -0.3763806770786025
    outer loop
      vertex 0.34090517742839577 0.11591112164429185 0.2222148834901989
      vertex 0.5 0.08426519384872738 0.2222148834901989
      vertex 0.5 0.009607359798384785 0.4024548389919359
    endloop
  endfacet
  facet normal -0.18074437515937397 -0.9086633352183305 -0.37638067707860245
    outer loop
      vertex 0.34090517742839577 0.11591112164429185 0.2222148834901989
      vertex 0.5 0.009607359798384785 0.4024548389919359
      vertex 0.31233486124106735 0.04693627682355611 0.4024548389919359
    endloop
  endfacet
  facet normal -0.7703275794849855 -0.5147164328119476 -0.37638067707860257
    outer loop
      vertex 0.2060310993951603 0.2060310993951603 0.2222148834901989
      vertex 0.04693627682355611 0.31233486124106735 0.4024548389919359
      vertex 0.11591112164429185 0.34090517742839577 0.2222148834901989
    endloop
  endfacet
  facet normal -0.9086633352183305 -0.18074437515937397 -0.37638067707860245
    outer loop
      vertex 0.11591112164429185 0.34090517742839577 0.2222148834901989
      vertex 0.04693627682355611 0.31233486124106735 0.4024548389919359
      vertex 0.009607359798384785 0.5 0.4024548389919359
    endloop
  endfacet
  facet normal -0.9086633352183306 -0.180744375159374 -0.3763806770786025
    outer loop
      vertex 0.11591112164429185 0.34090517742839577 0.2222148834901989
      vertex 0.009607359798384785 0.5 0.4024548389919359
      vertex 0.08426519384872738 0.5 0.2222148834901989
    endloop
  endfacet
  facet normal 0 0 -1
    outer loop
      vertex 0.4098800222491315 0.46267108297482873 0.009607359798384785
      vertex 4.095629018404851 7.5 0.009607359798384785
      vertex 4.5 7.5 0.009607359798384785
    endloop
  endfacet
  facet normal 0 0 -1
    outer loop
      vertex 0.4098800222491315 0.46267108297482873 0.009607359798384785
      vertex 4 7.595629018404851 0.009607359798384785
      vertex 4.095629018404851 7.5 0.009607359798384785
    endloop
  endfacet
  facet normal 0 0 -1
    outer loop
      vertex 0.4098800222491315 0.46267108297482873 0.009607359798384785
      vertex 0.4024548389919359 0.5 0.009607359798384785
      vertex 0.4024548389919359 18.5 0.009607359798384785
    endloop
  endfacet
  facet normal -0.38268343236508967 0 -0.9238795325112867
    outer loop
      vertex 0.4024548389919359 0.5 0.009607359798384785
      vertex 0.2222148834901989 0.5 0.08426519384872738
      vertex 0.2222148834901989 18.5 0.08426519384872738
    endloop
  endfacet
  facet normal -0.7071067811865475 0 -0.7071067811865475
    outer loop
      vertex 0.2222148834901989 0.5 0.08426519384872738
      vertex 0.08426519384872738 0.5 0.2222148834901989
      vertex 0.2222148834901989 18.5 0.08426519384872738
    endloop
  endfacet
  facet normal -0.9238795325112867 0 -0.38268343236508967
    outer loop
      vertex 0.08426519384872738 0.5 0.2222148834901989
      vertex 0.009607359798384785 0.5 0.4024548389919359
      vertex 0.009607359798384785 18.5 0.4024548389919359
    endloop
  endfacet
  facet normal 0 0 -1
    outer loop
      vertex 4 7.595629018404851 0.009607359798384785
      vertex 4.095629018404851 7.595629018404851 0.009607359798384785
      vertex 4.095629018404851 7.5 0.009607359798384785
    endloop
  endfacet
  facet normal -0.5555702330196021 -0.8314696123025453 0
    outer loop
      vertex 0.15324003866946312 0.15324003866946312 0.4024548389919359
      vertex 0.31233486124106735 0.04693627682355611 0.4024548389919359
      vertex 0.15324003866946312 0.15324003866946312 5.597545161008064
    endloop
  endfacet
  facet normal -0.8314696123025453 -0.5555702330196021 0
    outer loop
      vertex 0.15324003866946312 0.15324003866946312 0.4024548389919359
      vertex 0.04693627682355611 0.31233486124106735 5.597545161008064
      vertex 0.04693627682355611 0.31233486124106735 0.4024548389919359
    endloop
  endfacet
  facet normal -0.19509032201612836 -0.9807852804032304 0
    outer loop
      vertex 0.31233486124106735 0.04693627682355611 0.4024548389919359
      vertex 0.5 0.009607359798384785 0.4024548389919359
      vertex 0.5 0.009607359798384785 5.597545161008064
    endloop
  endfacet
  facet normal -0.9807852804032304 -0.19509032201612836 0
    outer loop
      vertex 0.04693627682355611 0.31233486124106735 0.4024548389919359
      vertex 0.04693627682355611 0.31233486124106735 5.597545161008064
      vertex 0.009607359798384785 0.5 0.4024548389919359
    endloop
  endfacet
  facet normal -1 0 0
    outer loop
      vertex 0.009607359798384785 0.5 0.4024548389919359
      vertex 0.009607359798384785 0.5 5.597545161008064
      vertex 0.009607359798384785 18.5 0.4024548389919359
    endloop
  endfacet
  facet normal 0 0 -1
    outer loop
      vertex 0.4098800222491315 0.46267108297482873 0.009607359798384785
      vertex 0.5 18.597545161008064 0.009607359798384785
      vertex 4 7.595629018404851 0.009607359798384785
    endloop
  endfacet
  facet normal 0 0 -1
    outer loop
      vertex 4 7.595629018404851 0.009607359798384785
      vertex 0.5 18.597545161008064 0.009607359798384785
      vertex 4 8 0.009607359798384785
    endloop
  endfacet
  facet normal 0 0 -1
    outer loop
      vertex 4 8 0.009607359798384785
      vertex 0.5 18.597545161008064 0.009607359798384785
      vertex 4.095629018404851 8 0.009607359798384785
    endloop
  endfacet
  facet normal 0 0 -1
    outer loop
      vertex 4.095629018404851 8 0.009607359798384785
      vertex 4 11 0.009607359798384785
      vertex 4.095629018404851 11 0.009607359798384785
    endloop
  endfacet
  facet normal 0 0 -1
    outer loop
      vertex 4 11.40437098159515 0.009607359798384785
      vertex 4.095629018404851 11.5 0.009607359798384785
      vertex 4.095629018404851 11.40437098159515 0.009607359798384785
    endloop
  endfacet
  facet normal 0 0 -1
    outer loop
      vertex 4.5 11.40437098159515 0.009607359798384785
      vertex 4.5 11.5 0.009607359798384785
      vertex 12.554330669831055 11.40437098159515 0.009607359798384785
    endloop
  endfacet
  facet normal -0.38268343236508967 0 -0.9238795325112867
    outer loop
      vertex 0.4024548389919359 0.5 0.009607359798384785
      vertex 0.2222148834901989 18.5 0.08426519384872738
      vertex 0.4024548389919359 18.5 0.009607359798384785
    endloop
  endfacet
  facet normal 0 0 -1
    outer loop
      vertex 0.4098800222491315 0.46267108297482873 0.009607359798384785
      vertex 0.4024548389919359 18.5 0.009607359798384785
      vertex 0.4098800222491315 18.53732891702517 0.009607359798384785
    endloop
  endfacet
  facet normal 0 0 -1
    outer loop
      vertex 0.4098800222491315 0.46267108297482873 0.009607359798384785
      vertex 0.4098800222491315 18.53732891702517 0.009607359798384785
      vertex 0.43102515517926426 18.568974844820737 0.009607359798384785
    endloop
  endfacet
  facet normal 0 0 -1
    outer loop
      vertex 0.4098800222491315 0.46267108297482873 0.009607359798384785
      vertex 0.43102515517926426 18.568974844820737 0.009607359798384785
      vertex 0.46267108297482873 18.59011997775087 0.009607359798384785
    endloop
  endfacet
  facet normal 0 0 -1
    outer loop
      vertex 0.4098800222491315 0.46267108297482873 0.009607359798384785
      vertex 0.46267108297482873 18.59011997775087 0.009607359798384785
      vertex 0.5 18.597545161008064 0.009607359798384785
    endloop
  endfacet
  facet normal -0.7071067811865475 0 -0.7071067811865475
    outer loop
      vertex 0.08426519384872738 0.5 0.2222148834901989
      vertex 0.08426519384872738 18.5 0.2222148834901989
      vertex 0.2222148834901989 18.5 0.08426519384872738
    endloop
  endfacet
  facet normal -0.9238795325112867 0 -0.38268343236508967
    outer loop
      vertex 0.08426519384872738 0.5 0.2222148834901989
      vertex 0.009607359798384785 18.5 0.4024548389919359
      vertex 0.08426519384872738 18.5 0.2222148834901989
    endloop
  endfacet
  facet normal 0 0 -1
    outer loop
      vertex 4.095629018404851 8 0.009607359798384785
      vertex 0.5 18.597545161008064 0.009607359798384785
      vertex 4 11 0.009607359798384785
    endloop
  endfacet
  facet normal 0 0 -1
    outer loop
      vertex 4 11 0.009607359798384785
      vertex 0.5 18.597545161008064 0.009607359798384785
      vertex 4 11.40437098159515 0.009607359798384785
    endloop
  endfacet
  facet normal 0 0 -1
    outer loop
      vertex 4 11.40437098159515 0.009607359798384785
      vertex 0.5 18.597545161008064 0.009607359798384785
      vertex 4.095629018404851 11.5 0.009607359798384785
    endloop
  endfacet
  facet normal 0 0 -1
    outer loop
      vertex 4.095629018404851 11.5 0.009607359798384785
      vertex 0.5 18.597545161008064 0.009607359798384785
      vertex 4.5 11.5 0.009607359798384785
    endloop
  endfacet
  facet normal 0 0 -1
    outer loop
      vertex 4.5 11.5 0.009607359798384785
      vertex 0.5 18.597545161008064 0.009607359798384785
      vertex 12.554330669831055 11.40437098159515 0.009607359798384785
    endloop
  endfacet
  facet normal 0 0 -1
    outer loop
      vertex 12.554330669831055 11.40437098159515 0.009607359798384785
      vertex 0.5 18.597545161008064 0.009607359798384785
      vertex 7 18.5 0.009607359798384785
    endloop
  endfacet
  facet normal 0 0 -1
    outer loop
      vertex 0.4098800222491315 0.46267108297482873 0.009607359798384785
      vertex 58.5 0.4024548389919359 0.009607359798384785
      vertex 0.5 0.4024548389919359 0.009607359798384785
    endloop
  endfacet
  facet normal 0 -0.7071067811865475 -0.7071067811865475
    outer loop
      vertex 0.5 0.2222148834901989 0.08426519384872738
      vertex 58.5 0.08426519384872738 0.2222148834901989
      vertex 0.5 0.08426519384872738 0.2222148834901989
    endloop
  endfacet
  facet normal 0 -0.3826834323650897 -0.9238795325112868
    outer loop
      vertex 0.5 0.4024548389919359 0.009607359798384785
      vertex 58.5 0.2222148834901989 0.08426519384872738
      vertex 0.5 0.2222148834901989 0.08426519384872738
    endloop
  endfacet
  facet normal 0 -0.9238795325112868 -0.3826834323650897
    outer loop
      vertex 0.5 0.08426519384872738 0.2222148834901989
      vertex 58.5 0.08426519384872738 0.2222148834901989
      vertex 0.5 0.009607359798384785 0.4024548389919359
    endloop
  endfacet
  facet normal 0 0 -1
    outer loop
      vertex 0.4098800222491315 0.46267108297482873 0.009607359798384785
      vertex 4.5 7.5 0.009607359798384785
      vertex 46.44566933016895 7.595629018404851 0.009607359798384785
    endloop
  endfacet
  facet normal 0 0 -1
    outer loop
      vertex 4.5 7.5 0.009607359798384785
      vertex 4.5 7.595629018404851 0.009607359798384785
      vertex 46.44566933016895 7.595629018404851 0.009607359798384785
    endloop
  endfacet
  facet normal 0 -1 0
    outer loop
      vertex 0.5 0.009607359798384785 0.4024548389919359
      vertex 58.5 0.009607359798384785 0.4024548389919359
      vertex 0.5 0.009607359798384785 5.597545161008064
    endloop
  endfacet
  facet normal 0 0 -1
    outer loop
      vertex 12.554330669831055 11.40437098159515 0.009607359798384785
      vertex 7 18.5 0.009607359798384785
      vertex 52 18.5 0.009607359798384785
    endloop
  endfacet
  facet normal -0.8314696123025453 -0.5555702330196021 0
    outer loop
      vertex 0.15324003866946312 0.15324003866946312 0.4024548389919359
      vertex 0.15324003866946312 0.15324003866946312 5.597545161008064
      vertex 0.04693627682355611 0.31233486124106735 5.597545161008064
    endloop
  endfacet
  facet normal -0.5555702330196021 -0.8314696123025453 0
    outer loop
      vertex 0.31233486124106735 0.04693627682355611 0.4024548389919359
      vertex 0.31233486124106735 0.04693627682355611 5.597545161008064
      vertex 0.15324003866946312 0.15324003866946312 5.597545161008064
    endloop
  endfacet
  facet normal -0.19509032201612836 -0.9807852804032304 0
    outer loop
      vertex 0.31233486124106735 0.04693627682355611 0.4024548389919359
      vertex 0.5 0.009607359798384785 5.597545161008064
      vertex 0.31233486124106735 0.04693627682355611 5.597545161008064
    endloop
  endfacet
  facet normal -0.9807852804032304 -0.19509032201612836 0
    outer loop
      vertex 0.009607359798384785 0.5 0.4024548389919359
      vertex 0.04693627682355611 0.31233486124106735 5.597545161008064
      vertex 0.009607359798384785 0.5 5.597545161008064
    endloop
  endfacet
  facet normal -0.5147164328119477 -0.7703275794849851 0.376380677078603
    outer loop
      vertex 0.15324003866946312 0.15324003866946312 5.597545161008064
      vertex 0.31233486124106735 0.04693627682355611 5.597545161008064
      vertex 0.2060310993951603 0.2060310993951603 5.777785116509801
    endloop
  endfacet
  facet normal -0.7703275794849851 -0.5147164328119477 0.376380677078603
    outer loop
      vertex 0.15324003866946312 0.15324003866946312 5.597545161008064
      vertex 0.2060310993951603 0.2060310993951603 5.777785116509801
      vertex 0.04693627682355611 0.31233486124106735 5.597545161008064
    endloop
  endfacet
  facet normal -0.18074437515937397 -0.9086633352183304 0.37638067707860307
    outer loop
      vertex 0.31233486124106735 0.04693627682355611 5.597545161008064
      vertex 0.5 0.009607359798384785 5.597545161008064
      vertex 0.34090517742839577 0.11591112164429185 5.777785116509801
    endloop
  endfacet
  facet normal -0.5147164328119476 -0.7703275794849853 0.37638067707860323
    outer loop
      vertex 0.31233486124106735 0.04693627682355611 5.597545161008064
      vertex 0.34090517742839577 0.11591112164429185 5.777785116509801
      vertex 0.2060310993951603 0.2060310993951603 5.777785116509801
    endloop
  endfacet
  facet normal -0.18074437515937397 -0.9086633352183302 0.37638067707860307
    outer loop
      vertex 0.5 0.009607359798384785 5.597545161008064
      vertex 0.5 0.08426519384872738 5.777785116509801
      vertex 0.34090517742839577 0.11591112164429185 5.777785116509801
    endloop
  endfacet
  facet normal -0.9086633352183304 -0.18074437515937397 0.37638067707860307
    outer loop
      vertex 0.04693627682355611 0.31233486124106735 5.597545161008064
      vertex 0.11591112164429185 0.34090517742839577 5.777785116509801
      vertex 0.009607359798384785 0.5 5.597545161008064
    endloop
  endfacet
  facet normal -0.7703275794849853 -0.5147164328119476 0.37638067707860323
    outer loop
      vertex 0.04693627682355611 0.31233486124106735 5.597545161008064
      vertex 0.2060310993951603 0.2060310993951603 5.777785116509801
      vertex 0.11591112164429185 0.34090517742839577 5.777785116509801
    endloop
  endfacet
  facet normal -0.9086633352183302 -0.18074437515937397 0.37638067707860307
    outer loop
      vertex 0.009607359798384785 0.5 5.597545161008064
      vertex 0.11591112164429185 0.34090517742839577 5.777785116509801
      vertex 0.08426519384872738 0.5 5.777785116509801
    endloop
  endfacet
  facet normal -0.3966396567602819 -0.5936131960091 0.7002145072825524
    outer loop
      vertex 0.2060310993951603 0.2060310993951603 5.777785116509801
      vertex 0.34090517742839577 0.11591112164429185 5.777785116509801
      vertex 0.39369623815409294 0.24336001642033167 5.9157348061512725
    endloop
  endfacet
  facet normal -0.13928132531715362 -0.7002145072825537 0.7002145072825523
    outer loop
      vertex 0.34090517742839577 0.11591112164429185 5.777785116509801
      vertex 0.5 0.08426519384872738 5.777785116509801
      vertex 0.5 0.2222148834901989 5.9157348061512725
    endloop
  endfacet
  facet normal -0.39663965676028207 -0.5936131960090995 0.7002145072825526
    outer loop
      vertex 0.2060310993951603 0.2060310993951603 5.777785116509801
      vertex 0.39369623815409294 0.24336001642033167 5.9157348061512725
      vertex 0.3035762604032245 0.3035762604032245 5.9157348061512725
    endloop
  endfacet
  facet normal -0.13928132531715362 -0.7002145072825537 0.7002145072825524
    outer loop
      vertex 0.34090517742839577 0.11591112164429185 5.777785116509801
      vertex 0.5 0.2222148834901989 5.9157348061512725
      vertex 0.39369623815409294 0.24336001642033167 5.9157348061512725
    endloop
  endfacet
  facet normal -0.5936131960091 -0.3966396567602819 0.7002145072825524
    outer loop
      vertex 0.2060310993951603 0.2060310993951603 5.777785116509801
      vertex 0.24336001642033167 0.39369623815409294 5.9157348061512725
      vertex 0.11591112164429185 0.34090517742839577 5.777785116509801
    endloop
  endfacet
  facet normal -0.7002145072825537 -0.13928132531715362 0.7002145072825523
    outer loop
      vertex 0.11591112164429185 0.34090517742839577 5.777785116509801
      vertex 0.2222148834901989 0.5 5.9157348061512725
      vertex 0.08426519384872738 0.5 5.777785116509801
    endloop
  endfacet
  facet normal -0.7002145072825537 -0.13928132531715362 0.7002145072825524
    outer loop
      vertex 0.11591112164429185 0.34090517742839577 5.777785116509801
      vertex 0.24336001642033167 0.39369623815409294 5.9157348061512725
      vertex 0.2222148834901989 0.5 5.9157348061512725
    endloop
  endfacet
  facet normal -0.5936131960090995 -0.39663965676028207 0.7002145072825526
    outer loop
      vertex 0.2060310993951603 0.2060310993951603 5.777785116509801
      vertex 0.3035762604032245 0.3035762604032245 5.9157348061512725
      vertex 0.24336001642033167 0.39369623815409294 5.9157348061512725
    endloop
  endfacet
  facet normal -0.3234875065416019 -0.216147441504878 0.9212144791753939
    outer loop
      vertex 0.3035762604032245 0.3035762604032245 5.9157348061512725
      vertex 0.4098800222491315 0.46267108297482873 5.990392640201615
      vertex 0.24336001642033167 0.39369623815409294 5.9157348061512725
    endloop
  endfacet
  facet normal -0.216147441504878 -0.3234875065416019 0.9212144791753939
    outer loop
      vertex 0.39369623815409294 0.24336001642033167 5.9157348061512725
      vertex 0.46267108297482873 0.4098800222491315 5.990392640201615
      vertex 0.3035762604032245 0.3035762604032245 5.9157348061512725
    endloop
  endfacet
  facet normal -0.0759008878804727 -0.3815795311289161 0.921214479175394
    outer loop
      vertex 0.39369623815409294 0.24336001642033167 5.9157348061512725
      vertex 0.5 0.2222148834901989 5.9157348061512725
      vertex 0.46267108297482873 0.4098800222491315 5.990392640201615
    endloop
  endfacet
  facet normal -0.3815795311289161 -0.0759008878804727 0.921214479175394
    outer loop
      vertex 0.2222148834901989 0.5 5.9157348061512725
      vertex 0.24336001642033167 0.39369623815409294 5.9157348061512725
      vertex 0.4098800222491315 0.46267108297482873 5.990392640201615
    endloop
  endfacet
  facet normal -0.21614744150487794 -0.32348750654160185 0.921214479175394
    outer loop
      vertex 0.3035762604032245 0.3035762604032245 5.9157348061512725
      vertex 0.46267108297482873 0.4098800222491315 5.990392640201615
      vertex 0.43102515517926426 0.43102515517926426 5.990392640201615
    endloop
  endfacet
  facet normal -0.3815795311289161 -0.0759008878804721 0.921214479175394
    outer loop
      vertex 0.2222148834901989 0.5 5.9157348061512725
      vertex 0.4098800222491315 0.46267108297482873 5.990392640201615
      vertex 0.4024548389919359 0.5 5.990392640201615
    endloop
  endfacet
  facet normal -0.32348750654160185 -0.21614744150487794 0.921214479175394
    outer loop
      vertex 0.3035762604032245 0.3035762604032245 5.9157348061512725
      vertex 0.43102515517926426 0.43102515517926426 5.990392640201615
      vertex 0.4098800222491315 0.46267108297482873 5.990392640201615
    endloop
  endfacet
  facet normal -0.0759008878804721 -0.3815795311289161 0.921214479175394
    outer loop
      vertex 0.5 0.2222148834901989 5.9157348061512725
      vertex 0.5 0.4024548389919359 5.990392640201615
      vertex 0.46267108297482873 0.4098800222491315 5.990392640201615
    endloop
  endfacet
  facet normal 0 0 1
    outer loop
      vertex 0.4024548389919359 0.5 5.990392640201615
      vertex 4.095629018404851 7.5 5.990392640201615
      vertex 4 7.595629018404851 5.990392640201615
    endloop
  endfacet
  facet normal 0 0 1
    outer loop
      vertex 0.4024548389919359 0.5 5.990392640201615
      vertex 4.5 7.5 5.990392640201615
      vertex 4.095629018404851 7.5 5.990392640201615
    endloop
  endfacet
  facet normal 0 0 1
    outer loop
      vertex 0.4024548389919359 0.5 5.990392640201615
      vertex 4 7.595629018404851 5.990392640201615
      vertex 4 8 5.990392640201615
    endloop
  endfacet
  facet normal -0.9238795325112865 0 0.3826834323650903
    outer loop
      vertex 0.009607359798384785 0.5 5.597545161008064
      vertex 0.08426519384872738 0.5 5.777785116509801
      vertex 0.08426519384872738 18.5 5.777785116509801
    endloop
  endfacet
  facet normal -0.7071067811865482 0 0.7071067811865469
    outer loop
      vertex 0.08426519384872738 0.5 5.777785116509801
      vertex 0.2222148834901989 0.5 5.9157348061512725
      vertex 0.08426519384872738 18.5 5.777785116509801
    endloop
  endfacet
  facet normal -0.3826834323650904 0 0.9238795325112864
    outer loop
      vertex 0.2222148834901989 0.5 5.9157348061512725
      vertex 0.4024548389919359 0.5 5.990392640201615
      vertex 0.2222148834901989 18.5 5.9157348061512725
    endloop
  endfacet
  facet normal 0 0 1
    outer loop
      vertex 0.4024548389919359 0.5 5.990392640201615
      vertex 4 8 5.990392640201615
      vertex 4.095629018404851 11 5.990392640201615
    endloop
  endfacet
  facet normal 0 0 1
    outer loop
      vertex 0.4024548389919359 0.5 5.990392640201615
      vertex 4.095629018404851 11 5.990392640201615
      vertex 4 11 5.990392640201615
    endloop
  endfacet
  facet normal 0 0 1
    outer loop
      vertex 0.4024548389919359 0.5 5.990392640201615
      vertex 4 11 5.990392640201615
      vertex 4 11.40437098159515 5.990392640201615
    endloop
  endfacet
  facet normal 0 0 1
    outer loop
      vertex 4 7.595629018404851 5.990392640201615
      vertex 4.095629018404851 7.5 5.990392640201615
      vertex 4.095629018404851 7.595629018404851 5.990392640201615
    endloop
  endfacet
  facet normal 0 0 1
    outer loop
      vertex 0.4024548389919359 0.5 5.990392640201615
      vertex 35.57949741246098 7.59562901840485 5.990392640201615
      vertex 4.5 7.5 5.990392640201615
    endloop
  endfacet
  facet normal -1 0 0
    outer loop
      vertex 0.009607359798384785 0.5 5.597545161008064
      vertex 0.009607359798384785 18.5 5.597545161008064
      vertex 0.009607359798384785 18.5 0.4024548389919359
    endloop
  endfacet
  facet normal 0 0 1
    outer loop
      vertex 0.4024548389919359 0.5 5.990392640201615
      vertex 4 11.40437098159515 5.990392640201615
      vertex 0.4024548389919359 18.5 5.990392640201615
    endloop
  endfacet
  facet normal 0 0 1
    outer loop
      vertex 4 8 5.990392640201615
      vertex 4.095629018404851 8 5.990392640201615
      vertex 4.095629018404851 11 5.990392640201615
    endloop
  endfacet
  facet normal -0.9238795325112865 0 0.3826834323650903
    outer loop
      vertex 0.009607359798384785 0.5 5.597545161008064
      vertex 0.08426519384872738 18.5 5.777785116509801
      vertex 0.009607359798384785 18.5 5.597545161008064
    endloop
  endfacet
  facet normal -0.7071067811865482 0 0.7071067811865469
    outer loop
      vertex 0.2222148834901989 0.5 5.9157348061512725
      vertex 0.2222148834901989 18.5 5.9157348061512725
      vertex 0.08426519384872738 18.5 5.777785116509801
    endloop
  endfacet
  facet normal -0.3826834323650904 0 0.9238795325112864
    outer loop
      vertex 0.4024548389919359 0.5 5.990392640201615
      vertex 0.4024548389919359 18.5 5.990392640201615
      vertex 0.2222148834901989 18.5 5.9157348061512725
    endloop
  endfacet
  facet normal 0 0 1
    outer loop
      vertex 4 11.40437098159515 5.990392640201615
      vertex 4.095629018404851 11.40437098159515 5.990392640201615
      vertex 0.4024548389919359 18.5 5.990392640201615
    endloop
  endfacet
  facet normal 0 0 1
    outer loop
      vertex 4.095629018404851 11.40437098159515 5.990392640201615
      vertex 4.095629018404851 11.5 5.990392640201615
      vertex 0.4024548389919359 18.5 5.990392640201615
    endloop
  endfacet
  facet normal 0 0 1
    outer loop
      vertex 4.095629018404851 11.5 5.990392640201615
      vertex 4.5 11.5 5.990392640201615
      vertex 0.4024548389919359 18.5 5.990392640201615
    endloop
  endfacet
  facet normal 0 0 1
    outer loop
      vertex 4.5 11.40437098159515 5.990392640201615
      vertex 23.5413704172945 11.40437098159515 5.990392640201615
      vertex 4.5 11.5 5.990392640201615
    endloop
  endfacet
  facet normal 0 0 1
    outer loop
      vertex 4.5 11.5 5.990392640201615
      vertex 23.5413704172945 11.40437098159515 5.990392640201615
      vertex 0.4024548389919359 18.5 5.990392640201615
    endloop
  endfacet
  facet normal 0 0 1
    outer loop
      vertex 23.5413704172945 11.40437098159515 5.990392640201615
      vertex 0.4098800222491315 18.53732891702517 5.990392640201615
      vertex 0.4024548389919359 18.5 5.990392640201615
    endloop
  endfacet
  facet normal 0 0 1
    outer loop
      vertex 23.5413704172945 11.40437098159515 5.990392640201615
      vertex 0.43102515517926426 18.568974844820737 5.990392640201615
      vertex 0.4098800222491315 18.53732891702517 5.990392640201615
    endloop
  endfacet
  facet normal 0 0 1
    outer loop
      vertex 23.5413704172945 11.40437098159515 5.990392640201615
      vertex 0.46267108297482873 18.59011997775087 5.990392640201615
      vertex 0.43102515517926426 18.568974844820737 5.990392640201615
    endloop
  endfacet
  facet normal 0 0 1
    outer loop
      vertex 23.5413704172945 11.40437098159515 5.990392640201615
      vertex 0.5 18.597545161008064 5.990392640201615
      vertex 0.46267108297482873 18.59011997775087 5.990392640201615
    endloop
  endfacet
  facet normal 0 0 1
    outer loop
      vertex 23.5413704172945 11.40437098159515 5.990392640201615
      vertex 7 18.5 5.990392640201615
      vertex 0.5 18.597545161008064 5.990392640201615
    endloop
  endfacet
  facet normal 0 -0.9238795325112865 0.3826834323650903
    outer loop
      vertex 0.5 0.009607359798384785 5.597545161008064
      vertex 58.5 0.08426519384872738 5.777785116509801
      vertex 0.5 0.08426519384872738 5.777785116509801
    endloop
  endfacet
  facet normal 0 -0.7071067811865482 0.7071067811865468
    outer loop
      vertex 0.5 0.08426519384872738 5.777785116509801
      vertex 58.5 0.08426519384872738 5.777785116509801
      vertex 0.5 0.2222148834901989 5.9157348061512725
    endloop
  endfacet
  facet normal 0 0 1
    outer loop
      vertex 0.43102515517926426 0.43102515517926426 5.990392640201615
      vertex 58.59011997775087 0.46267108297482873 5.990392640201615
      vertex 0.4098800222491315 0.46267108297482873 5.990392640201615
    endloop
  endfacet
  facet normal 0 0 1
    outer loop
      vertex 0.4098800222491315 0.46267108297482873 5.990392640201615
      vertex 58.59011997775087 0.46267108297482873 5.990392640201615
      vertex 0.4024548389919359 0.5 5.990392640201615
    endloop
  endfacet
  facet normal 0 -0.38268343236509045 0.9238795325112865
    outer loop
      vertex 0.5 0.2222148834901989 5.9157348061512725
      vertex 58.5 0.4024548389919359 5.990392640201615
      vertex 0.5 0.4024548389919359 5.990392640201615
    endloop
  endfacet
  facet normal 0 0 1
    outer loop
      vertex 0.46267108297482873 0.4098800222491315 5.990392640201615
      vertex 0.5 0.4024548389919359 5.990392640201615
      vertex 58.59011997775087 0.46267108297482873 5.990392640201615
    endloop
  endfacet
  facet normal 0 0 1
    outer loop
      vertex 0.46267108297482873 0.4098800222491315 5.990392640201615
      vertex 58.59011997775087 0.46267108297482873 5.990392640201615
      vertex 0.43102515517926426 0.43102515517926426 5.990392640201615
    endloop
  endfacet
  facet normal 0 0 1
    outer loop
      vertex 4.5 7.5 5.990392640201615
      vertex 35.57949741246098 7.59562901840485 5.990392640201615
      vertex 4.5 7.595629018404851 5.990392640201615
    endloop
  endfacet
  facet normal 0 0 1
    outer loop
      vertex 23.5413704172945 11.40437098159515 5.990392640201615
      vertex 52 18.5 5.990392640201615
      vertex 7 18.5 5.990392640201615
    endloop
  endfacet
  facet normal -0.381579531128915 0.07590088788047267 -0.9212144791753945
    outer loop
      vertex 0.4024548389919359 18.5 0.009607359798384785
      vertex 0.24336001642033167 18.606303761845908 0.08426519384872738
      vertex 0.4098800222491315 18.53732891702517 0.009607359798384785
    endloop
  endfacet
  facet normal -0.3815795311289154 0.07590088788047206 -0.9212144791753945
    outer loop
      vertex 0.4024548389919359 18.5 0.009607359798384785
      vertex 0.2222148834901989 18.5 0.08426519384872738
      vertex 0.24336001642033167 18.606303761845908 0.08426519384872738
    endloop
  endfacet
  facet normal -0.7002145072825533 0.13928132531715273 -0.7002145072825533
    outer loop
      vertex 0.2222148834901989 18.5 0.08426519384872738
      vertex 0.08426519384872738 18.5 0.2222148834901989
      vertex 0.24336001642033167 18.606303761845908 0.08426519384872738
    endloop
  endfacet
  facet normal -0.3234875065416037 0.2161474415048697 -0.9212144791753953
    outer loop
      vertex 0.4098800222491315 18.53732891702517 0.009607359798384785
      vertex 0.24336001642033167 18.606303761845908 0.08426519384872738
      vertex 0.43102515517926426 18.568974844820737 0.009607359798384785
    endloop
  endfacet
  facet normal -0.216147441504883 0.3234875065416009 -0.9212144791753931
    outer loop
      vertex 0.43102515517926426 18.568974844820737 0.009607359798384785
      vertex 0.3035762604032245 18.696423739596774 0.08426519384872738
      vertex 0.46267108297482873 18.59011997775087 0.009607359798384785
    endloop
  endfacet
  facet normal -0.07590088788045471 0.3815795311289165 -0.9212144791753953
    outer loop
      vertex 0.46267108297482873 18.59011997775087 0.009607359798384785
      vertex 0.5 18.7777851165098 0.08426519384872738
      vertex 0.5 18.597545161008064 0.009607359798384785
    endloop
  endfacet
  facet normal -0.3234875065416007 0.21614744150488166 -0.9212144791753936
    outer loop
      vertex 0.43102515517926426 18.568974844820737 0.009607359798384785
      vertex 0.24336001642033167 18.606303761845908 0.08426519384872738
      vertex 0.3035762604032245 18.696423739596774 0.08426519384872738
    endloop
  endfacet
  facet normal -0.21614744150488044 0.32348750654160435 -0.9212144791753925
    outer loop
      vertex 0.46267108297482873 18.59011997775087 0.009607359798384785
      vertex 0.3035762604032245 18.696423739596774 0.08426519384872738
      vertex 0.39369623815409294 18.756639983579667 0.08426519384872738
    endloop
  endfacet
  facet normal -0.07590088788047535 0.38157953112891946 -0.9212144791753925
    outer loop
      vertex 0.46267108297482873 18.59011997775087 0.009607359798384785
      vertex 0.39369623815409294 18.756639983579667 0.08426519384872738
      vertex 0.5 18.7777851165098 0.08426519384872738
    endloop
  endfacet
  facet normal -0.7002145072825537 0.1392813253171544 -0.7002145072825525
    outer loop
      vertex 0.08426519384872738 18.5 0.2222148834901989
      vertex 0.11591112164429185 18.659094822571603 0.2222148834901989
      vertex 0.24336001642033167 18.606303761845908 0.08426519384872738
    endloop
  endfacet
  facet normal -0.5936131960091007 0.39663965676028395 -0.7002145072825507
    outer loop
      vertex 0.24336001642033167 18.606303761845908 0.08426519384872738
      vertex 0.11591112164429185 18.659094822571603 0.2222148834901989
      vertex 0.2060310993951603 18.79396890060484 0.2222148834901989
    endloop
  endfacet
  facet normal -0.5936131960090948 0.3966396567602873 -0.7002145072825536
    outer loop
      vertex 0.24336001642033167 18.606303761845908 0.08426519384872738
      vertex 0.2060310993951603 18.79396890060484 0.2222148834901989
      vertex 0.3035762604032245 18.696423739596774 0.08426519384872738
    endloop
  endfacet
  facet normal -0.39663965676028146 0.5936131960090963 -0.7002145072825556
    outer loop
      vertex 0.3035762604032245 18.696423739596774 0.08426519384872738
      vertex 0.34090517742839577 18.88408887835571 0.2222148834901989
      vertex 0.39369623815409294 18.756639983579667 0.08426519384872738
    endloop
  endfacet
  facet normal -0.13928132531715612 0.7002145072825476 -0.700214507282558
    outer loop
      vertex 0.39369623815409294 18.756639983579667 0.08426519384872738
      vertex 0.5 18.915734806151274 0.2222148834901989
      vertex 0.5 18.7777851165098 0.08426519384872738
    endloop
  endfacet
  facet normal -0.3966396567602864 0.5936131960090958 -0.7002145072825534
    outer loop
      vertex 0.3035762604032245 18.696423739596774 0.08426519384872738
      vertex 0.2060310993951603 18.79396890060484 0.2222148834901989
      vertex 0.34090517742839577 18.88408887835571 0.2222148834901989
    endloop
  endfacet
  facet normal -0.1392813253171586 0.7002145072825483 -0.7002145072825569
    outer loop
      vertex 0.39369623815409294 18.756639983579667 0.08426519384872738
      vertex 0.34090517742839577 18.88408887835571 0.2222148834901989
      vertex 0.5 18.915734806151274 0.2222148834901989
    endloop
  endfacet
  facet normal -0.9086633352183295 0.1807443751593748 -0.3763806770786045
    outer loop
      vertex 0.08426519384872738 18.5 0.2222148834901989
      vertex 0.04693627682355611 18.687665138758934 0.4024548389919359
      vertex 0.11591112164429185 18.659094822571603 0.2222148834901989
    endloop
  endfacet
  facet normal -0.9086633352183309 0.18074437515937267 -0.3763806770786026
    outer loop
      vertex 0.08426519384872738 18.5 0.2222148834901989
      vertex 0.009607359798384785 18.5 0.4024548389919359
      vertex 0.04693627682355611 18.687665138758934 0.4024548389919359
    endloop
  endfacet
  facet normal -0.7703275794849826 0.5147164328119478 -0.37638067707860823
    outer loop
      vertex 0.11591112164429185 18.659094822571603 0.2222148834901989
      vertex 0.04693627682355611 18.687665138758934 0.4024548389919359
      vertex 0.2060310993951603 18.79396890060484 0.2222148834901989
    endloop
  endfacet
  facet normal -0.7703275794849822 0.5147164328119487 -0.3763806770786075
    outer loop
      vertex 0.2060310993951603 18.79396890060484 0.2222148834901989
      vertex 0.04693627682355611 18.687665138758934 0.4024548389919359
      vertex 0.15324003866946312 18.846759961330537 0.4024548389919359
    endloop
  endfacet
  facet normal -0.5147164328119525 0.7703275794849784 -0.3763806770786103
    outer loop
      vertex 0.2060310993951603 18.79396890060484 0.2222148834901989
      vertex 0.15324003866946312 18.846759961330537 0.4024548389919359
      vertex 0.34090517742839577 18.88408887835571 0.2222148834901989
    endloop
  endfacet
  facet normal -0.18074437515938122 0.908663335218327 -0.37638067707860756
    outer loop
      vertex 0.34090517742839577 18.88408887835571 0.2222148834901989
      vertex 0.31233486124106735 18.953063723176445 0.4024548389919359
      vertex 0.5 18.915734806151274 0.2222148834901989
    endloop
  endfacet
  facet normal -0.5147164328119492 0.7703275794849824 -0.37638067707860623
    outer loop
      vertex 0.34090517742839577 18.88408887835571 0.2222148834901989
      vertex 0.15324003866946312 18.846759961330537 0.4024548389919359
      vertex 0.31233486124106735 18.953063723176445 0.4024548389919359
    endloop
  endfacet
  facet normal -0.18074437515937244 0.9086633352183322 -0.3763806770785995
    outer loop
      vertex 0.5 18.915734806151274 0.2222148834901989
      vertex 0.31233486124106735 18.953063723176445 0.4024548389919359
      vertex 0.5 18.990392640201616 0.4024548389919359
    endloop
  endfacet
  facet normal 0 0.3826834323650903 -0.9238795325112865
    outer loop
      vertex 0.5 18.597545161008064 0.009607359798384785
      vertex 0.5 18.7777851165098 0.08426519384872738
      vertex 7 18.597545161008064 0.009607359798384785
    endloop
  endfacet
  facet normal 0 0.7071067811865424 -0.7071067811865528
    outer loop
      vertex 0.5 18.7777851165098 0.08426519384872738
      vertex 0.5 18.915734806151274 0.2222148834901989
      vertex 7 18.7777851165098 0.08426519384872738
    endloop
  endfacet
  facet normal 0 0.9238795325112881 -0.38268343236508656
    outer loop
      vertex 0.5 18.915734806151274 0.2222148834901989
      vertex 0.5 18.990392640201616 0.4024548389919359
      vertex 7 18.915734806151274 0.2222148834901989
    endloop
  endfacet
  facet normal 0 0 -1
    outer loop
      vertex 0.5 18.597545161008064 0.009607359798384785
      vertex 7 18.597545161008064 0.009607359798384785
      vertex 7 18.5 0.009607359798384785
    endloop
  endfacet
  facet normal 0 0.3826834323650903 -0.9238795325112865
    outer loop
      vertex 0.5 18.7777851165098 0.08426519384872738
      vertex 7 18.7777851165098 0.08426519384872738
      vertex 7 18.597545161008064 0.009607359798384785
    endloop
  endfacet
  facet normal 0 0.7071067811865424 -0.7071067811865528
    outer loop
      vertex 0.5 18.915734806151274 0.2222148834901989
      vertex 7 18.915734806151274 0.2222148834901989
      vertex 7 18.7777851165098 0.08426519384872738
    endloop
  endfacet
  facet normal 0 0.9238795325112881 -0.38268343236508656
    outer loop
      vertex 0.5 18.990392640201616 0.4024548389919359
      vertex 7 18.990392640201616 0.4024548389919359
      vertex 7 18.915734806151274 0.2222148834901989
    endloop
  endfacet
  facet normal 0 1 0
    outer loop
      vertex 0.5 18.990392640201616 0.4024548389919359
      vertex 7 18.990392640201616 1
      vertex 7 18.990392640201616 0.4024548389919359
    endloop
  endfacet
  facet normal -0.9807852804032308 0.19509032201612692 0
    outer loop
      vertex 0.009607359798384785 18.5 0.4024548389919359
      vertex 0.04693627682355611 18.687665138758934 5.597545161008064
      vertex 0.04693627682355611 18.687665138758934 0.4024548389919359
    endloop
  endfacet
  facet normal -0.8314696123025439 0.5555702330196042 0
    outer loop
      vertex 0.04693627682355611 18.687665138758934 0.4024548389919359
      vertex 0.04693627682355611 18.687665138758934 5.597545161008064
      vertex 0.15324003866946312 18.846759961330537 0.4024548389919359
    endloop
  endfacet
  facet normal -0.5555702330196046 0.8314696123025436 0
    outer loop
      vertex 0.15324003866946312 18.846759961330537 0.4024548389919359
      vertex 0.31233486124106735 18.953063723176445 5.597545161008064
      vertex 0.31233486124106735 18.953063723176445 0.4024548389919359
    endloop
  endfacet
  facet normal -0.19509032201612642 0.9807852804032309 0
    outer loop
      vertex 0.31233486124106735 18.953063723176445 0.4024548389919359
      vertex 0.31233486124106735 18.953063723176445 5.597545161008064
      vertex 0.5 18.990392640201616 0.4024548389919359
    endloop
  endfacet
  facet normal 0 1 0
    outer loop
      vertex 0.5 18.990392640201616 0.4024548389919359
      vertex 0.5 18.990392640201616 5.597545161008064
      vertex 7 18.990392640201616 1
    endloop
  endfacet
  facet normal -0.9807852804032308 0.19509032201612692 0
    outer loop
      vertex 0.009607359798384785 18.5 0.4024548389919359
      vertex 0.009607359798384785 18.5 5.597545161008064
      vertex 0.04693627682355611 18.687665138758934 5.597545161008064
    endloop
  endfacet
  facet normal -0.8314696123025439 0.5555702330196042 0
    outer loop
      vertex 0.15324003866946312 18.846759961330537 0.4024548389919359
      vertex 0.04693627682355611 18.687665138758934 5.597545161008064
      vertex 0.15324003866946312 18.846759961330537 5.597545161008064
    endloop
  endfacet
  facet normal -0.5555702330196046 0.8314696123025436 0
    outer loop
      vertex 0.15324003866946312 18.846759961330537 0.4024548389919359
      vertex 0.15324003866946312 18.846759961330537 5.597545161008064
      vertex 0.31233486124106735 18.953063723176445 5.597545161008064
    endloop
  endfacet
  facet normal -0.19509032201612642 0.9807852804032309 0
    outer loop
      vertex 0.5 18.990392640201616 0.4024548389919359
      vertex 0.31233486124106735 18.953063723176445 5.597545161008064
      vertex 0.5 18.990392640201616 5.597545161008064
    endloop
  endfacet
  facet normal 0 1 0
    outer loop
      vertex 0.5 18.990392640201616 5.597545161008064
      vertex 7 18.990392640201616 5.5
      vertex 7 18.990392640201616 1
    endloop
  endfacet
  facet normal -0.7002145072825539 0.13928132531715276 0.7002145072825524
    outer loop
      vertex 0.08426519384872738 18.5 5.777785116509801
      vertex 0.2222148834901989 18.5 5.9157348061512725
      vertex 0.24336001642033167 18.606303761845908 5.9157348061512725
    endloop
  endfacet
  facet normal -0.3815795311289161 0.07590088788047221 0.9212144791753941
    outer loop
      vertex 0.2222148834901989 18.5 5.9157348061512725
      vertex 0.4024548389919359 18.5 5.990392640201615
      vertex 0.24336001642033167 18.606303761845908 5.9157348061512725
    endloop
  endfacet
  facet normal -0.38157953112891574 0.07590088788047282 0.9212144791753941
    outer loop
      vertex 0.4024548389919359 18.5 5.990392640201615
      vertex 0.4098800222491315 18.53732891702517 5.990392640201615
      vertex 0.24336001642033167 18.606303761845908 5.9157348061512725
    endloop
  endfacet
  facet normal -0.9086633352183306 0.18074437515937264 0.37638067707860323
    outer loop
      vertex 0.009607359798384785 18.5 5.597545161008064
      vertex 0.08426519384872738 18.5 5.777785116509801
      vertex 0.04693627682355611 18.687665138758934 5.597545161008064
    endloop
  endfacet
  facet normal -0.9086633352183294 0.18074437515937478 0.3763806770786052
    outer loop
      vertex 0.08426519384872738 18.5 5.777785116509801
      vertex 0.11591112164429185 18.659094822571603 5.777785116509801
      vertex 0.04693627682355611 18.687665138758934 5.597545161008064
    endloop
  endfacet
  facet normal -0.7703275794849821 0.5147164328119486 0.3763806770786081
    outer loop
      vertex 0.04693627682355611 18.687665138758934 5.597545161008064
      vertex 0.2060310993951603 18.79396890060484 5.777785116509801
      vertex 0.15324003866946312 18.846759961330537 5.597545161008064
    endloop
  endfacet
  facet normal -0.7703275794849822 0.5147164328119477 0.3763806770786087
    outer loop
      vertex 0.04693627682355611 18.687665138758934 5.597545161008064
      vertex 0.11591112164429185 18.659094822571603 5.777785116509801
      vertex 0.2060310993951603 18.79396890060484 5.777785116509801
    endloop
  endfacet
  facet normal -0.5147164328119522 0.7703275794849782 0.37638067707861084
    outer loop
      vertex 0.15324003866946312 18.846759961330537 5.597545161008064
      vertex 0.2060310993951603 18.79396890060484 5.777785116509801
      vertex 0.34090517742839577 18.88408887835571 5.777785116509801
    endloop
  endfacet
  facet normal -0.5147164328119492 0.7703275794849822 0.37638067707860684
    outer loop
      vertex 0.15324003866946312 18.846759961330537 5.597545161008064
      vertex 0.34090517742839577 18.88408887835571 5.777785116509801
      vertex 0.31233486124106735 18.953063723176445 5.597545161008064
    endloop
  endfacet
  facet normal -0.18074437515938113 0.9086633352183268 0.3763806770786082
    outer loop
      vertex 0.31233486124106735 18.953063723176445 5.597545161008064
      vertex 0.34090517742839577 18.88408887835571 5.777785116509801
      vertex 0.5 18.915734806151274 5.777785116509801
    endloop
  endfacet
  facet normal -0.1807443751593724 0.9086633352183319 0.37638067707860007
    outer loop
      vertex 0.31233486124106735 18.953063723176445 5.597545161008064
      vertex 0.5 18.915734806151274 5.777785116509801
      vertex 0.5 18.990392640201616 5.597545161008064
    endloop
  endfacet
  facet normal -0.7002145072825542 0.1392813253171545 0.7002145072825517
    outer loop
      vertex 0.08426519384872738 18.5 5.777785116509801
      vertex 0.24336001642033167 18.606303761845908 5.9157348061512725
      vertex 0.11591112164429185 18.659094822571603 5.777785116509801
    endloop
  endfacet
  facet normal -0.5936131960091011 0.39663965676028434 0.70021450728255
    outer loop
      vertex 0.11591112164429185 18.659094822571603 5.777785116509801
      vertex 0.24336001642033167 18.606303761845908 5.9157348061512725
      vertex 0.2060310993951603 18.79396890060484 5.777785116509801
    endloop
  endfacet
  facet normal -0.39663965676028673 0.5936131960090963 0.7002145072825526
    outer loop
      vertex 0.2060310993951603 18.79396890060484 5.777785116509801
      vertex 0.3035762604032245 18.696423739596774 5.9157348061512725
      vertex 0.34090517742839577 18.88408887835571 5.777785116509801
    endloop
  endfacet
  facet normal -0.5936131960090955 0.3966396567602876 0.700214507282553
    outer loop
      vertex 0.2060310993951603 18.79396890060484 5.777785116509801
      vertex 0.24336001642033167 18.606303761845908 5.9157348061512725
      vertex 0.3035762604032245 18.696423739596774 5.9157348061512725
    endloop
  endfacet
  facet normal -0.3966396567602819 0.593613196009097 0.700214507282555
    outer loop
      vertex 0.34090517742839577 18.88408887835571 5.777785116509801
      vertex 0.3035762604032245 18.696423739596774 5.9157348061512725
      vertex 0.39369623815409294 18.756639983579667 5.9157348061512725
    endloop
  endfacet
  facet normal -0.13928132531715634 0.7002145072825483 0.7002145072825573
    outer loop
      vertex 0.5 18.915734806151274 5.777785116509801
      vertex 0.39369623815409294 18.756639983579667 5.9157348061512725
      vertex 0.5 18.7777851165098 5.9157348061512725
    endloop
  endfacet
  facet normal -0.3234875065416013 0.2161474415048821 0.9212144791753932
    outer loop
      vertex 0.24336001642033167 18.606303761845908 5.9157348061512725
      vertex 0.43102515517926426 18.568974844820737 5.990392640201615
      vertex 0.3035762604032245 18.696423739596774 5.9157348061512725
    endloop
  endfacet
  facet normal -0.21614744150488083 0.323487506541605 0.9212144791753922
    outer loop
      vertex 0.3035762604032245 18.696423739596774 5.9157348061512725
      vertex 0.46267108297482873 18.59011997775087 5.990392640201615
      vertex 0.39369623815409294 18.756639983579667 5.9157348061512725
    endloop
  endfacet
  facet normal -0.0759008878804755 0.3815795311289201 0.9212144791753921
    outer loop
      vertex 0.39369623815409294 18.756639983579667 5.9157348061512725
      vertex 0.46267108297482873 18.59011997775087 5.990392640201615
      vertex 0.5 18.7777851165098 5.9157348061512725
    endloop
  endfacet
  facet normal -0.1392813253171588 0.7002145072825491 0.7002145072825562
    outer loop
      vertex 0.34090517742839577 18.88408887835571 5.777785116509801
      vertex 0.39369623815409294 18.756639983579667 5.9157348061512725
      vertex 0.5 18.915734806151274 5.777785116509801
    endloop
  endfacet
  facet normal -0.3234875065416043 0.2161474415048701 0.921214479175395
    outer loop
      vertex 0.4098800222491315 18.53732891702517 5.990392640201615
      vertex 0.43102515517926426 18.568974844820737 5.990392640201615
      vertex 0.24336001642033167 18.606303761845908 5.9157348061512725
    endloop
  endfacet
  facet normal -0.21614744150488344 0.3234875065416016 0.9212144791753928
    outer loop
      vertex 0.3035762604032245 18.696423739596774 5.9157348061512725
      vertex 0.43102515517926426 18.568974844820737 5.990392640201615
      vertex 0.46267108297482873 18.59011997775087 5.990392640201615
    endloop
  endfacet
  facet normal -0.07590088788045497 0.38157953112891724 0.921214479175395
    outer loop
      vertex 0.5 18.7777851165098 5.9157348061512725
      vertex 0.46267108297482873 18.59011997775087 5.990392640201615
      vertex 0.5 18.597545161008064 5.990392640201615
    endloop
  endfacet
  facet normal 0 0.9238795325112878 0.3826834323650872
    outer loop
      vertex 0.5 18.990392640201616 5.597545161008064
      vertex 0.5 18.915734806151274 5.777785116509801
      vertex 7 18.990392640201616 5.597545161008064
    endloop
  endfacet
  facet normal 0 0.382683432365091 0.9238795325112862
    outer loop
      vertex 0.5 18.7777851165098 5.9157348061512725
      vertex 0.5 18.597545161008064 5.990392640201615
      vertex 7 18.7777851165098 5.9157348061512725
    endloop
  endfacet
  facet normal 0 0.7071067811865429 0.707106781186552
    outer loop
      vertex 0.5 18.915734806151274 5.777785116509801
      vertex 0.5 18.7777851165098 5.9157348061512725
      vertex 7 18.915734806151274 5.777785116509801
    endloop
  endfacet
  facet normal 0 1 0
    outer loop
      vertex 0.5 18.990392640201616 5.597545161008064
      vertex 7 18.990392640201616 5.597545161008064
      vertex 7 18.990392640201616 5.5
    endloop
  endfacet
  facet normal 0 0.9238795325112878 0.3826834323650872
    outer loop
      vertex 0.5 18.915734806151274 5.777785116509801
      vertex 7 18.915734806151274 5.777785116509801
      vertex 7 18.990392640201616 5.597545161008064
    endloop
  endfacet
  facet normal 0 0.7071067811865429 0.707106781186552
    outer loop
      vertex 0.5 18.7777851165098 5.9157348061512725
      vertex 7 18.7777851165098 5.9157348061512725
      vertex 7 18.915734806151274 5.777785116509801
    endloop
  endfacet
  facet normal 0 0 1
    outer loop
      vertex 0.5 18.597545161008064 5.990392640201615
      vertex 7 18.5 5.990392640201615
      vertex 7 18.597545161008064 5.990392640201615
    endloop
  endfacet
  facet normal 0 0.382683432365091 0.9238795325112862
    outer loop
      vertex 0.5 18.597545161008064 5.990392640201615
      vertex 7 18.597545161008064 5.990392640201615
      vertex 7 18.7777851165098 5.9157348061512725
    endloop
  endfacet
  facet normal 0 1 0
    outer loop
      vertex 7 18.990392640201616 1
      vertex 7 18.990392640201616 5.5
      vertex 52 18.990392640201616 5.5
    endloop
  endfacet
  facet normal 0 0 -1
    outer loop
      vertex 0.4098800222491315 0.46267108297482873 0.009607359798384785
      vertex 46.44566933016895 7.595629018404851 0.009607359798384785
      vertex 58.597545161008064 0.5 0.009607359798384785
    endloop
  endfacet
  facet normal 0 -0.3826834323650897 -0.9238795325112868
    outer loop
      vertex 0.5 0.4024548389919359 0.009607359798384785
      vertex 58.5 0.4024548389919359 0.009607359798384785
      vertex 58.5 0.2222148834901989 0.08426519384872738
    endloop
  endfacet
  facet normal 0 0 -1
    outer loop
      vertex 0.4098800222491315 0.46267108297482873 0.009607359798384785
      vertex 58.53732891702517 0.4098800222491315 0.009607359798384785
      vertex 58.5 0.4024548389919359 0.009607359798384785
    endloop
  endfacet
  facet normal 0 0 -1
    outer loop
      vertex 0.4098800222491315 0.46267108297482873 0.009607359798384785
      vertex 58.56897484482074 0.43102515517926426 0.009607359798384785
      vertex 58.53732891702517 0.4098800222491315 0.009607359798384785
    endloop
  endfacet
  facet normal 0 0 -1
    outer loop
      vertex 0.4098800222491315 0.46267108297482873 0.009607359798384785
      vertex 58.59011997775087 0.46267108297482873 0.009607359798384785
      vertex 58.56897484482074 0.43102515517926426 0.009607359798384785
    endloop
  endfacet
  facet normal 0 0 -1
    outer loop
      vertex 0.4098800222491315 0.46267108297482873 0.009607359798384785
      vertex 58.597545161008064 0.5 0.009607359798384785
      vertex 58.59011997775087 0.46267108297482873 0.009607359798384785
    endloop
  endfacet
  facet normal 0 -0.7071067811865475 -0.7071067811865475
    outer loop
      vertex 0.5 0.2222148834901989 0.08426519384872738
      vertex 58.5 0.2222148834901989 0.08426519384872738
      vertex 58.5 0.08426519384872738 0.2222148834901989
    endloop
  endfacet
  facet normal 0 -0.9238795325112868 -0.3826834323650897
    outer loop
      vertex 0.5 0.009607359798384785 0.4024548389919359
      vertex 58.5 0.08426519384872738 0.2222148834901989
      vertex 58.5 0.009607359798384785 0.4024548389919359
    endloop
  endfacet
  facet normal 0 0 -1
    outer loop
      vertex 12.554330669831055 11.40437098159515 0.009607359798384785
      vertex 54.5 11.5 0.009607359798384785
      vertex 54.5 11.40437098159515 0.009607359798384785
    endloop
  endfacet
  facet normal 0 0 -1
    outer loop
      vertex 12.554330669831055 11.40437098159515 0.009607359798384785
      vertex 58.597545161008064 18.5 0.009607359798384785
      vertex 54.5 11.5 0.009607359798384785
    endloop
  endfacet
  facet normal 0 0 -1
    outer loop
      vertex 12.554330669831055 11.40437098159515 0.009607359798384785
      vertex 52 18.5 0.009607359798384785
      vertex 58.5 18.597545161008064 0.009607359798384785
    endloop
  endfacet
  facet normal 0 0 -1
    outer loop
      vertex 12.554330669831055 11.40437098159515 0.009607359798384785
      vertex 58.5 18.597545161008064 0.009607359798384785
      vertex 58.53732891702517 18.59011997775087 0.009607359798384785
    endloop
  endfacet
  facet normal 0 0 -1
    outer loop
      vertex 12.554330669831055 11.40437098159515 0.009607359798384785
      vertex 58.59011997775087 18.53732891702517 0.009607359798384785
      vertex 58.597545161008064 18.5 0.009607359798384785
    endloop
  endfacet
  facet normal 0 0 -1
    outer loop
      vertex 12.554330669831055 11.40437098159515 0.009607359798384785
      vertex 58.56897484482074 18.568974844820737 0.009607359798384785
      vertex 58.59011997775087 18.53732891702517 0.009607359798384785
    endloop
  endfacet
  facet normal 0 0 -1
    outer loop
      vertex 12.554330669831055 11.40437098159515 0.009607359798384785
      vertex 58.53732891702517 18.59011997775087 0.009607359798384785
      vertex 58.56897484482074 18.568974844820737 0.009607359798384785
    endloop
  endfacet
  facet normal 0.2161474415048697 -0.3234875065416037 -0.9212144791753953
    outer loop
      vertex 58.53732891702517 0.4098800222491315 0.009607359798384785
      vertex 58.56897484482074 0.43102515517926426 0.009607359798384785
      vertex 58.60630376184591 0.24336001642033167 0.08426519384872738
    endloop
  endfacet
  facet normal 0.07590088788047267 -0.381579531128915 -0.9212144791753945
    outer loop
      vertex 58.5 0.4024548389919359 0.009607359798384785
      vertex 58.53732891702517 0.4098800222491315 0.009607359798384785
      vertex 58.60630376184591 0.24336001642033167 0.08426519384872738
    endloop
  endfacet
  facet normal 0.3234875065416106 -0.21614744150485318 -0.9212144791753967
    outer loop
      vertex 58.56897484482074 0.43102515517926426 0.009607359798384785
      vertex 58.59011997775087 0.46267108297482873 0.009607359798384785
      vertex 58.75663998357967 0.39369623815409294 0.08426519384872738
    endloop
  endfacet
  facet normal 0.38157953112890736 -0.0759008878804892 -0.9212144791753962
    outer loop
      vertex 58.59011997775087 0.46267108297482873 0.009607359798384785
      vertex 58.597545161008064 0.5 0.009607359798384785
      vertex 58.75663998357967 0.39369623815409294 0.08426519384872738
    endloop
  endfacet
  facet normal 0.13928132531715273 -0.7002145072825533 -0.7002145072825533
    outer loop
      vertex 58.5 0.2222148834901989 0.08426519384872738
      vertex 58.60630376184591 0.24336001642033167 0.08426519384872738
      vertex 58.5 0.08426519384872738 0.2222148834901989
    endloop
  endfacet
  facet normal 0.3966396567602873 -0.5936131960090948 -0.7002145072825536
    outer loop
      vertex 58.60630376184591 0.24336001642033167 0.08426519384872738
      vertex 58.696423739596774 0.3035762604032245 0.08426519384872738
      vertex 58.79396890060484 0.2060310993951603 0.2222148834901989
    endloop
  endfacet
  facet normal 0.13928132531715437 -0.7002145072825537 -0.7002145072825525
    outer loop
      vertex 58.60630376184591 0.24336001642033167 0.08426519384872738
      vertex 58.6590948225716 0.11591112164429185 0.2222148834901989
      vertex 58.5 0.08426519384872738 0.2222148834901989
    endloop
  endfacet
  facet normal 0.39663965676028395 -0.5936131960091007 -0.7002145072825507
    outer loop
      vertex 58.60630376184591 0.24336001642033167 0.08426519384872738
      vertex 58.79396890060484 0.2060310993951603 0.2222148834901989
      vertex 58.6590948225716 0.11591112164429185 0.2222148834901989
    endloop
  endfacet
  facet normal 0.07590088788047206 -0.3815795311289154 -0.9212144791753945
    outer loop
      vertex 58.5 0.4024548389919359 0.009607359798384785
      vertex 58.60630376184591 0.24336001642033167 0.08426519384872738
      vertex 58.5 0.2222148834901989 0.08426519384872738
    endloop
  endfacet
  facet normal 0.21614744150488166 -0.3234875065416007 -0.9212144791753936
    outer loop
      vertex 58.56897484482074 0.43102515517926426 0.009607359798384785
      vertex 58.696423739596774 0.3035762604032245 0.08426519384872738
      vertex 58.60630376184591 0.24336001642033167 0.08426519384872738
    endloop
  endfacet
  facet normal 0.3234875065416038 -0.21614744150488005 -0.9212144791753928
    outer loop
      vertex 58.56897484482074 0.43102515517926426 0.009607359798384785
      vertex 58.75663998357967 0.39369623815409294 0.08426519384872738
      vertex 58.696423739596774 0.3035762604032245 0.08426519384872738
    endloop
  endfacet
  facet normal 0.38157953112890913 -0.07590088788048606 -0.9212144791753958
    outer loop
      vertex 58.597545161008064 0.5 0.009607359798384785
      vertex 58.777785116509804 0.5 0.08426519384872738
      vertex 58.75663998357967 0.39369623815409294 0.08426519384872738
    endloop
  endfacet
  facet normal 0.5936131960090986 -0.3966396567602829 -0.7002145072825531
    outer loop
      vertex 58.696423739596774 0.3035762604032245 0.08426519384872738
      vertex 58.75663998357967 0.39369623815409294 0.08426519384872738
      vertex 58.79396890060484 0.2060310993951603 0.2222148834901989
    endloop
  endfacet
  facet normal 0.5936131960091068 -0.3966396567602781 -0.7002145072825487
    outer loop
      vertex 58.75663998357967 0.39369623815409294 0.08426519384872738
      vertex 58.884088878355705 0.34090517742839577 0.2222148834901989
      vertex 58.79396890060484 0.2060310993951603 0.2222148834901989
    endloop
  endfacet
  facet normal 0.7002145072825512 -0.13928132531718024 -0.7002145072825497
    outer loop
      vertex 58.75663998357967 0.39369623815409294 0.08426519384872738
      vertex 58.777785116509804 0.5 0.08426519384872738
      vertex 58.884088878355705 0.34090517742839577 0.2222148834901989
    endloop
  endfacet
  facet normal 0.7002145072825652 -0.13928132531716203 -0.7002145072825395
    outer loop
      vertex 58.777785116509804 0.5 0.08426519384872738
      vertex 58.91573480615127 0.5 0.2222148834901989
      vertex 58.884088878355705 0.34090517742839577 0.2222148834901989
    endloop
  endfacet
  facet normal 0.18074437515937494 -0.9086633352183303 -0.37638067707860234
    outer loop
      vertex 58.5 0.08426519384872738 0.2222148834901989
      vertex 58.6590948225716 0.11591112164429185 0.2222148834901989
      vertex 58.5 0.009607359798384785 0.4024548389919359
    endloop
  endfacet
  facet normal 0.5147164328119498 -0.7703275794849855 -0.37638067707859946
    outer loop
      vertex 58.6590948225716 0.11591112164429185 0.2222148834901989
      vertex 58.79396890060484 0.2060310993951603 0.2222148834901989
      vertex 58.68766513875893 0.04693627682355611 0.4024548389919359
    endloop
  endfacet
  facet normal 0.18074437515937603 -0.9086633352183306 -0.37638067707860157
    outer loop
      vertex 58.6590948225716 0.11591112164429185 0.2222148834901989
      vertex 58.68766513875893 0.04693627682355611 0.4024548389919359
      vertex 58.5 0.009607359798384785 0.4024548389919359
    endloop
  endfacet
  facet normal 0.5147164328119506 -0.7703275794849852 -0.37638067707859874
    outer loop
      vertex 58.79396890060484 0.2060310993951603 0.2222148834901989
      vertex 58.846759961330534 0.15324003866946312 0.4024548389919359
      vertex 58.68766513875893 0.04693627682355611 0.4024548389919359
    endloop
  endfacet
  facet normal 0.7703275794849855 -0.5147164328119515 -0.3763806770785969
    outer loop
      vertex 58.79396890060484 0.2060310993951603 0.2222148834901989
      vertex 58.95306372317644 0.31233486124106735 0.4024548389919359
      vertex 58.846759961330534 0.15324003866946312 0.4024548389919359
    endloop
  endfacet
  facet normal 0.7703275794849889 -0.5147164328119391 -0.3763806770786071
    outer loop
      vertex 58.79396890060484 0.2060310993951603 0.2222148834901989
      vertex 58.884088878355705 0.34090517742839577 0.2222148834901989
      vertex 58.95306372317644 0.31233486124106735 0.4024548389919359
    endloop
  endfacet
  facet normal 0.908663335218327 -0.18074437515938122 -0.37638067707860756
    outer loop
      vertex 58.884088878355705 0.34090517742839577 0.2222148834901989
      vertex 58.91573480615127 0.5 0.2222148834901989
      vertex 58.95306372317644 0.31233486124106735 0.4024548389919359
    endloop
  endfacet
  facet normal 0.9086633352183322 -0.18074437515937244 -0.3763806770785995
    outer loop
      vertex 58.91573480615127 0.5 0.2222148834901989
      vertex 58.99039264020161 0.5 0.4024548389919359
      vertex 58.95306372317644 0.31233486124106735 0.4024548389919359
    endloop
  endfacet
  facet normal 0 0 -1
    outer loop
      vertex 46.44566933016895 7.595629018404851 0.009607359798384785
      vertex 54.5 7.5 0.009607359798384785
      vertex 58.597545161008064 0.5 0.009607359798384785
    endloop
  endfacet
  facet normal 0 0 -1
    outer loop
      vertex 46.44566933016895 7.595629018404851 0.009607359798384785
      vertex 54.5 7.595629018404851 0.009607359798384785
      vertex 54.5 7.5 0.009607359798384785
    endloop
  endfacet
  facet normal 0 0 -1
    outer loop
      vertex 54.90437098159515 7.5 0.009607359798384785
      vertex 54.90437098159515 7.595629018404851 0.009607359798384785
      vertex 55 7.595629018404851 0.009607359798384785
    endloop
  endfacet
  facet normal 0 0 -1
    outer loop
      vertex 58.597545161008064 0.5 0.009607359798384785
      vertex 54.5 7.5 0.009607359798384785
      vertex 54.90437098159515 7.5 0.009607359798384785
    endloop
  endfacet
  facet normal 0 0 -1
    outer loop
      vertex 58.597545161008064 0.5 0.009607359798384785
      vertex 54.90437098159515 7.5 0.009607359798384785
      vertex 55 7.595629018404851 0.009607359798384785
    endloop
  endfacet
  facet normal 0 0 -1
    outer loop
      vertex 58.597545161008064 0.5 0.009607359798384785
      vertex 55 7.595629018404851 0.009607359798384785
      vertex 55 8 0.009607359798384785
    endloop
  endfacet
  facet normal 0 0 -1
    outer loop
      vertex 58.597545161008064 0.5 0.009607359798384785
      vertex 55 8 0.009607359798384785
      vertex 54.90437098159515 11 0.009607359798384785
    endloop
  endfacet
  facet normal 0 0 -1
    outer loop
      vertex 58.597545161008064 0.5 0.009607359798384785
      vertex 54.90437098159515 11 0.009607359798384785
      vertex 55 11 0.009607359798384785
    endloop
  endfacet
  facet normal 0 0 -1
    outer loop
      vertex 58.597545161008064 0.5 0.009607359798384785
      vertex 55 11 0.009607359798384785
      vertex 55 11.40437098159515 0.009607359798384785
    endloop
  endfacet
  facet normal 0.38268343236508384 0 -0.9238795325112892
    outer loop
      vertex 58.597545161008064 0.5 0.009607359798384785
      vertex 58.777785116509804 18.5 0.08426519384872738
      vertex 58.777785116509804 0.5 0.08426519384872738
    endloop
  endfacet
  facet normal 0.7071067811865605 0 -0.7071067811865346
    outer loop
      vertex 58.777785116509804 0.5 0.08426519384872738
      vertex 58.91573480615127 18.5 0.2222148834901989
      vertex 58.91573480615127 0.5 0.2222148834901989
    endloop
  endfacet
  facet normal 0.9238795325112881 0 -0.3826834323650865
    outer loop
      vertex 58.91573480615127 0.5 0.2222148834901989
      vertex 58.91573480615127 18.5 0.2222148834901989
      vertex 58.99039264020161 0.5 0.4024548389919359
    endloop
  endfacet
  facet normal 0.19509032201613047 -0.98078528040323 0
    outer loop
      vertex 58.5 0.009607359798384785 0.4024548389919359
      vertex 58.68766513875893 0.04693627682355611 0.4024548389919359
      vertex 58.5 0.009607359798384785 5.597545161008064
    endloop
  endfacet
  facet normal 0.5555702330196042 -0.8314696123025439 0
    outer loop
      vertex 58.68766513875893 0.04693627682355611 0.4024548389919359
      vertex 58.846759961330534 0.15324003866946312 0.4024548389919359
      vertex 58.68766513875893 0.04693627682355611 5.597545161008064
    endloop
  endfacet
  facet normal 0.8314696123025436 -0.5555702330196046 0
    outer loop
      vertex 58.846759961330534 0.15324003866946312 0.4024548389919359
      vertex 58.95306372317644 0.31233486124106735 0.4024548389919359
      vertex 58.95306372317644 0.31233486124106735 5.597545161008064
    endloop
  endfacet
  facet normal 0.9807852804032309 -0.19509032201612642 0
    outer loop
      vertex 58.95306372317644 0.31233486124106735 0.4024548389919359
      vertex 58.99039264020161 0.5 0.4024548389919359
      vertex 58.95306372317644 0.31233486124106735 5.597545161008064
    endloop
  endfacet
  facet normal 0 0 -1
    outer loop
      vertex 54.90437098159515 8 0.009607359798384785
      vertex 54.90437098159515 11 0.009607359798384785
      vertex 55 8 0.009607359798384785
    endloop
  endfacet
  facet normal 0 0 -1
    outer loop
      vertex 54.90437098159515 11.40437098159515 0.009607359798384785
      vertex 54.90437098159515 11.5 0.009607359798384785
      vertex 55 11.40437098159515 0.009607359798384785
    endloop
  endfacet
  facet normal 0 0 -1
    outer loop
      vertex 58.597545161008064 0.5 0.009607359798384785
      vertex 55 11.40437098159515 0.009607359798384785
      vertex 58.597545161008064 18.5 0.009607359798384785
    endloop
  endfacet
  facet normal 0 0 -1
    outer loop
      vertex 54.5 11.5 0.009607359798384785
      vertex 58.597545161008064 18.5 0.009607359798384785
      vertex 54.90437098159515 11.5 0.009607359798384785
    endloop
  endfacet
  facet normal 0 0 -1
    outer loop
      vertex 55 11.40437098159515 0.009607359798384785
      vertex 54.90437098159515 11.5 0.009607359798384785
      vertex 58.597545161008064 18.5 0.009607359798384785
    endloop
  endfacet
  facet normal 0.38268343236508384 0 -0.9238795325112892
    outer loop
      vertex 58.597545161008064 0.5 0.009607359798384785
      vertex 58.597545161008064 18.5 0.009607359798384785
      vertex 58.777785116509804 18.5 0.08426519384872738
    endloop
  endfacet
  facet normal 0.7071067811865605 0 -0.7071067811865346
    outer loop
      vertex 58.777785116509804 0.5 0.08426519384872738
      vertex 58.777785116509804 18.5 0.08426519384872738
      vertex 58.91573480615127 18.5 0.2222148834901989
    endloop
  endfacet
  facet normal 0.9238795325112881 0 -0.3826834323650865
    outer loop
      vertex 58.99039264020161 0.5 0.4024548389919359
      vertex 58.91573480615127 18.5 0.2222148834901989
      vertex 58.99039264020161 18.5 0.4024548389919359
    endloop
  endfacet
  facet normal 1 0 0
    outer loop
      vertex 58.99039264020161 0.5 0.4024548389919359
      vertex 58.99039264020161 18.5 0.4024548389919359
      vertex 58.99039264020161 18.5 5.597545161008064
    endloop
  endfacet
  facet normal 0 -1 0
    outer loop
      vertex 0.5 0.009607359798384785 5.597545161008064
      vertex 58.5 0.009607359798384785 0.4024548389919359
      vertex 58.5 0.009607359798384785 5.597545161008064
    endloop
  endfacet
  facet normal 0 0 1
    outer loop
      vertex 0.4024548389919359 0.5 5.990392640201615
      vertex 58.59011997775087 0.46267108297482873 5.990392640201615
      vertex 35.57949741246098 7.59562901840485 5.990392640201615
    endloop
  endfacet
  facet normal 0 -0.9238795325112865 0.3826834323650903
    outer loop
      vertex 0.5 0.009607359798384785 5.597545161008064
      vertex 58.5 0.009607359798384785 5.597545161008064
      vertex 58.5 0.08426519384872738 5.777785116509801
    endloop
  endfacet
  facet normal 0 -0.7071067811865482 0.7071067811865468
    outer loop
      vertex 0.5 0.2222148834901989 5.9157348061512725
      vertex 58.5 0.08426519384872738 5.777785116509801
      vertex 58.5 0.2222148834901989 5.9157348061512725
    endloop
  endfacet
  facet normal 0 -0.38268343236509045 0.9238795325112865
    outer loop
      vertex 0.5 0.2222148834901989 5.9157348061512725
      vertex 58.5 0.2222148834901989 5.9157348061512725
      vertex 58.5 0.4024548389919359 5.990392640201615
    endloop
  endfacet
  facet normal 0 0 1
    outer loop
      vertex 0.5 0.4024548389919359 5.990392640201615
      vertex 58.5 0.4024548389919359 5.990392640201615
      vertex 58.59011997775087 0.46267108297482873 5.990392640201615
    endloop
  endfacet
  facet normal 0 0 1
    outer loop
      vertex 23.5413704172945 11.40437098159515 5.990392640201615
      vertex 54.5 11.40437098159515 5.990392640201615
      vertex 54.5 11.5 5.990392640201615
    endloop
  endfacet
  facet normal 0.19509032201613047 -0.98078528040323 0
    outer loop
      vertex 58.68766513875893 0.04693627682355611 0.4024548389919359
      vertex 58.68766513875893 0.04693627682355611 5.597545161008064
      vertex 58.5 0.009607359798384785 5.597545161008064
    endloop
  endfacet
  facet normal 0.5555702330196042 -0.8314696123025439 0
    outer loop
      vertex 58.846759961330534 0.15324003866946312 0.4024548389919359
      vertex 58.846759961330534 0.15324003866946312 5.597545161008064
      vertex 58.68766513875893 0.04693627682355611 5.597545161008064
    endloop
  endfacet
  facet normal 0.8314696123025436 -0.5555702330196046 0
    outer loop
      vertex 58.846759961330534 0.15324003866946312 0.4024548389919359
      vertex 58.95306372317644 0.31233486124106735 5.597545161008064
      vertex 58.846759961330534 0.15324003866946312 5.597545161008064
    endloop
  endfacet
  facet normal 0.9807852804032309 -0.19509032201612642 0
    outer loop
      vertex 58.99039264020161 0.5 0.4024548389919359
      vertex 58.99039264020161 0.5 5.597545161008064
      vertex 58.95306372317644 0.31233486124106735 5.597545161008064
    endloop
  endfacet
  facet normal 1 0 0
    outer loop
      vertex 58.99039264020161 0.5 0.4024548389919359
      vertex 58.99039264020161 18.5 5.597545161008064
      vertex 58.99039264020161 0.5 5.597545161008064
    endloop
  endfacet
  facet normal 0 0 1
    outer loop
      vertex 35.57949741246098 7.59562901840485 5.990392640201615
      vertex 58.59011997775087 0.46267108297482873 5.990392640201615
      vertex 54.5 7.5 5.990392640201615
    endloop
  endfacet
  facet normal 0 0 1
    outer loop
      vertex 35.57949741246098 7.59562901840485 5.990392640201615
      vertex 54.5 7.5 5.990392640201615
      vertex 54.5 7.595629018404851 5.990392640201615
    endloop
  endfacet
  facet normal 0.18074437515937597 -0.9086633352183303 0.3763806770786022
    outer loop
      vertex 58.5 0.009607359798384785 5.597545161008064
      vertex 58.68766513875893 0.04693627682355611 5.597545161008064
      vertex 58.6590948225716 0.11591112164429185 5.777785116509801
    endloop
  endfacet
  facet normal 0.18074437515937497 -0.9086633352183302 0.376380677078603
    outer loop
      vertex 58.5 0.009607359798384785 5.597545161008064
      vertex 58.6590948225716 0.11591112164429185 5.777785116509801
      vertex 58.5 0.08426519384872738 5.777785116509801
    endloop
  endfacet
  facet normal 0.5147164328119497 -0.7703275794849853 0.37638067707860007
    outer loop
      vertex 58.68766513875893 0.04693627682355611 5.597545161008064
      vertex 58.79396890060484 0.2060310993951603 5.777785116509801
      vertex 58.6590948225716 0.11591112164429185 5.777785116509801
    endloop
  endfacet
  facet normal 0.5147164328119505 -0.770327579484985 0.37638067707859935
    outer loop
      vertex 58.68766513875893 0.04693627682355611 5.597545161008064
      vertex 58.846759961330534 0.15324003866946312 5.597545161008064
      vertex 58.79396890060484 0.2060310993951603 5.777785116509801
    endloop
  endfacet
  facet normal 0.7703275794849854 -0.5147164328119513 0.37638067707859757
    outer loop
      vertex 58.846759961330534 0.15324003866946312 5.597545161008064
      vertex 58.95306372317644 0.31233486124106735 5.597545161008064
      vertex 58.79396890060484 0.2060310993951603 5.777785116509801
    endloop
  endfacet
  facet normal 0.7703275794849886 -0.514716432811939 0.3763806770786076
    outer loop
      vertex 58.95306372317644 0.31233486124106735 5.597545161008064
      vertex 58.884088878355705 0.34090517742839577 5.777785116509801
      vertex 58.79396890060484 0.2060310993951603 5.777785116509801
    endloop
  endfacet
  facet normal 0.9086633352183268 -0.18074437515938113 0.3763806770786082
    outer loop
      vertex 58.95306372317644 0.31233486124106735 5.597545161008064
      vertex 58.91573480615127 0.5 5.777785116509801
      vertex 58.884088878355705 0.34090517742839577 5.777785116509801
    endloop
  endfacet
  facet normal 0.9086633352183319 -0.1807443751593724 0.37638067707860007
    outer loop
      vertex 58.95306372317644 0.31233486124106735 5.597545161008064
      vertex 58.99039264020161 0.5 5.597545161008064
      vertex 58.91573480615127 0.5 5.777785116509801
    endloop
  endfacet
  facet normal 0.1392813253171545 -0.7002145072825542 0.7002145072825517
    outer loop
      vertex 58.5 0.08426519384872738 5.777785116509801
      vertex 58.6590948225716 0.11591112164429185 5.777785116509801
      vertex 58.60630376184591 0.24336001642033167 5.9157348061512725
    endloop
  endfacet
  facet normal 0.39663965676028434 -0.5936131960091011 0.70021450728255
    outer loop
      vertex 58.6590948225716 0.11591112164429185 5.777785116509801
      vertex 58.79396890060484 0.2060310993951603 5.777785116509801
      vertex 58.60630376184591 0.24336001642033167 5.9157348061512725
    endloop
  endfacet
  facet normal 0.13928132531715276 -0.7002145072825539 0.7002145072825524
    outer loop
      vertex 58.5 0.08426519384872738 5.777785116509801
      vertex 58.60630376184591 0.24336001642033167 5.9157348061512725
      vertex 58.5 0.2222148834901989 5.9157348061512725
    endloop
  endfacet
  facet normal 0.3966396567602876 -0.5936131960090955 0.700214507282553
    outer loop
      vertex 58.79396890060484 0.2060310993951603 5.777785116509801
      vertex 58.696423739596774 0.3035762604032245 5.9157348061512725
      vertex 58.60630376184591 0.24336001642033167 5.9157348061512725
    endloop
  endfacet
  facet normal 0.593613196009099 -0.3966396567602833 0.7002145072825523
    outer loop
      vertex 58.79396890060484 0.2060310993951603 5.777785116509801
      vertex 58.75663998357967 0.39369623815409294 5.9157348061512725
      vertex 58.696423739596774 0.3035762604032245 5.9157348061512725
    endloop
  endfacet
  facet normal 0.5936131960091074 -0.39663965676027857 0.7002145072825481
    outer loop
      vertex 58.79396890060484 0.2060310993951603 5.777785116509801
      vertex 58.884088878355705 0.34090517742839577 5.777785116509801
      vertex 58.75663998357967 0.39369623815409294 5.9157348061512725
    endloop
  endfacet
  facet normal 0.7002145072825658 -0.13928132531716214 0.7002145072825389
    outer loop
      vertex 58.884088878355705 0.34090517742839577 5.777785116509801
      vertex 58.91573480615127 0.5 5.777785116509801
      vertex 58.777785116509804 0.5 5.9157348061512725
    endloop
  endfacet
  facet normal 0.7002145072825519 -0.13928132531718043 0.700214507282549
    outer loop
      vertex 58.884088878355705 0.34090517742839577 5.777785116509801
      vertex 58.777785116509804 0.5 5.9157348061512725
      vertex 58.75663998357967 0.39369623815409294 5.9157348061512725
    endloop
  endfacet
  facet normal 0.07590088788047221 -0.3815795311289161 0.9212144791753941
    outer loop
      vertex 58.5 0.2222148834901989 5.9157348061512725
      vertex 58.60630376184591 0.24336001642033167 5.9157348061512725
      vertex 58.5 0.4024548389919359 5.990392640201615
    endloop
  endfacet
  facet normal 0.2161474415048821 -0.3234875065416013 0.9212144791753932
    outer loop
      vertex 58.60630376184591 0.24336001642033167 5.9157348061512725
      vertex 58.696423739596774 0.3035762604032245 5.9157348061512725
      vertex 58.56897484482074 0.43102515517926426 5.990392640201615
    endloop
  endfacet
  facet normal 0.3234875065416044 -0.21614744150488044 0.9212144791753925
    outer loop
      vertex 58.696423739596774 0.3035762604032245 5.9157348061512725
      vertex 58.75663998357967 0.39369623815409294 5.9157348061512725
      vertex 58.56897484482074 0.43102515517926426 5.990392640201615
    endloop
  endfacet
  facet normal 0.38157953112890985 -0.0759008878804862 0.9212144791753955
    outer loop
      vertex 58.75663998357967 0.39369623815409294 5.9157348061512725
      vertex 58.777785116509804 0.5 5.9157348061512725
      vertex 58.597545161008064 0.5 5.990392640201615
    endloop
  endfacet
  facet normal 0.07590088788047294 -0.3815795311289158 0.9212144791753941
    outer loop
      vertex 58.60630376184591 0.24336001642033167 5.9157348061512725
      vertex 58.53732891702517 0.4098800222491315 5.990392640201615
      vertex 58.5 0.4024548389919359 5.990392640201615
    endloop
  endfacet
  facet normal 0.2161474415048701 -0.32348750654160435 0.921214479175395
    outer loop
      vertex 58.60630376184591 0.24336001642033167 5.9157348061512725
      vertex 58.56897484482074 0.43102515517926426 5.990392640201615
      vertex 58.53732891702517 0.4098800222491315 5.990392640201615
    endloop
  endfacet
  facet normal 0.32348750654161124 -0.2161474415048538 0.9212144791753963
    outer loop
      vertex 58.75663998357967 0.39369623815409294 5.9157348061512725
      vertex 58.59011997775087 0.46267108297482873 5.990392640201615
      vertex 58.56897484482074 0.43102515517926426 5.990392640201615
    endloop
  endfacet
  facet normal 0 0 1
    outer loop
      vertex 58.5 0.4024548389919359 5.990392640201615
      vertex 58.53732891702517 0.4098800222491315 5.990392640201615
      vertex 58.59011997775087 0.46267108297482873 5.990392640201615
    endloop
  endfacet
  facet normal 0 0 1
    outer loop
      vertex 58.53732891702517 0.4098800222491315 5.990392640201615
      vertex 58.56897484482074 0.43102515517926426 5.990392640201615
      vertex 58.59011997775087 0.46267108297482873 5.990392640201615
    endloop
  endfacet
  facet normal 0.381579531128908 -0.07590088788048927 0.921214479175396
    outer loop
      vertex 58.75663998357967 0.39369623815409294 5.9157348061512725
      vertex 58.597545161008064 0.5 5.990392640201615
      vertex 58.59011997775087 0.46267108297482873 5.990392640201615
    endloop
  endfacet
  facet normal 0 0 1
    outer loop
      vertex 58.59011997775087 0.46267108297482873 5.990392640201615
      vertex 54.90437098159515 7.5 5.990392640201615
      vertex 54.5 7.5 5.990392640201615
    endloop
  endfacet
  facet normal 0 0 1
    outer loop
      vertex 58.59011997775087 0.46267108297482873 5.990392640201615
      vertex 54.90437098159515 7.595629018404851 5.990392640201615
      vertex 54.90437098159515 7.5 5.990392640201615
    endloop
  endfacet
  facet normal 0 0 1
    outer loop
      vertex 58.59011997775087 0.46267108297482873 5.990392640201615
      vertex 55 7.595629018404851 5.990392640201615
      vertex 54.90437098159515 7.595629018404851 5.990392640201615
    endloop
  endfacet
  facet normal 0.9238795325112878 0 0.3826834323650871
    outer loop
      vertex 58.99039264020161 0.5 5.597545161008064
      vertex 58.99039264020161 18.5 5.597545161008064
      vertex 58.91573480615127 0.5 5.777785116509801
    endloop
  endfacet
  facet normal 0.7071067811865611 0 0.7071067811865338
    outer loop
      vertex 58.91573480615127 0.5 5.777785116509801
      vertex 58.777785116509804 18.5 5.9157348061512725
      vertex 58.777785116509804 0.5 5.9157348061512725
    endloop
  endfacet
  facet normal 0.3826834323650846 0 0.923879532511289
    outer loop
      vertex 58.777785116509804 0.5 5.9157348061512725
      vertex 58.777785116509804 18.5 5.9157348061512725
      vertex 58.597545161008064 0.5 5.990392640201615
    endloop
  endfacet
  facet normal 0 0 1
    outer loop
      vertex 58.59011997775087 0.46267108297482873 5.990392640201615
      vertex 58.597545161008064 0.5 5.990392640201615
      vertex 58.597545161008064 18.5 5.990392640201615
    endloop
  endfacet
  facet normal 0 0 1
    outer loop
      vertex 23.5413704172945 11.40437098159515 5.990392640201615
      vertex 54.5 11.5 5.990392640201615
      vertex 58.5 18.597545161008064 5.990392640201615
    endloop
  endfacet
  facet normal 0 0 1
    outer loop
      vertex 23.5413704172945 11.40437098159515 5.990392640201615
      vertex 58.5 18.597545161008064 5.990392640201615
      vertex 52 18.5 5.990392640201615
    endloop
  endfacet
  facet normal 0 0 1
    outer loop
      vertex 54.90437098159515 8 5.990392640201615
      vertex 55 11 5.990392640201615
      vertex 54.90437098159515 11 5.990392640201615
    endloop
  endfacet
  facet normal 0 0 1
    outer loop
      vertex 54.90437098159515 11.40437098159515 5.990392640201615
      vertex 55 11.40437098159515 5.990392640201615
      vertex 54.90437098159515 11.5 5.990392640201615
    endloop
  endfacet
  facet normal 0 0 1
    outer loop
      vertex 58.59011997775087 0.46267108297482873 5.990392640201615
      vertex 58.5 18.597545161008064 5.990392640201615
      vertex 55 7.595629018404851 5.990392640201615
    endloop
  endfacet
  facet normal 0 0 1
    outer loop
      vertex 55 7.595629018404851 5.990392640201615
      vertex 58.5 18.597545161008064 5.990392640201615
      vertex 55 8 5.990392640201615
    endloop
  endfacet
  facet normal 0 0 1
    outer loop
      vertex 54.90437098159515 8 5.990392640201615
      vertex 55 8 5.990392640201615
      vertex 58.5 18.597545161008064 5.990392640201615
    endloop
  endfacet
  facet normal 0 0 1
    outer loop
      vertex 54.90437098159515 8 5.990392640201615
      vertex 58.5 18.597545161008064 5.990392640201615
      vertex 55 11 5.990392640201615
    endloop
  endfacet
  facet normal 0 0 1
    outer loop
      vertex 54.5 11.5 5.990392640201615
      vertex 54.90437098159515 11.5 5.990392640201615
      vertex 58.5 18.597545161008064 5.990392640201615
    endloop
  endfacet
  facet normal 0 0 1
    outer loop
      vertex 55 11 5.990392640201615
      vertex 58.5 18.597545161008064 5.990392640201615
      vertex 55 11.40437098159515 5.990392640201615
    endloop
  endfacet
  facet normal 0 0 1
    outer loop
      vertex 55 11.40437098159515 5.990392640201615
      vertex 58.5 18.597545161008064 5.990392640201615
      vertex 54.90437098159515 11.5 5.990392640201615
    endloop
  endfacet
  facet normal 0.9238795325112878 0 0.3826834323650871
    outer loop
      vertex 58.91573480615127 0.5 5.777785116509801
      vertex 58.99039264020161 18.5 5.597545161008064
      vertex 58.91573480615127 18.5 5.777785116509801
    endloop
  endfacet
  facet normal 0.7071067811865611 0 0.7071067811865338
    outer loop
      vertex 58.91573480615127 0.5 5.777785116509801
      vertex 58.91573480615127 18.5 5.777785116509801
      vertex 58.777785116509804 18.5 5.9157348061512725
    endloop
  endfacet
  facet normal 0 0 1
    outer loop
      vertex 58.59011997775087 0.46267108297482873 5.990392640201615
      vertex 58.597545161008064 18.5 5.990392640201615
      vertex 58.59011997775087 18.53732891702517 5.990392640201615
    endloop
  endfacet
  facet normal 0.3826834323650846 0 0.923879532511289
    outer loop
      vertex 58.597545161008064 0.5 5.990392640201615
      vertex 58.777785116509804 18.5 5.9157348061512725
      vertex 58.597545161008064 18.5 5.990392640201615
    endloop
  endfacet
  facet normal 0 0 1
    outer loop
      vertex 58.59011997775087 0.46267108297482873 5.990392640201615
      vertex 58.59011997775087 18.53732891702517 5.990392640201615
      vertex 58.56897484482074 18.568974844820737 5.990392640201615
    endloop
  endfacet
  facet normal 0 0 1
    outer loop
      vertex 58.59011997775087 0.46267108297482873 5.990392640201615
      vertex 58.56897484482074 18.568974844820737 5.990392640201615
      vertex 58.53732891702517 18.59011997775087 5.990392640201615
    endloop
  endfacet
  facet normal 0 0 1
    outer loop
      vertex 58.59011997775087 0.46267108297482873 5.990392640201615
      vertex 58.53732891702517 18.59011997775087 5.990392640201615
      vertex 58.5 18.597545161008064 5.990392640201615
    endloop
  endfacet
  facet normal 0 1 0
    outer loop
      vertex 7 18.990392640201616 1
      vertex 52 18.990392640201616 5.5
      vertex 52 18.990392640201616 1
    endloop
  endfacet
  facet normal 0 0 -1
    outer loop
      vertex 58.5 18.597545161008064 0.009607359798384785
      vertex 52 18.5 0.009607359798384785
      vertex 52 18.597545161008064 0.009607359798384785
    endloop
  endfacet
  facet normal 0 0.3826834323650903 -0.9238795325112865
    outer loop
      vertex 58.5 18.597545161008064 0.009607359798384785
      vertex 52 18.597545161008064 0.009607359798384785
      vertex 52 18.7777851165098 0.08426519384872738
    endloop
  endfacet
  facet normal 0 0.7071067811865424 -0.7071067811865528
    outer loop
      vertex 58.5 18.7777851165098 0.08426519384872738
      vertex 52 18.7777851165098 0.08426519384872738
      vertex 52 18.915734806151274 0.2222148834901989
    endloop
  endfacet
  facet normal 0 0.9238795325112881 -0.38268343236508656
    outer loop
      vertex 58.5 18.915734806151274 0.2222148834901989
      vertex 52 18.915734806151274 0.2222148834901989
      vertex 52 18.990392640201616 0.4024548389919359
    endloop
  endfacet
  facet normal 0.3815795311289067 0.07590088788048976 -0.9212144791753966
    outer loop
      vertex 58.597545161008064 18.5 0.009607359798384785
      vertex 58.59011997775087 18.53732891702517 0.009607359798384785
      vertex 58.75663998357967 18.606303761845908 0.08426519384872738
    endloop
  endfacet
  facet normal 0.3815795311289092 0.07590088788048559 -0.9212144791753958
    outer loop
      vertex 58.597545161008064 18.5 0.009607359798384785
      vertex 58.75663998357967 18.606303761845908 0.08426519384872738
      vertex 58.777785116509804 18.5 0.08426519384872738
    endloop
  endfacet
  facet normal 0.700214507282565 0.13928132531716275 -0.7002145072825393
    outer loop
      vertex 58.777785116509804 18.5 0.08426519384872738
      vertex 58.884088878355705 18.659094822571603 0.2222148834901989
      vertex 58.91573480615127 18.5 0.2222148834901989
    endloop
  endfacet
  facet normal 0 0.3826834323650903 -0.9238795325112865
    outer loop
      vertex 58.5 18.597545161008064 0.009607359798384785
      vertex 52 18.7777851165098 0.08426519384872738
      vertex 58.5 18.7777851165098 0.08426519384872738
    endloop
  endfacet
  facet normal 0 0.7071067811865424 -0.7071067811865528
    outer loop
      vertex 58.5 18.7777851165098 0.08426519384872738
      vertex 52 18.915734806151274 0.2222148834901989
      vertex 58.5 18.915734806151274 0.2222148834901989
    endloop
  endfacet
  facet normal 0 0.9238795325112881 -0.38268343236508656
    outer loop
      vertex 58.5 18.915734806151274 0.2222148834901989
      vertex 52 18.990392640201616 0.4024548389919359
      vertex 58.5 18.990392640201616 0.4024548389919359
    endloop
  endfacet
  facet normal 0.07590088788045538 0.3815795311289165 -0.9212144791753953
    outer loop
      vertex 58.5 18.597545161008064 0.009607359798384785
      vertex 58.5 18.7777851165098 0.08426519384872738
      vertex 58.53732891702517 18.59011997775087 0.009607359798384785
    endloop
  endfacet
  facet normal 0.3234875065416131 0.21614744150484536 -0.9212144791753978
    outer loop
      vertex 58.59011997775087 18.53732891702517 0.009607359798384785
      vertex 58.56897484482074 18.568974844820737 0.009607359798384785
      vertex 58.75663998357967 18.606303761845908 0.08426519384872738
    endloop
  endfacet
  facet normal 0.21614744150487633 0.32348750654160513 -0.9212144791753932
    outer loop
      vertex 58.56897484482074 18.568974844820737 0.009607359798384785
      vertex 58.53732891702517 18.59011997775087 0.009607359798384785
      vertex 58.60630376184591 18.756639983579667 0.08426519384872738
    endloop
  endfacet
  facet normal 0.21614744150488416 0.3234875065416032 -0.9212144791753921
    outer loop
      vertex 58.56897484482074 18.568974844820737 0.009607359798384785
      vertex 58.60630376184591 18.756639983579667 0.08426519384872738
      vertex 58.696423739596774 18.696423739596774 0.08426519384872738
    endloop
  endfacet
  facet normal 0.3234875065416032 0.21614744150488416 -0.9212144791753921
    outer loop
      vertex 58.56897484482074 18.568974844820737 0.009607359798384785
      vertex 58.696423739596774 18.696423739596774 0.08426519384872738
      vertex 58.75663998357967 18.606303761845908 0.08426519384872738
    endloop
  endfacet
  facet normal 0.07590088788047482 0.38157953112891924 -0.9212144791753925
    outer loop
      vertex 58.53732891702517 18.59011997775087 0.009607359798384785
      vertex 58.5 18.7777851165098 0.08426519384872738
      vertex 58.60630376184591 18.756639983579667 0.08426519384872738
    endloop
  endfacet
  facet normal 0.13928132531715526 0.7002145072825477 -0.7002145072825582
    outer loop
      vertex 58.5 18.7777851165098 0.08426519384872738
      vertex 58.5 18.915734806151274 0.2222148834901989
      vertex 58.60630376184591 18.756639983579667 0.08426519384872738
    endloop
  endfacet
  facet normal 0.39663965676028845 0.5936131960090943 -0.7002145072825534
    outer loop
      vertex 58.60630376184591 18.756639983579667 0.08426519384872738
      vertex 58.79396890060484 18.79396890060484 0.2222148834901989
      vertex 58.696423739596774 18.696423739596774 0.08426519384872738
    endloop
  endfacet
  facet normal 0.5936131960090943 0.39663965676028845 -0.7002145072825534
    outer loop
      vertex 58.75663998357967 18.606303761845908 0.08426519384872738
      vertex 58.696423739596774 18.696423739596774 0.08426519384872738
      vertex 58.79396890060484 18.79396890060484 0.2222148834901989
    endloop
  endfacet
  facet normal 0.3966396567602879 0.5936131960090956 -0.7002145072825529
    outer loop
      vertex 58.60630376184591 18.756639983579667 0.08426519384872738
      vertex 58.6590948225716 18.88408887835571 0.2222148834901989
      vertex 58.79396890060484 18.79396890060484 0.2222148834901989
    endloop
  endfacet
  facet normal 0.7002145072825522 0.13928132531717957 -0.7002145072825489
    outer loop
      vertex 58.777785116509804 18.5 0.08426519384872738
      vertex 58.75663998357967 18.606303761845908 0.08426519384872738
      vertex 58.884088878355705 18.659094822571603 0.2222148834901989
    endloop
  endfacet
  facet normal 0.5936131960091081 0.3966396567602806 -0.7002145072825464
    outer loop
      vertex 58.75663998357967 18.606303761845908 0.08426519384872738
      vertex 58.79396890060484 18.79396890060484 0.2222148834901989
      vertex 58.884088878355705 18.659094822571603 0.2222148834901989
    endloop
  endfacet
  facet normal 0.1392813253171595 0.7002145072825489 -0.7002145072825562
    outer loop
      vertex 58.60630376184591 18.756639983579667 0.08426519384872738
      vertex 58.5 18.915734806151274 0.2222148834901989
      vertex 58.6590948225716 18.88408887835571 0.2222148834901989
    endloop
  endfacet
  facet normal 0.9086633352183261 0.18074437515938205 -0.37638067707860967
    outer loop
      vertex 58.91573480615127 18.5 0.2222148834901989
      vertex 58.884088878355705 18.659094822571603 0.2222148834901989
      vertex 58.95306372317644 18.687665138758934 0.4024548389919359
    endloop
  endfacet
  facet normal 0.9086633352183323 0.18074437515937108 -0.37638067707859957
    outer loop
      vertex 58.91573480615127 18.5 0.2222148834901989
      vertex 58.95306372317644 18.687665138758934 0.4024548389919359
      vertex 58.99039264020161 18.5 0.4024548389919359
    endloop
  endfacet
  facet normal 0.7703275794849861 0.5147164328119394 -0.3763806770786127
    outer loop
      vertex 58.884088878355705 18.659094822571603 0.2222148834901989
      vertex 58.79396890060484 18.79396890060484 0.2222148834901989
      vertex 58.95306372317644 18.687665138758934 0.4024548389919359
    endloop
  endfacet
  facet normal 0.7703275794849825 0.5147164328119523 -0.376380677078602
    outer loop
      vertex 58.79396890060484 18.79396890060484 0.2222148834901989
      vertex 58.846759961330534 18.846759961330537 0.4024548389919359
      vertex 58.95306372317644 18.687665138758934 0.4024548389919359
    endloop
  endfacet
  facet normal 0.18074437515938227 0.9086633352183271 -0.3763806770786066
    outer loop
      vertex 58.5 18.915734806151274 0.2222148834901989
      vertex 58.68766513875893 18.953063723176445 0.4024548389919359
      vertex 58.6590948225716 18.88408887835571 0.2222148834901989
    endloop
  endfacet
  facet normal 0.514716432811952 0.7703275794849822 -0.3763806770786031
    outer loop
      vertex 58.6590948225716 18.88408887835571 0.2222148834901989
      vertex 58.68766513875893 18.953063723176445 0.4024548389919359
      vertex 58.846759961330534 18.846759961330537 0.4024548389919359
    endloop
  endfacet
  facet normal 0.1807443751593744 0.9086633352183318 -0.37638067707859935
    outer loop
      vertex 58.5 18.915734806151274 0.2222148834901989
      vertex 58.5 18.990392640201616 0.4024548389919359
      vertex 58.68766513875893 18.953063723176445 0.4024548389919359
    endloop
  endfacet
  facet normal 0.5147164328119547 0.7703275794849787 -0.3763806770786065
    outer loop
      vertex 58.79396890060484 18.79396890060484 0.2222148834901989
      vertex 58.6590948225716 18.88408887835571 0.2222148834901989
      vertex 58.846759961330534 18.846759961330537 0.4024548389919359
    endloop
  endfacet
  facet normal 0 1 0
    outer loop
      vertex 58.5 18.990392640201616 0.4024548389919359
      vertex 52 18.990392640201616 0.4024548389919359
      vertex 52 18.990392640201616 1
    endloop
  endfacet
  facet normal 0 1 0
    outer loop
      vertex 58.5 18.990392640201616 0.4024548389919359
      vertex 52 18.990392640201616 1
      vertex 58.5 18.990392640201616 5.597545161008064
    endloop
  endfacet
  facet normal 0.9807852804032311 0.19509032201612495 0
    outer loop
      vertex 58.99039264020161 18.5 0.4024548389919359
      vertex 58.95306372317644 18.687665138758934 0.4024548389919359
      vertex 58.99039264020161 18.5 5.597545161008064
    endloop
  endfacet
  facet normal 0.8314696123025421 0.5555702330196068 0
    outer loop
      vertex 58.95306372317644 18.687665138758934 0.4024548389919359
      vertex 58.846759961330534 18.846759961330537 0.4024548389919359
      vertex 58.95306372317644 18.687665138758934 5.597545161008064
    endloop
  endfacet
  facet normal 0.5555702330196068 0.8314696123025421 0
    outer loop
      vertex 58.68766513875893 18.953063723176445 0.4024548389919359
      vertex 58.68766513875893 18.953063723176445 5.597545161008064
      vertex 58.846759961330534 18.846759961330537 0.4024548389919359
    endloop
  endfacet
  facet normal 0.19509032201612853 0.9807852804032304 0
    outer loop
      vertex 58.5 18.990392640201616 0.4024548389919359
      vertex 58.5 18.990392640201616 5.597545161008064
      vertex 58.68766513875893 18.953063723176445 0.4024548389919359
    endloop
  endfacet
  facet normal 0 1 0
    outer loop
      vertex 58.5 18.990392640201616 5.597545161008064
      vertex 52 18.990392640201616 1
      vertex 52 18.990392640201616 5.5
    endloop
  endfacet
  facet normal 0.9807852804032311 0.19509032201612495 0
    outer loop
      vertex 58.95306372317644 18.687665138758934 0.4024548389919359
      vertex 58.95306372317644 18.687665138758934 5.597545161008064
      vertex 58.99039264020161 18.5 5.597545161008064
    endloop
  endfacet
  facet normal 0.8314696123025421 0.5555702330196068 0
    outer loop
      vertex 58.846759961330534 18.846759961330537 0.4024548389919359
      vertex 58.846759961330534 18.846759961330537 5.597545161008064
      vertex 58.95306372317644 18.687665138758934 5.597545161008064
    endloop
  endfacet
  facet normal 0.19509032201612853 0.9807852804032304 0
    outer loop
      vertex 58.68766513875893 18.953063723176445 0.4024548389919359
      vertex 58.5 18.990392640201616 5.597545161008064
      vertex 58.68766513875893 18.953063723176445 5.597545161008064
    endloop
  endfacet
  facet normal 0.5555702330196068 0.8314696123025421 0
    outer loop
      vertex 58.846759961330534 18.846759961330537 0.4024548389919359
      vertex 58.68766513875893 18.953063723176445 5.597545161008064
      vertex 58.846759961330534 18.846759961330537 5.597545161008064
    endloop
  endfacet
  facet normal 0 1 0
    outer loop
      vertex 58.5 18.990392640201616 5.597545161008064
      vertex 52 18.990392640201616 5.5
      vertex 52 18.990392640201616 5.597545161008064
    endloop
  endfacet
  facet normal 0 0.9238795325112878 0.3826834323650872
    outer loop
      vertex 58.5 18.990392640201616 5.597545161008064
      vertex 52 18.990392640201616 5.597545161008064
      vertex 52 18.915734806151274 5.777785116509801
    endloop
  endfacet
  facet normal 0 0.382683432365091 0.9238795325112862
    outer loop
      vertex 58.5 18.7777851165098 5.9157348061512725
      vertex 52 18.7777851165098 5.9157348061512725
      vertex 52 18.597545161008064 5.990392640201615
    endloop
  endfacet
  facet normal 0 0.7071067811865429 0.707106781186552
    outer loop
      vertex 58.5 18.915734806151274 5.777785116509801
      vertex 52 18.915734806151274 5.777785116509801
      vertex 52 18.7777851165098 5.9157348061512725
    endloop
  endfacet
  facet normal 0 0 1
    outer loop
      vertex 58.5 18.597545161008064 5.990392640201615
      vertex 52 18.597545161008064 5.990392640201615
      vertex 52 18.5 5.990392640201615
    endloop
  endfacet
  facet normal 0.7002145072825657 0.13928132531716292 0.7002145072825388
    outer loop
      vertex 58.91573480615127 18.5 5.777785116509801
      vertex 58.884088878355705 18.659094822571603 5.777785116509801
      vertex 58.777785116509804 18.5 5.9157348061512725
    endloop
  endfacet
  facet normal 0.3815795311289099 0.07590088788048573 0.9212144791753955
    outer loop
      vertex 58.777785116509804 18.5 5.9157348061512725
      vertex 58.75663998357967 18.606303761845908 5.9157348061512725
      vertex 58.597545161008064 18.5 5.990392640201615
    endloop
  endfacet
  facet normal 0.38157953112890747 0.07590088788048989 0.9212144791753962
    outer loop
      vertex 58.597545161008064 18.5 5.990392640201615
      vertex 58.75663998357967 18.606303761845908 5.9157348061512725
      vertex 58.59011997775087 18.53732891702517 5.990392640201615
    endloop
  endfacet
  facet normal 0 0.9238795325112878 0.3826834323650872
    outer loop
      vertex 58.5 18.990392640201616 5.597545161008064
      vertex 52 18.915734806151274 5.777785116509801
      vertex 58.5 18.915734806151274 5.777785116509801
    endloop
  endfacet
  facet normal 0 0.7071067811865429 0.707106781186552
    outer loop
      vertex 58.5 18.915734806151274 5.777785116509801
      vertex 52 18.7777851165098 5.9157348061512725
      vertex 58.5 18.7777851165098 5.9157348061512725
    endloop
  endfacet
  facet normal 0 0.382683432365091 0.9238795325112862
    outer loop
      vertex 58.5 18.7777851165098 5.9157348061512725
      vertex 52 18.597545161008064 5.990392640201615
      vertex 58.5 18.597545161008064 5.990392640201615
    endloop
  endfacet
  facet normal 0.908663335218332 0.18074437515937103 0.3763806770786001
    outer loop
      vertex 58.99039264020161 18.5 5.597545161008064
      vertex 58.95306372317644 18.687665138758934 5.597545161008064
      vertex 58.91573480615127 18.5 5.777785116509801
    endloop
  endfacet
  facet normal 0.9086633352183258 0.18074437515938202 0.3763806770786103
    outer loop
      vertex 58.91573480615127 18.5 5.777785116509801
      vertex 58.95306372317644 18.687665138758934 5.597545161008064
      vertex 58.884088878355705 18.659094822571603 5.777785116509801
    endloop
  endfacet
  facet normal 0.7703275794849823 0.5147164328119521 0.37638067707860257
    outer loop
      vertex 58.95306372317644 18.687665138758934 5.597545161008064
      vertex 58.846759961330534 18.846759961330537 5.597545161008064
      vertex 58.79396890060484 18.79396890060484 5.777785116509801
    endloop
  endfacet
  facet normal 0.7703275794849858 0.5147164328119392 0.3763806770786133
    outer loop
      vertex 58.95306372317644 18.687665138758934 5.597545161008064
      vertex 58.79396890060484 18.79396890060484 5.777785116509801
      vertex 58.884088878355705 18.659094822571603 5.777785116509801
    endloop
  endfacet
  facet normal 0.5147164328119519 0.770327579484982 0.3763806770786037
    outer loop
      vertex 58.68766513875893 18.953063723176445 5.597545161008064
      vertex 58.6590948225716 18.88408887835571 5.777785116509801
      vertex 58.846759961330534 18.846759961330537 5.597545161008064
    endloop
  endfacet
  facet normal 0.18074437515938221 0.908663335218327 0.37638067707860723
    outer loop
      vertex 58.68766513875893 18.953063723176445 5.597545161008064
      vertex 58.5 18.915734806151274 5.777785116509801
      vertex 58.6590948225716 18.88408887835571 5.777785116509801
    endloop
  endfacet
  facet normal 0.18074437515937436 0.9086633352183316 0.3763806770786
    outer loop
      vertex 58.5 18.990392640201616 5.597545161008064
      vertex 58.5 18.915734806151274 5.777785116509801
      vertex 58.68766513875893 18.953063723176445 5.597545161008064
    endloop
  endfacet
  facet normal 0.5147164328119546 0.7703275794849785 0.3763806770786072
    outer loop
      vertex 58.846759961330534 18.846759961330537 5.597545161008064
      vertex 58.6590948225716 18.88408887835571 5.777785116509801
      vertex 58.79396890060484 18.79396890060484 5.777785116509801
    endloop
  endfacet
  facet normal 0.39663965676028823 0.593613196009096 0.7002145072825521
    outer loop
      vertex 58.79396890060484 18.79396890060484 5.777785116509801
      vertex 58.6590948225716 18.88408887835571 5.777785116509801
      vertex 58.60630376184591 18.756639983579667 5.9157348061512725
    endloop
  endfacet
  facet normal 0.1392813253171555 0.7002145072825484 0.7002145072825574
    outer loop
      vertex 58.5 18.915734806151274 5.777785116509801
      vertex 58.5 18.7777851165098 5.9157348061512725
      vertex 58.60630376184591 18.756639983579667 5.9157348061512725
    endloop
  endfacet
  facet normal 0.39663965676028884 0.593613196009095 0.7002145072825526
    outer loop
      vertex 58.79396890060484 18.79396890060484 5.777785116509801
      vertex 58.60630376184591 18.756639983579667 5.9157348061512725
      vertex 58.696423739596774 18.696423739596774 5.9157348061512725
    endloop
  endfacet
  facet normal 0.593613196009095 0.39663965676028884 0.7002145072825526
    outer loop
      vertex 58.79396890060484 18.79396890060484 5.777785116509801
      vertex 58.696423739596774 18.696423739596774 5.9157348061512725
      vertex 58.75663998357967 18.606303761845908 5.9157348061512725
    endloop
  endfacet
  facet normal 0.5936131960091086 0.39663965676028107 0.7002145072825455
    outer loop
      vertex 58.884088878355705 18.659094822571603 5.777785116509801
      vertex 58.79396890060484 18.79396890060484 5.777785116509801
      vertex 58.75663998357967 18.606303761845908 5.9157348061512725
    endloop
  endfacet
  facet normal 0.7002145072825529 0.13928132531717968 0.7002145072825481
    outer loop
      vertex 58.777785116509804 18.5 5.9157348061512725
      vertex 58.884088878355705 18.659094822571603 5.777785116509801
      vertex 58.75663998357967 18.606303761845908 5.9157348061512725
    endloop
  endfacet
  facet normal 0.21614744150488455 0.3234875065416038 0.9212144791753919
    outer loop
      vertex 58.60630376184591 18.756639983579667 5.9157348061512725
      vertex 58.56897484482074 18.568974844820737 5.990392640201615
      vertex 58.696423739596774 18.696423739596774 5.9157348061512725
    endloop
  endfacet
  facet normal 0.3234875065416038 0.21614744150488455 0.9212144791753919
    outer loop
      vertex 58.75663998357967 18.606303761845908 5.9157348061512725
      vertex 58.696423739596774 18.696423739596774 5.9157348061512725
      vertex 58.56897484482074 18.568974844820737 5.990392640201615
    endloop
  endfacet
  facet normal 0.07590088788047497 0.38157953112891996 0.9212144791753922
    outer loop
      vertex 58.5 18.7777851165098 5.9157348061512725
      vertex 58.53732891702517 18.59011997775087 5.990392640201615
      vertex 58.60630376184591 18.756639983579667 5.9157348061512725
    endloop
  endfacet
  facet normal 0.13928132531715967 0.7002145072825494 0.7002145072825554
    outer loop
      vertex 58.5 18.915734806151274 5.777785116509801
      vertex 58.60630376184591 18.756639983579667 5.9157348061512725
      vertex 58.6590948225716 18.88408887835571 5.777785116509801
    endloop
  endfacet
  facet normal 0.07590088788045565 0.38157953112891724 0.921214479175395
    outer loop
      vertex 58.5 18.7777851165098 5.9157348061512725
      vertex 58.5 18.597545161008064 5.990392640201615
      vertex 58.53732891702517 18.59011997775087 5.990392640201615
    endloop
  endfacet
  facet normal 0.32348750654161373 0.21614744150484574 0.9212144791753974
    outer loop
      vertex 58.59011997775087 18.53732891702517 5.990392640201615
      vertex 58.75663998357967 18.606303761845908 5.9157348061512725
      vertex 58.56897484482074 18.568974844820737 5.990392640201615
    endloop
  endfacet
  facet normal 0.21614744150487672 0.32348750654160574 0.921214479175393
    outer loop
      vertex 58.60630376184591 18.756639983579667 5.9157348061512725
      vertex 58.53732891702517 18.59011997775087 5.990392640201615
      vertex 58.56897484482074 18.568974844820737 5.990392640201615
    endloop
  endfacet
  facet normal 1 0 0
    outer loop
      vertex 4 7.60395584540888 0.010926199633097156
      vertex 4 7.595629018404851 0.009607359798384785
      vertex 4 8 0.009607359798384785
    endloop
  endfacet
  facet normal 1 0 0
    outer loop
      vertex 4 7.60395584540888 0.010926199633097156
      vertex 4 8 0.009607359798384785
      vertex 4 7.654508497187473 0.02447174185242318
    endloop
  endfacet
  facet normal 1 0 0
    outer loop
      vertex 4 7.654508497187473 0.02447174185242318
      vertex 4 8 0.009607359798384785
      vertex 4 7.7033683215379005 0.043227271178699844
    endloop
  endfacet
  facet normal 0 -1 0
    outer loop
      vertex 4 8 0.009607359798384785
      vertex 4.095629018404851 8 0.009607359798384785
      vertex 4.10395584540888 8 0.010926199633097156
    endloop
  endfacet
  facet normal 1 0 0
    outer loop
      vertex 4 7.7033683215379005 0.043227271178699844
      vertex 4 8 0.009607359798384785
      vertex 4 7.75 0.06698729810778037
    endloop
  endfacet
  facet normal 1 0 0
    outer loop
      vertex 4 8 0.009607359798384785
      vertex 4 7.793892626146237 0.09549150281252672
      vertex 4 7.75 0.06698729810778037
    endloop
  endfacet
  facet normal 1 0 0
    outer loop
      vertex 4 8 0.009607359798384785
      vertex 4 7.83456530317943 0.128427587261303
      vertex 4 7.793892626146237 0.09549150281252672
    endloop
  endfacet
  facet normal 1 0 0
    outer loop
      vertex 4 8 0.009607359798384785
      vertex 4 7.871572412738697 0.16543469682057044
      vertex 4 7.83456530317943 0.128427587261303
    endloop
  endfacet
  facet normal 1 0 0
    outer loop
      vertex 4 8 0.009607359798384785
      vertex 4 7.904508497187473 0.20610737385376332
      vertex 4 7.871572412738697 0.16543469682057044
    endloop
  endfacet
  facet normal 1 0 0
    outer loop
      vertex 4 8 0.009607359798384785
      vertex 4 7.93301270189222 0.25
      vertex 4 7.904508497187473 0.20610737385376332
    endloop
  endfacet
  facet normal 1 0 0
    outer loop
      vertex 4 8 0.009607359798384785
      vertex 4 7.9567727288213 0.2966316784620995
      vertex 4 7.93301270189222 0.25
    endloop
  endfacet
  facet normal 0 -1 0
    outer loop
      vertex 4 8 0.009607359798384785
      vertex 4.10395584540888 8 0.010926199633097156
      vertex 4 8 0.5
    endloop
  endfacet
  facet normal 0 -1 0
    outer loop
      vertex 4.10395584540888 8 0.010926199633097156
      vertex 4.154508497187473 8 0.02447174185242318
      vertex 4 8 0.5
    endloop
  endfacet
  facet normal 0 -1 0
    outer loop
      vertex 4.154508497187473 8 0.02447174185242318
      vertex 4.2033683215379005 8 0.043227271178699844
      vertex 4 8 0.5
    endloop
  endfacet
  facet normal 1 0 0
    outer loop
      vertex 4 8 0.009607359798384785
      vertex 4 7.975528258147577 0.3454915028125267
      vertex 4 7.9567727288213 0.2966316784620995
    endloop
  endfacet
  facet normal 1 0 0
    outer loop
      vertex 4 8 0.009607359798384785
      vertex 4 7.989073800366903 0.3960441545911202
      vertex 4 7.975528258147577 0.3454915028125267
    endloop
  endfacet
  facet normal 1 0 0
    outer loop
      vertex 4 8 0.009607359798384785
      vertex 4 7.997260947684136 0.4477357683661731
      vertex 4 7.989073800366903 0.3960441545911202
    endloop
  endfacet
  facet normal 0 -1 0
    outer loop
      vertex 4.2033683215379005 8 0.043227271178699844
      vertex 4.25 8 0.06698729810778037
      vertex 4 8 0.5
    endloop
  endfacet
  facet normal 1 0 0
    outer loop
      vertex 4 8 0.009607359798384785
      vertex 4 8 0.5
      vertex 4 7.997260947684136 0.4477357683661731
    endloop
  endfacet
  facet normal 0 -1 0
    outer loop
      vertex 4.25 8 0.06698729810778037
      vertex 4.293892626146237 8 0.09549150281252672
      vertex 4 8 0.5
    endloop
  endfacet
  facet normal 0 -1 0
    outer loop
      vertex 4.293892626146237 8 0.09549150281252672
      vertex 4.33456530317943 8 0.128427587261303
      vertex 4 8 0.5
    endloop
  endfacet
  facet normal 0 -1 0
    outer loop
      vertex 4.33456530317943 8 0.128427587261303
      vertex 4.371572412738697 8 0.16543469682057044
      vertex 4 8 0.5
    endloop
  endfacet
  facet normal 0 -1 0
    outer loop
      vertex 4.371572412738697 8 0.16543469682057044
      vertex 4.404508497187473 8 0.20610737385376332
      vertex 4 8 0.5
    endloop
  endfacet
  facet normal 0 -1 0
    outer loop
      vertex 4.404508497187473 8 0.20610737385376332
      vertex 4.43301270189222 8 0.25
      vertex 4 8 0.5
    endloop
  endfacet
  facet normal 0 -1 0
    outer loop
      vertex 4.43301270189222 8 0.25
      vertex 4.4567727288213 8 0.2966316784620995
      vertex 4 8 0.5
    endloop
  endfacet
  facet normal 0 -1 0
    outer loop
      vertex 4.4567727288213 8 0.2966316784620995
      vertex 4.475528258147577 8 0.3454915028125267
      vertex 4 8 0.5
    endloop
  endfacet
  facet normal 0 -1 0
    outer loop
      vertex 4.475528258147577 8 0.3454915028125267
      vertex 4.489073800366903 8 0.3960441545911202
      vertex 4 8 0.5
    endloop
  endfacet
  facet normal 0 -1 0
    outer loop
      vertex 4 8 0.5
      vertex 4.489073800366903 8 0.3960441545911202
      vertex 4.497260947684136 8 0.4477357683661731
    endloop
  endfacet
  facet normal 0 -1 0
    outer loop
      vertex 4 8 0.5
      vertex 4.497260947684136 8 0.4477357683661731
      vertex 4.5 8 0.5
    endloop
  endfacet
  facet normal -1 0 0
    outer loop
      vertex 55 7.60395584540888 0.010926199633097156
      vertex 55 8 0.009607359798384785
      vertex 55 7.595629018404851 0.009607359798384785
    endloop
  endfacet
  facet normal -1 0 0
    outer loop
      vertex 55 7.60395584540888 0.010926199633097156
      vertex 55 7.654508497187473 0.02447174185242318
      vertex 55 8 0.009607359798384785
    endloop
  endfacet
  facet normal -1 0 0
    outer loop
      vertex 55 7.654508497187473 0.02447174185242318
      vertex 55 7.7033683215379005 0.043227271178699844
      vertex 55 8 0.009607359798384785
    endloop
  endfacet
  facet normal -1 0 0
    outer loop
      vertex 55 7.7033683215379005 0.043227271178699844
      vertex 55 7.75 0.06698729810778037
      vertex 55 8 0.009607359798384785
    endloop
  endfacet
  facet normal -1 0 0
    outer loop
      vertex 55 8 0.009607359798384785
      vertex 55 7.75 0.06698729810778037
      vertex 55 7.793892626146237 0.09549150281252672
    endloop
  endfacet
  facet normal -1 0 0
    outer loop
      vertex 55 8 0.009607359798384785
      vertex 55 7.793892626146237 0.09549150281252672
      vertex 55 7.83456530317943 0.128427587261303
    endloop
  endfacet
  facet normal -1 0 0
    outer loop
      vertex 55 8 0.009607359798384785
      vertex 55 7.83456530317943 0.128427587261303
      vertex 55 7.871572412738697 0.16543469682057044
    endloop
  endfacet
  facet normal -1 0 0
    outer loop
      vertex 55 8 0.009607359798384785
      vertex 55 7.871572412738697 0.16543469682057044
      vertex 55 7.904508497187473 0.20610737385376332
    endloop
  endfacet
  facet normal -1 0 0
    outer loop
      vertex 55 8 0.009607359798384785
      vertex 55 7.904508497187473 0.20610737385376332
      vertex 55 7.93301270189222 0.25
    endloop
  endfacet
  facet normal -1 0 0
    outer loop
      vertex 55 8 0.009607359798384785
      vertex 55 7.93301270189222 0.25
      vertex 55 7.9567727288213 0.2966316784620995
    endloop
  endfacet
  facet normal 0 -1 0
    outer loop
      vertex 54.84549150281253 8 0.02447174185242318
      vertex 55 8 0.5
      vertex 54.7966316784621 8 0.043227271178699844
    endloop
  endfacet
  facet normal 0 -1 0
    outer loop
      vertex 54.896044154591124 8 0.010926199633097156
      vertex 54.90437098159515 8 0.009607359798384785
      vertex 55 8 0.5
    endloop
  endfacet
  facet normal 0 -1 0
    outer loop
      vertex 54.896044154591124 8 0.010926199633097156
      vertex 55 8 0.5
      vertex 54.84549150281253 8 0.02447174185242318
    endloop
  endfacet
  facet normal 0 -1 0
    outer loop
      vertex 54.90437098159515 8 0.009607359798384785
      vertex 55 8 0.009607359798384785
      vertex 55 8 0.5
    endloop
  endfacet
  facet normal 0 -1 0
    outer loop
      vertex 54.75 8 0.06698729810778037
      vertex 55 8 0.5
      vertex 54.70610737385376 8 0.09549150281252672
    endloop
  endfacet
  facet normal 0 -1 0
    outer loop
      vertex 54.70610737385376 8 0.09549150281252672
      vertex 55 8 0.5
      vertex 54.66543469682057 8 0.128427587261303
    endloop
  endfacet
  facet normal 0 -1 0
    outer loop
      vertex 54.66543469682057 8 0.128427587261303
      vertex 55 8 0.5
      vertex 54.6284275872613 8 0.16543469682057044
    endloop
  endfacet
  facet normal 0 -1 0
    outer loop
      vertex 54.6284275872613 8 0.16543469682057044
      vertex 55 8 0.5
      vertex 54.59549150281253 8 0.20610737385376332
    endloop
  endfacet
  facet normal 0 -1 0
    outer loop
      vertex 54.59549150281253 8 0.20610737385376332
      vertex 55 8 0.5
      vertex 54.56698729810778 8 0.25
    endloop
  endfacet
  facet normal -1 0 0
    outer loop
      vertex 55 8 0.009607359798384785
      vertex 55 7.9567727288213 0.2966316784620995
      vertex 55 7.975528258147577 0.3454915028125267
    endloop
  endfacet
  facet normal -1 0 0
    outer loop
      vertex 55 8 0.009607359798384785
      vertex 55 7.975528258147577 0.3454915028125267
      vertex 55 7.989073800366903 0.3960441545911202
    endloop
  endfacet
  facet normal -1 0 0
    outer loop
      vertex 55 8 0.009607359798384785
      vertex 55 7.989073800366903 0.3960441545911202
      vertex 55 7.997260947684136 0.4477357683661731
    endloop
  endfacet
  facet normal 0 -1 0
    outer loop
      vertex 54.7966316784621 8 0.043227271178699844
      vertex 55 8 0.5
      vertex 54.75 8 0.06698729810778037
    endloop
  endfacet
  facet normal -1 0 0
    outer loop
      vertex 55 8 0.009607359798384785
      vertex 55 7.997260947684136 0.4477357683661731
      vertex 55 8 0.5
    endloop
  endfacet
  facet normal 0 -1 0
    outer loop
      vertex 54.56698729810778 8 0.25
      vertex 55 8 0.5
      vertex 54.5432272711787 8 0.2966316784620995
    endloop
  endfacet
  facet normal 0 -1 0
    outer loop
      vertex 54.5432272711787 8 0.2966316784620995
      vertex 55 8 0.5
      vertex 54.52447174185242 8 0.3454915028125267
    endloop
  endfacet
  facet normal 0 -1 0
    outer loop
      vertex 54.52447174185242 8 0.3454915028125267
      vertex 55 8 0.5
      vertex 54.5109261996331 8 0.3960441545911202
    endloop
  endfacet
  facet normal 0 -1 0
    outer loop
      vertex 54.5109261996331 8 0.3960441545911202
      vertex 55 8 0.5
      vertex 54.50273905231586 8 0.4477357683661731
    endloop
  endfacet
  facet normal 0 -1 0
    outer loop
      vertex 54.50273905231586 8 0.4477357683661731
      vertex 55 8 0.5
      vertex 54.5 8 0.5
    endloop
  endfacet
  facet normal 0 -1 0
    outer loop
      vertex 4 8 5.5
      vertex 4.5 8 5.5
      vertex 4.497260947684136 8 5.552264231633827
    endloop
  endfacet
  facet normal 0 -1 0
    outer loop
      vertex 4 8 5.5
      vertex 4.497260947684136 8 5.552264231633827
      vertex 4.489073800366903 8 5.60395584540888
    endloop
  endfacet
  facet normal 0 -1 0
    outer loop
      vertex 4 8 5.5
      vertex 4.489073800366903 8 5.60395584540888
      vertex 4.475528258147577 8 5.654508497187473
    endloop
  endfacet
  facet normal 0 -1 0
    outer loop
      vertex 4 8 5.5
      vertex 4.475528258147577 8 5.654508497187473
      vertex 4.4567727288213 8 5.7033683215379005
    endloop
  endfacet
  facet normal 0 -1 0
    outer loop
      vertex 4 8 5.5
      vertex 4.4567727288213 8 5.7033683215379005
      vertex 4.43301270189222 8 5.75
    endloop
  endfacet
  facet normal 1 0 0
    outer loop
      vertex 4 7.989073800366903 5.60395584540888
      vertex 4 7.997260947684136 5.552264231633827
      vertex 4 8 5.990392640201615
    endloop
  endfacet
  facet normal 1 0 0
    outer loop
      vertex 4 7.989073800366903 5.60395584540888
      vertex 4 8 5.990392640201615
      vertex 4 7.975528258147577 5.654508497187473
    endloop
  endfacet
  facet normal 1 0 0
    outer loop
      vertex 4 7.975528258147577 5.654508497187473
      vertex 4 8 5.990392640201615
      vertex 4 7.9567727288213 5.7033683215379005
    endloop
  endfacet
  facet normal 1 0 0
    outer loop
      vertex 4 8 5.5
      vertex 4 8 5.990392640201615
      vertex 4 7.997260947684136 5.552264231633827
    endloop
  endfacet
  facet normal 0 -1 0
    outer loop
      vertex 4 8 5.5
      vertex 4.25 8 5.93301270189222
      vertex 4.2033683215379005 8 5.9567727288213
    endloop
  endfacet
  facet normal 0 -1 0
    outer loop
      vertex 4 8 5.5
      vertex 4.43301270189222 8 5.75
      vertex 4.404508497187473 8 5.793892626146237
    endloop
  endfacet
  facet normal 0 -1 0
    outer loop
      vertex 4 8 5.5
      vertex 4.404508497187473 8 5.793892626146237
      vertex 4.371572412738697 8 5.83456530317943
    endloop
  endfacet
  facet normal 0 -1 0
    outer loop
      vertex 4 8 5.5
      vertex 4.371572412738697 8 5.83456530317943
      vertex 4.33456530317943 8 5.871572412738697
    endloop
  endfacet
  facet normal 0 -1 0
    outer loop
      vertex 4 8 5.5
      vertex 4.33456530317943 8 5.871572412738697
      vertex 4.293892626146237 8 5.904508497187473
    endloop
  endfacet
  facet normal 0 -1 0
    outer loop
      vertex 4 8 5.5
      vertex 4.293892626146237 8 5.904508497187473
      vertex 4.25 8 5.93301270189222
    endloop
  endfacet
  facet normal 1 0 0
    outer loop
      vertex 4 7.60395584540888 5.989073800366903
      vertex 4 8 5.990392640201615
      vertex 4 7.595629018404851 5.990392640201615
    endloop
  endfacet
  facet normal 1 0 0
    outer loop
      vertex 4 7.9567727288213 5.7033683215379005
      vertex 4 8 5.990392640201615
      vertex 4 7.93301270189222 5.75
    endloop
  endfacet
  facet normal 1 0 0
    outer loop
      vertex 4 7.93301270189222 5.75
      vertex 4 8 5.990392640201615
      vertex 4 7.904508497187473 5.793892626146237
    endloop
  endfacet
  facet normal 1 0 0
    outer loop
      vertex 4 7.904508497187473 5.793892626146237
      vertex 4 8 5.990392640201615
      vertex 4 7.871572412738697 5.83456530317943
    endloop
  endfacet
  facet normal 1 0 0
    outer loop
      vertex 4 7.793892626146237 5.904508497187473
      vertex 4 8 5.990392640201615
      vertex 4 7.75 5.93301270189222
    endloop
  endfacet
  facet normal 1 0 0
    outer loop
      vertex 4 7.7033683215379005 5.9567727288213
      vertex 4 7.75 5.93301270189222
      vertex 4 8 5.990392640201615
    endloop
  endfacet
  facet normal 1 0 0
    outer loop
      vertex 4 7.83456530317943 5.871572412738697
      vertex 4 7.871572412738697 5.83456530317943
      vertex 4 8 5.990392640201615
    endloop
  endfacet
  facet normal 1 0 0
    outer loop
      vertex 4 7.83456530317943 5.871572412738697
      vertex 4 8 5.990392640201615
      vertex 4 7.793892626146237 5.904508497187473
    endloop
  endfacet
  facet normal 0 -1 0
    outer loop
      vertex 4 8 5.5
      vertex 4.095629018404851 8 5.990392640201615
      vertex 4 8 5.990392640201615
    endloop
  endfacet
  facet normal 0 -1 0
    outer loop
      vertex 4 8 5.5
      vertex 4.154508497187473 8 5.975528258147577
      vertex 4.10395584540888 8 5.989073800366903
    endloop
  endfacet
  facet normal 0 -1 0
    outer loop
      vertex 4 8 5.5
      vertex 4.10395584540888 8 5.989073800366903
      vertex 4.095629018404851 8 5.990392640201615
    endloop
  endfacet
  facet normal 0 -1 0
    outer loop
      vertex 4 8 5.5
      vertex 4.2033683215379005 8 5.9567727288213
      vertex 4.154508497187473 8 5.975528258147577
    endloop
  endfacet
  facet normal 1 0 0
    outer loop
      vertex 4 7.7033683215379005 5.9567727288213
      vertex 4 8 5.990392640201615
      vertex 4 7.654508497187473 5.975528258147577
    endloop
  endfacet
  facet normal 1 0 0
    outer loop
      vertex 4 7.60395584540888 5.989073800366903
      vertex 4 7.654508497187473 5.975528258147577
      vertex 4 8 5.990392640201615
    endloop
  endfacet
  facet normal 0 -1 0
    outer loop
      vertex 54.5 8 5.5
      vertex 55 8 5.5
      vertex 54.50273905231586 8 5.552264231633827
    endloop
  endfacet
  facet normal 0 -1 0
    outer loop
      vertex 54.50273905231586 8 5.552264231633827
      vertex 55 8 5.5
      vertex 54.5109261996331 8 5.60395584540888
    endloop
  endfacet
  facet normal 0 -1 0
    outer loop
      vertex 54.5109261996331 8 5.60395584540888
      vertex 55 8 5.5
      vertex 54.52447174185242 8 5.654508497187473
    endloop
  endfacet
  facet normal 0 -1 0
    outer loop
      vertex 55 8 5.5
      vertex 54.5432272711787 8 5.7033683215379005
      vertex 54.52447174185242 8 5.654508497187473
    endloop
  endfacet
  facet normal 0 -1 0
    outer loop
      vertex 55 8 5.5
      vertex 54.56698729810778 8 5.75
      vertex 54.5432272711787 8 5.7033683215379005
    endloop
  endfacet
  facet normal 0 -1 0
    outer loop
      vertex 55 8 5.5
      vertex 54.59549150281253 8 5.793892626146237
      vertex 54.56698729810778 8 5.75
    endloop
  endfacet
  facet normal 0 -1 0
    outer loop
      vertex 55 8 5.5
      vertex 54.6284275872613 8 5.83456530317943
      vertex 54.59549150281253 8 5.793892626146237
    endloop
  endfacet
  facet normal 0 -1 0
    outer loop
      vertex 55 8 5.5
      vertex 54.66543469682057 8 5.871572412738697
      vertex 54.6284275872613 8 5.83456530317943
    endloop
  endfacet
  facet normal 0 -1 0
    outer loop
      vertex 55 8 5.5
      vertex 54.70610737385376 8 5.904508497187473
      vertex 54.66543469682057 8 5.871572412738697
    endloop
  endfacet
  facet normal 0 -1 0
    outer loop
      vertex 55 8 5.5
      vertex 54.75 8 5.93301270189222
      vertex 54.70610737385376 8 5.904508497187473
    endloop
  endfacet
  facet normal -1 0 0
    outer loop
      vertex 55 7.989073800366903 5.60395584540888
      vertex 55 8 5.990392640201615
      vertex 55 7.997260947684136 5.552264231633827
    endloop
  endfacet
  facet normal -1 0 0
    outer loop
      vertex 55 7.989073800366903 5.60395584540888
      vertex 55 7.975528258147577 5.654508497187473
      vertex 55 8 5.990392640201615
    endloop
  endfacet
  facet normal -1 0 0
    outer loop
      vertex 55 7.975528258147577 5.654508497187473
      vertex 55 7.9567727288213 5.7033683215379005
      vertex 55 8 5.990392640201615
    endloop
  endfacet
  facet normal -1 0 0
    outer loop
      vertex 55 8 5.5
      vertex 55 7.997260947684136 5.552264231633827
      vertex 55 8 5.990392640201615
    endloop
  endfacet
  facet normal 0 -1 0
    outer loop
      vertex 55 8 5.5
      vertex 54.7966316784621 8 5.9567727288213
      vertex 54.75 8 5.93301270189222
    endloop
  endfacet
  facet normal -1 0 0
    outer loop
      vertex 55 7.60395584540888 5.989073800366903
      vertex 55 7.595629018404851 5.990392640201615
      vertex 55 8 5.990392640201615
    endloop
  endfacet
  facet normal -1 0 0
    outer loop
      vertex 55 7.9567727288213 5.7033683215379005
      vertex 55 7.93301270189222 5.75
      vertex 55 8 5.990392640201615
    endloop
  endfacet
  facet normal -1 0 0
    outer loop
      vertex 55 7.93301270189222 5.75
      vertex 55 7.904508497187473 5.793892626146237
      vertex 55 8 5.990392640201615
    endloop
  endfacet
  facet normal -1 0 0
    outer loop
      vertex 55 7.904508497187473 5.793892626146237
      vertex 55 7.871572412738697 5.83456530317943
      vertex 55 8 5.990392640201615
    endloop
  endfacet
  facet normal -1 0 0
    outer loop
      vertex 55 7.793892626146237 5.904508497187473
      vertex 55 7.75 5.93301270189222
      vertex 55 8 5.990392640201615
    endloop
  endfacet
  facet normal -1 0 0
    outer loop
      vertex 55 7.7033683215379005 5.9567727288213
      vertex 55 8 5.990392640201615
      vertex 55 7.75 5.93301270189222
    endloop
  endfacet
  facet normal -1 0 0
    outer loop
      vertex 55 7.83456530317943 5.871572412738697
      vertex 55 8 5.990392640201615
      vertex 55 7.871572412738697 5.83456530317943
    endloop
  endfacet
  facet normal -1 0 0
    outer loop
      vertex 55 7.83456530317943 5.871572412738697
      vertex 55 7.793892626146237 5.904508497187473
      vertex 55 8 5.990392640201615
    endloop
  endfacet
  facet normal 0 -1 0
    outer loop
      vertex 55 8 5.5
      vertex 54.84549150281253 8 5.975528258147577
      vertex 54.7966316784621 8 5.9567727288213
    endloop
  endfacet
  facet normal 0 -1 0
    outer loop
      vertex 55 8 5.5
      vertex 54.896044154591124 8 5.989073800366903
      vertex 54.84549150281253 8 5.975528258147577
    endloop
  endfacet
  facet normal 0 -1 0
    outer loop
      vertex 55 8 5.5
      vertex 55 8 5.990392640201615
      vertex 54.896044154591124 8 5.989073800366903
    endloop
  endfacet
  facet normal -1 0 0
    outer loop
      vertex 55 7.7033683215379005 5.9567727288213
      vertex 55 7.654508497187473 5.975528258147577
      vertex 55 8 5.990392640201615
    endloop
  endfacet
  facet normal -1 0 0
    outer loop
      vertex 55 7.60395584540888 5.989073800366903
      vertex 55 8 5.990392640201615
      vertex 55 7.654508497187473 5.975528258147577
    endloop
  endfacet
  facet normal 0 -1 0
    outer loop
      vertex 54.896044154591124 8 5.989073800366903
      vertex 55 8 5.990392640201615
      vertex 54.90437098159515 8 5.990392640201615
    endloop
  endfacet
  facet normal 0 0.15643446504022945 -0.987688340595138
    outer loop
      vertex 4 7.60395584540888 0.010926199633097156
      vertex 4.095629018404851 7.595629018404851 0.009607359798384785
      vertex 4 7.595629018404851 0.009607359798384785
    endloop
  endfacet
  facet normal 0 0.1564344650402295 -0.987688340595138
    outer loop
      vertex 4 7.60395584540888 0.010926199633097156
      vertex 4.10395584540888 7.60395584540888 0.010926199633097156
      vertex 4.095629018404851 7.595629018404851 0.009607359798384785
    endloop
  endfacet
  facet normal 0 0.25881904510252335 -0.9659258262890676
    outer loop
      vertex 4 7.60395584540888 0.010926199633097156
      vertex 4.154508497187473 7.654508497187473 0.02447174185242318
      vertex 4.10395584540888 7.60395584540888 0.010926199633097156
    endloop
  endfacet
  facet normal 0 0.25881904510252335 -0.9659258262890675
    outer loop
      vertex 4 7.60395584540888 0.010926199633097156
      vertex 4 7.654508497187473 0.02447174185242318
      vertex 4.154508497187473 7.654508497187473 0.02447174185242318
    endloop
  endfacet
  facet normal 0 0.35836794954530027 -0.9335804264972016
    outer loop
      vertex 4 7.654508497187473 0.02447174185242318
      vertex 4.2033683215379005 7.7033683215379005 0.043227271178699844
      vertex 4.154508497187473 7.654508497187473 0.02447174185242318
    endloop
  endfacet
  facet normal 0 0.3583679495453003 -0.9335804264972019
    outer loop
      vertex 4 7.654508497187473 0.02447174185242318
      vertex 4 7.7033683215379005 0.043227271178699844
      vertex 4.2033683215379005 7.7033683215379005 0.043227271178699844
    endloop
  endfacet
  facet normal 0 0.4539904997395408 -0.8910065241883708
    outer loop
      vertex 4 7.7033683215379005 0.043227271178699844
      vertex 4.25 7.75 0.06698729810778037
      vertex 4.2033683215379005 7.7033683215379005 0.043227271178699844
    endloop
  endfacet
  facet normal 0 0.4539904997395409 -0.8910065241883709
    outer loop
      vertex 4 7.7033683215379005 0.043227271178699844
      vertex 4 7.75 0.06698729810778037
      vertex 4.25 7.75 0.06698729810778037
    endloop
  endfacet
  facet normal 0 0.544639035015036 -0.8386705679454183
    outer loop
      vertex 4 7.75 0.06698729810778037
      vertex 4 7.793892626146237 0.09549150281252672
      vertex 4.293892626146237 7.793892626146237 0.09549150281252672
    endloop
  endfacet
  facet normal 0 0.6293203910498305 -0.7771459614569765
    outer loop
      vertex 4 7.793892626146237 0.09549150281252672
      vertex 4 7.83456530317943 0.128427587261303
      vertex 4.33456530317943 7.83456530317943 0.128427587261303
    endloop
  endfacet
  facet normal 0 0.7071067811865476 -0.7071067811865476
    outer loop
      vertex 4 7.83456530317943 0.128427587261303
      vertex 4 7.871572412738697 0.16543469682057044
      vertex 4.371572412738697 7.871572412738697 0.16543469682057044
    endloop
  endfacet
  facet normal 0 0.7771459614569765 -0.6293203910498305
    outer loop
      vertex 4 7.871572412738697 0.16543469682057044
      vertex 4 7.904508497187473 0.20610737385376332
      vertex 4.404508497187473 7.904508497187473 0.20610737385376332
    endloop
  endfacet
  facet normal 0 0.544639035015036 -0.8386705679454182
    outer loop
      vertex 4 7.75 0.06698729810778037
      vertex 4.293892626146237 7.793892626146237 0.09549150281252672
      vertex 4.25 7.75 0.06698729810778037
    endloop
  endfacet
  facet normal 0 0.6293203910498305 -0.7771459614569765
    outer loop
      vertex 4 7.793892626146237 0.09549150281252672
      vertex 4.33456530317943 7.83456530317943 0.128427587261303
      vertex 4.293892626146237 7.793892626146237 0.09549150281252672
    endloop
  endfacet
  facet normal 0 0.7071067811865476 -0.7071067811865476
    outer loop
      vertex 4 7.83456530317943 0.128427587261303
      vertex 4.371572412738697 7.871572412738697 0.16543469682057044
      vertex 4.33456530317943 7.83456530317943 0.128427587261303
    endloop
  endfacet
  facet normal 0 0.7771459614569766 -0.6293203910498306
    outer loop
      vertex 4 7.871572412738697 0.16543469682057044
      vertex 4.404508497187473 7.904508497187473 0.20610737385376332
      vertex 4.371572412738697 7.871572412738697 0.16543469682057044
    endloop
  endfacet
  facet normal 0 0.8386705679454183 -0.544639035015036
    outer loop
      vertex 4 7.904508497187473 0.20610737385376332
      vertex 4 7.93301270189222 0.25
      vertex 4.43301270189222 7.93301270189222 0.25
    endloop
  endfacet
  facet normal 0 0.8910065241883709 -0.45399049973954086
    outer loop
      vertex 4 7.93301270189222 0.25
      vertex 4 7.9567727288213 0.2966316784620995
      vertex 4.4567727288213 7.9567727288213 0.2966316784620995
    endloop
  endfacet
  facet normal 0 0.8386705679454182 -0.544639035015036
    outer loop
      vertex 4 7.904508497187473 0.20610737385376332
      vertex 4.43301270189222 7.93301270189222 0.25
      vertex 4.404508497187473 7.904508497187473 0.20610737385376332
    endloop
  endfacet
  facet normal 0 0.8910065241883709 -0.4539904997395409
    outer loop
      vertex 4 7.93301270189222 0.25
      vertex 4.4567727288213 7.9567727288213 0.2966316784620995
      vertex 4.43301270189222 7.93301270189222 0.25
    endloop
  endfacet
  facet normal 0 0.9335804264972019 -0.3583679495453003
    outer loop
      vertex 4 7.9567727288213 0.2966316784620995
      vertex 4 7.975528258147577 0.3454915028125267
      vertex 4.475528258147577 7.975528258147577 0.3454915028125267
    endloop
  endfacet
  facet normal 0 0.9335804264972017 -0.35836794954530027
    outer loop
      vertex 4 7.9567727288213 0.2966316784620995
      vertex 4.475528258147577 7.975528258147577 0.3454915028125267
      vertex 4.4567727288213 7.9567727288213 0.2966316784620995
    endloop
  endfacet
  facet normal 0 0.9659258262890676 -0.2588190451025233
    outer loop
      vertex 4 7.975528258147577 0.3454915028125267
      vertex 4 7.989073800366903 0.3960441545911202
      vertex 4.489073800366903 7.989073800366903 0.3960441545911202
    endloop
  endfacet
  facet normal 0 0.9659258262890675 -0.2588190451025233
    outer loop
      vertex 4 7.975528258147577 0.3454915028125267
      vertex 4.489073800366903 7.989073800366903 0.3960441545911202
      vertex 4.475528258147577 7.975528258147577 0.3454915028125267
    endloop
  endfacet
  facet normal 0 0.9876883405951389 -0.15643446504022374
    outer loop
      vertex 4 7.989073800366903 0.3960441545911202
      vertex 4.497260947684136 7.997260947684136 0.4477357683661731
      vertex 4.489073800366903 7.989073800366903 0.3960441545911202
    endloop
  endfacet
  facet normal 0 0.9876883405951389 -0.15643446504022376
    outer loop
      vertex 4 7.989073800366903 0.3960441545911202
      vertex 4 7.997260947684136 0.4477357683661731
      vertex 4.497260947684136 7.997260947684136 0.4477357683661731
    endloop
  endfacet
  facet normal 0 0.9986295347545735 -0.05233595624295049
    outer loop
      vertex 4 7.997260947684136 0.4477357683661731
      vertex 4.5 8 0.5
      vertex 4.497260947684136 7.997260947684136 0.4477357683661731
    endloop
  endfacet
  facet normal 0 0.9986295347545734 -0.05233595624295048
    outer loop
      vertex 4 7.997260947684136 0.4477357683661731
      vertex 4 8 0.5
      vertex 4.5 8 0.5
    endloop
  endfacet
  facet normal 0 0.9986295347545734 -0.05233595624295048
    outer loop
      vertex 4.5 7.997260947684136 0.4477357683661731
      vertex 4.5 8 0.5
      vertex 5 8 0.5
    endloop
  endfacet
  facet normal 0 0.15643446504022945 -0.9876883405951379
    outer loop
      vertex 4.5 7.60395584540888 0.010926199633097156
      vertex 46.44566933016895 7.595629018404851 0.009607359798384785
      vertex 4.5 7.595629018404851 0.009607359798384785
    endloop
  endfacet
  facet normal 0 0.25881904510252335 -0.9659258262890676
    outer loop
      vertex 4.5 7.60395584540888 0.010926199633097156
      vertex 4.5 7.654508497187473 0.02447174185242318
      vertex 54.5 7.654508497187473 0.02447174185242318
    endloop
  endfacet
  facet normal 0 0.3583679495453003 -0.9335804264972017
    outer loop
      vertex 4.5 7.654508497187473 0.02447174185242318
      vertex 4.5 7.7033683215379005 0.043227271178699844
      vertex 54.5 7.7033683215379005 0.043227271178699844
    endloop
  endfacet
  facet normal 0 0.4539904997395409 -0.8910065241883709
    outer loop
      vertex 4.5 7.7033683215379005 0.043227271178699844
      vertex 4.5 7.75 0.06698729810778037
      vertex 54.5 7.75 0.06698729810778037
    endloop
  endfacet
  facet normal 0 0.544639035015036 -0.8386705679454182
    outer loop
      vertex 4.5 7.75 0.06698729810778037
      vertex 4.5 7.793892626146237 0.09549150281252672
      vertex 54.5 7.793892626146237 0.09549150281252672
    endloop
  endfacet
  facet normal 0 0.6293203910498306 -0.7771459614569766
    outer loop
      vertex 4.5 7.793892626146237 0.09549150281252672
      vertex 4.5 7.83456530317943 0.128427587261303
      vertex 54.5 7.83456530317943 0.128427587261303
    endloop
  endfacet
  facet normal 0 0.7071067811865476 -0.7071067811865476
    outer loop
      vertex 4.5 7.83456530317943 0.128427587261303
      vertex 4.5 7.871572412738697 0.16543469682057044
      vertex 54.5 7.871572412738697 0.16543469682057044
    endloop
  endfacet
  facet normal 0 0.7771459614569766 -0.6293203910498306
    outer loop
      vertex 4.5 7.871572412738697 0.16543469682057044
      vertex 4.5 7.904508497187473 0.20610737385376332
      vertex 54.5 7.904508497187473 0.20610737385376332
    endloop
  endfacet
  facet normal 0 0.8386705679454182 -0.544639035015036
    outer loop
      vertex 4.5 7.904508497187473 0.20610737385376332
      vertex 4.5 7.93301270189222 0.25
      vertex 54.5 7.93301270189222 0.25
    endloop
  endfacet
  facet normal 0 0.8910065241883709 -0.4539904997395409
    outer loop
      vertex 4.5 7.93301270189222 0.25
      vertex 4.5 7.9567727288213 0.2966316784620995
      vertex 54.5 7.9567727288213 0.2966316784620995
    endloop
  endfacet
  facet normal 0 0.9335804264972017 -0.3583679495453003
    outer loop
      vertex 4.5 7.9567727288213 0.2966316784620995
      vertex 4.5 7.975528258147577 0.3454915028125267
      vertex 54.5 7.975528258147577 0.3454915028125267
    endloop
  endfacet
  facet normal 0 0.9659258262890676 -0.25881904510252335
    outer loop
      vertex 4.5 7.975528258147577 0.3454915028125267
      vertex 4.5 7.989073800366903 0.3960441545911202
      vertex 54.5 7.989073800366903 0.3960441545911202
    endloop
  endfacet
  facet normal 0 0.9876883405951389 -0.15643446504022374
    outer loop
      vertex 4.5 7.989073800366903 0.3960441545911202
      vertex 4.5 7.997260947684136 0.4477357683661731
      vertex 54.5 7.997260947684136 0.4477357683661731
    endloop
  endfacet
  facet normal 0 0.9986295347545735 -0.05233595624295049
    outer loop
      vertex 4.5 7.997260947684136 0.4477357683661731
      vertex 5 8 0.5
      vertex 54 8 0.5
    endloop
  endfacet
  facet normal 0 0.15643446504022948 -0.987688340595138
    outer loop
      vertex 4.5 7.60395584540888 0.010926199633097156
      vertex 54.5 7.60395584540888 0.010926199633097156
      vertex 46.44566933016895 7.595629018404851 0.009607359798384785
    endloop
  endfacet
  facet normal 0 0.25881904510252335 -0.9659258262890676
    outer loop
      vertex 4.5 7.60395584540888 0.010926199633097156
      vertex 54.5 7.654508497187473 0.02447174185242318
      vertex 54.5 7.60395584540888 0.010926199633097156
    endloop
  endfacet
  facet normal 0 0.3583679495453003 -0.9335804264972017
    outer loop
      vertex 4.5 7.654508497187473 0.02447174185242318
      vertex 54.5 7.7033683215379005 0.043227271178699844
      vertex 54.5 7.654508497187473 0.02447174185242318
    endloop
  endfacet
  facet normal 0 0.4539904997395409 -0.8910065241883709
    outer loop
      vertex 4.5 7.7033683215379005 0.043227271178699844
      vertex 54.5 7.75 0.06698729810778037
      vertex 54.5 7.7033683215379005 0.043227271178699844
    endloop
  endfacet
  facet normal 0 0.544639035015036 -0.8386705679454182
    outer loop
      vertex 4.5 7.75 0.06698729810778037
      vertex 54.5 7.793892626146237 0.09549150281252672
      vertex 54.5 7.75 0.06698729810778037
    endloop
  endfacet
  facet normal 0 0.6293203910498306 -0.7771459614569766
    outer loop
      vertex 4.5 7.793892626146237 0.09549150281252672
      vertex 54.5 7.83456530317943 0.128427587261303
      vertex 54.5 7.793892626146237 0.09549150281252672
    endloop
  endfacet
  facet normal 0 0.7071067811865476 -0.7071067811865476
    outer loop
      vertex 4.5 7.83456530317943 0.128427587261303
      vertex 54.5 7.871572412738697 0.16543469682057044
      vertex 54.5 7.83456530317943 0.128427587261303
    endloop
  endfacet
  facet normal 0 0.7771459614569766 -0.6293203910498306
    outer loop
      vertex 4.5 7.871572412738697 0.16543469682057044
      vertex 54.5 7.904508497187473 0.20610737385376332
      vertex 54.5 7.871572412738697 0.16543469682057044
    endloop
  endfacet
  facet normal 0 0.9986295347545734 -0.05233595624295048
    outer loop
      vertex 4.5 7.997260947684136 0.4477357683661731
      vertex 54 8 0.5
      vertex 54.5 8 0.5
    endloop
  endfacet
  facet normal 0 0.8386705679454182 -0.544639035015036
    outer loop
      vertex 4.5 7.904508497187473 0.20610737385376332
      vertex 54.5 7.93301270189222 0.25
      vertex 54.5 7.904508497187473 0.20610737385376332
    endloop
  endfacet
  facet normal 0 0.8910065241883709 -0.4539904997395409
    outer loop
      vertex 4.5 7.93301270189222 0.25
      vertex 54.5 7.9567727288213 0.2966316784620995
      vertex 54.5 7.93301270189222 0.25
    endloop
  endfacet
  facet normal 0 0.9335804264972017 -0.3583679495453003
    outer loop
      vertex 4.5 7.9567727288213 0.2966316784620995
      vertex 54.5 7.975528258147577 0.3454915028125267
      vertex 54.5 7.9567727288213 0.2966316784620995
    endloop
  endfacet
  facet normal 0 0.9659258262890676 -0.25881904510252335
    outer loop
      vertex 4.5 7.975528258147577 0.3454915028125267
      vertex 54.5 7.989073800366903 0.3960441545911202
      vertex 54.5 7.975528258147577 0.3454915028125267
    endloop
  endfacet
  facet normal 0 0.9876883405951389 -0.15643446504022374
    outer loop
      vertex 4.5 7.989073800366903 0.3960441545911202
      vertex 54.5 7.997260947684136 0.4477357683661731
      vertex 54.5 7.989073800366903 0.3960441545911202
    endloop
  endfacet
  facet normal 0 0.9986295347545734 -0.05233595624295048
    outer loop
      vertex 4.5 7.997260947684136 0.4477357683661731
      vertex 54.5 8 0.5
      vertex 54.5 7.997260947684136 0.4477357683661731
    endloop
  endfacet
  facet normal 0 0.15643446504022948 -0.9876883405951381
    outer loop
      vertex 46.44566933016895 7.595629018404851 0.009607359798384785
      vertex 54.5 7.60395584540888 0.010926199633097156
      vertex 54.5 7.595629018404851 0.009607359798384785
    endloop
  endfacet
  facet normal 0 0.15643446504022948 -0.987688340595138
    outer loop
      vertex 54.896044154591124 7.60395584540888 0.010926199633097156
      vertex 55 7.595629018404851 0.009607359798384785
      vertex 54.90437098159515 7.595629018404851 0.009607359798384785
    endloop
  endfacet
  facet normal 0 0.15643446504022948 -0.987688340595138
    outer loop
      vertex 54.896044154591124 7.60395584540888 0.010926199633097156
      vertex 55 7.60395584540888 0.010926199633097156
      vertex 55 7.595629018404851 0.009607359798384785
    endloop
  endfacet
  facet normal 0 0.2588190451025233 -0.9659258262890675
    outer loop
      vertex 54.896044154591124 7.60395584540888 0.010926199633097156
      vertex 54.84549150281253 7.654508497187473 0.02447174185242318
      vertex 55 7.654508497187473 0.02447174185242318
    endloop
  endfacet
  facet normal 0 0.3583679495453003 -0.9335804264972017
    outer loop
      vertex 54.84549150281253 7.654508497187473 0.02447174185242318
      vertex 55 7.7033683215379005 0.043227271178699844
      vertex 55 7.654508497187473 0.02447174185242318
    endloop
  endfacet
  facet normal 0 0.25881904510252335 -0.9659258262890675
    outer loop
      vertex 54.896044154591124 7.60395584540888 0.010926199633097156
      vertex 55 7.654508497187473 0.02447174185242318
      vertex 55 7.60395584540888 0.010926199633097156
    endloop
  endfacet
  facet normal 0 0.3583679495453003 -0.9335804264972017
    outer loop
      vertex 54.84549150281253 7.654508497187473 0.02447174185242318
      vertex 54.7966316784621 7.7033683215379005 0.043227271178699844
      vertex 55 7.7033683215379005 0.043227271178699844
    endloop
  endfacet
  facet normal 0 0.45399049973954103 -0.8910065241883709
    outer loop
      vertex 54.7966316784621 7.7033683215379005 0.043227271178699844
      vertex 55 7.75 0.06698729810778037
      vertex 55 7.7033683215379005 0.043227271178699844
    endloop
  endfacet
  facet normal 0 0.4539904997395409 -0.8910065241883709
    outer loop
      vertex 54.7966316784621 7.7033683215379005 0.043227271178699844
      vertex 54.75 7.75 0.06698729810778037
      vertex 55 7.75 0.06698729810778037
    endloop
  endfacet
  facet normal 0 0.544639035015036 -0.8386705679454183
    outer loop
      vertex 54.75 7.75 0.06698729810778037
      vertex 54.70610737385376 7.793892626146237 0.09549150281252672
      vertex 55 7.793892626146237 0.09549150281252672
    endloop
  endfacet
  facet normal 0 0.6293203910498306 -0.7771459614569766
    outer loop
      vertex 54.70610737385376 7.793892626146237 0.09549150281252672
      vertex 54.66543469682057 7.83456530317943 0.128427587261303
      vertex 55 7.83456530317943 0.128427587261303
    endloop
  endfacet
  facet normal 0 0.7071067811865476 -0.7071067811865476
    outer loop
      vertex 54.66543469682057 7.83456530317943 0.128427587261303
      vertex 54.6284275872613 7.871572412738697 0.16543469682057044
      vertex 55 7.871572412738697 0.16543469682057044
    endloop
  endfacet
  facet normal 0 0.7771459614569765 -0.6293203910498305
    outer loop
      vertex 54.6284275872613 7.871572412738697 0.16543469682057044
      vertex 54.59549150281253 7.904508497187473 0.20610737385376332
      vertex 55 7.904508497187473 0.20610737385376332
    endloop
  endfacet
  facet normal 0 0.544639035015036 -0.8386705679454182
    outer loop
      vertex 54.75 7.75 0.06698729810778037
      vertex 55 7.793892626146237 0.09549150281252672
      vertex 55 7.75 0.06698729810778037
    endloop
  endfacet
  facet normal 0 0.6293203910498305 -0.7771459614569765
    outer loop
      vertex 54.70610737385376 7.793892626146237 0.09549150281252672
      vertex 55 7.83456530317943 0.128427587261303
      vertex 55 7.793892626146237 0.09549150281252672
    endloop
  endfacet
  facet normal 0 0.7071067811865476 -0.7071067811865476
    outer loop
      vertex 54.66543469682057 7.83456530317943 0.128427587261303
      vertex 55 7.871572412738697 0.16543469682057044
      vertex 55 7.83456530317943 0.128427587261303
    endloop
  endfacet
  facet normal 0 0.7771459614569765 -0.6293203910498305
    outer loop
      vertex 54.6284275872613 7.871572412738697 0.16543469682057044
      vertex 55 7.904508497187473 0.20610737385376332
      vertex 55 7.871572412738697 0.16543469682057044
    endloop
  endfacet
  facet normal 0 0.8386705679454183 -0.5446390350150361
    outer loop
      vertex 54.59549150281253 7.904508497187473 0.20610737385376332
      vertex 54.56698729810778 7.93301270189222 0.25
      vertex 55 7.93301270189222 0.25
    endloop
  endfacet
  facet normal 0 0.8910065241883709 -0.45399049973954103
    outer loop
      vertex 54.56698729810778 7.93301270189222 0.25
      vertex 54.5432272711787 7.9567727288213 0.2966316784620995
      vertex 55 7.9567727288213 0.2966316784620995
    endloop
  endfacet
  facet normal 0 0.9335804264972019 -0.3583679495453004
    outer loop
      vertex 54.5432272711787 7.9567727288213 0.2966316784620995
      vertex 54.52447174185242 7.975528258147577 0.3454915028125267
      vertex 55 7.975528258147577 0.3454915028125267
    endloop
  endfacet
  facet normal 0 0.8386705679454182 -0.544639035015036
    outer loop
      vertex 54.59549150281253 7.904508497187473 0.20610737385376332
      vertex 55 7.93301270189222 0.25
      vertex 55 7.904508497187473 0.20610737385376332
    endloop
  endfacet
  facet normal 0 0.8910065241883708 -0.4539904997395409
    outer loop
      vertex 54.56698729810778 7.93301270189222 0.25
      vertex 55 7.9567727288213 0.2966316784620995
      vertex 55 7.93301270189222 0.25
    endloop
  endfacet
  facet normal 0 0.9335804264972017 -0.3583679495453003
    outer loop
      vertex 54.5432272711787 7.9567727288213 0.2966316784620995
      vertex 55 7.975528258147577 0.3454915028125267
      vertex 55 7.9567727288213 0.2966316784620995
    endloop
  endfacet
  facet normal 0 0.9659258262890676 -0.2588190451025233
    outer loop
      vertex 54.52447174185242 7.975528258147577 0.3454915028125267
      vertex 54.5109261996331 7.989073800366903 0.3960441545911202
      vertex 55 7.989073800366903 0.3960441545911202
    endloop
  endfacet
  facet normal 0 0.9659258262890675 -0.2588190451025233
    outer loop
      vertex 54.52447174185242 7.975528258147577 0.3454915028125267
      vertex 55 7.989073800366903 0.3960441545911202
      vertex 55 7.975528258147577 0.3454915028125267
    endloop
  endfacet
  facet normal 0 0.9876883405951389 -0.15643446504022374
    outer loop
      vertex 54.5109261996331 7.989073800366903 0.3960441545911202
      vertex 55 7.997260947684136 0.4477357683661731
      vertex 55 7.989073800366903 0.3960441545911202
    endloop
  endfacet
  facet normal 0 0.9876883405951389 -0.1564344650402237
    outer loop
      vertex 54.5109261996331 7.989073800366903 0.3960441545911202
      vertex 54.50273905231586 7.997260947684136 0.4477357683661731
      vertex 55 7.997260947684136 0.4477357683661731
    endloop
  endfacet
  facet normal 0 0.9986295347545735 -0.05233595624295049
    outer loop
      vertex 54.50273905231586 7.997260947684136 0.4477357683661731
      vertex 55 8 0.5
      vertex 55 7.997260947684136 0.4477357683661731
    endloop
  endfacet
  facet normal 0 0.9986295347545734 -0.05233595624295048
    outer loop
      vertex 54.50273905231586 7.997260947684136 0.4477357683661731
      vertex 54.5 8 0.5
      vertex 55 8 0.5
    endloop
  endfacet
  facet normal 0 0.9876883405951389 0.15643446504022376
    outer loop
      vertex 4 7.989073800366903 5.60395584540888
      vertex 4.497260947684136 7.997260947684136 5.552264231633827
      vertex 4 7.997260947684136 5.552264231633827
    endloop
  endfacet
  facet normal 0 0.9876883405951389 0.15643446504022374
    outer loop
      vertex 4 7.989073800366903 5.60395584540888
      vertex 4.489073800366903 7.989073800366903 5.60395584540888
      vertex 4.497260947684136 7.997260947684136 5.552264231633827
    endloop
  endfacet
  facet normal 0 0.9659258262890676 0.2588190451025233
    outer loop
      vertex 4 7.989073800366903 5.60395584540888
      vertex 4 7.975528258147577 5.654508497187473
      vertex 4.489073800366903 7.989073800366903 5.60395584540888
    endloop
  endfacet
  facet normal 0 0.9659258262890675 0.2588190451025233
    outer loop
      vertex 4.489073800366903 7.989073800366903 5.60395584540888
      vertex 4 7.975528258147577 5.654508497187473
      vertex 4.475528258147577 7.975528258147577 5.654508497187473
    endloop
  endfacet
  facet normal 0 0.9986295347545734 0.05233595624295048
    outer loop
      vertex 4 8 5.5
      vertex 4 7.997260947684136 5.552264231633827
      vertex 4.5 8 5.5
    endloop
  endfacet
  facet normal 0 0.9986295347545735 0.05233595624295049
    outer loop
      vertex 4 7.997260947684136 5.552264231633827
      vertex 4.497260947684136 7.997260947684136 5.552264231633827
      vertex 4.5 8 5.5
    endloop
  endfacet
  facet normal 0 0.8910065241883709 0.45399049973954086
    outer loop
      vertex 4 7.9567727288213 5.7033683215379005
      vertex 4 7.93301270189222 5.75
      vertex 4.4567727288213 7.9567727288213 5.7033683215379005
    endloop
  endfacet
  facet normal 0 0.8386705679454183 0.544639035015036
    outer loop
      vertex 4 7.93301270189222 5.75
      vertex 4 7.904508497187473 5.793892626146237
      vertex 4.43301270189222 7.93301270189222 5.75
    endloop
  endfacet
  facet normal 0 0.9335804264972019 0.3583679495453003
    outer loop
      vertex 4 7.975528258147577 5.654508497187473
      vertex 4 7.9567727288213 5.7033683215379005
      vertex 4.475528258147577 7.975528258147577 5.654508497187473
    endloop
  endfacet
  facet normal 0 0.9335804264972017 0.35836794954530027
    outer loop
      vertex 4 7.9567727288213 5.7033683215379005
      vertex 4.4567727288213 7.9567727288213 5.7033683215379005
      vertex 4.475528258147577 7.975528258147577 5.654508497187473
    endloop
  endfacet
  facet normal 0 0.8910065241883709 0.4539904997395409
    outer loop
      vertex 4 7.93301270189222 5.75
      vertex 4.43301270189222 7.93301270189222 5.75
      vertex 4.4567727288213 7.9567727288213 5.7033683215379005
    endloop
  endfacet
  facet normal 0 0.8386705679454182 0.544639035015036
    outer loop
      vertex 4 7.904508497187473 5.793892626146237
      vertex 4.404508497187473 7.904508497187473 5.793892626146237
      vertex 4.43301270189222 7.93301270189222 5.75
    endloop
  endfacet
  facet normal 0 0.9986295347545734 0.05233595624295048
    outer loop
      vertex 4.5 8 5.5
      vertex 4.5 7.997260947684136 5.552264231633827
      vertex 5 8 5.5
    endloop
  endfacet
  facet normal 0 0.4539904997395409 0.8910065241883709
    outer loop
      vertex 4 7.7033683215379005 5.9567727288213
      vertex 4.25 7.75 5.93301270189222
      vertex 4 7.75 5.93301270189222
    endloop
  endfacet
  facet normal 0 0.3583679495453003 0.9335804264972019
    outer loop
      vertex 4 7.7033683215379005 5.9567727288213
      vertex 4 7.654508497187473 5.975528258147577
      vertex 4.2033683215379005 7.7033683215379005 5.9567727288213
    endloop
  endfacet
  facet normal 0 0.4539904997395408 0.8910065241883708
    outer loop
      vertex 4 7.7033683215379005 5.9567727288213
      vertex 4.2033683215379005 7.7033683215379005 5.9567727288213
      vertex 4.25 7.75 5.93301270189222
    endloop
  endfacet
  facet normal 0 0.1564344650402295 0.987688340595138
    outer loop
      vertex 4 7.60395584540888 5.989073800366903
      vertex 4 7.595629018404851 5.990392640201615
      vertex 4.10395584540888 7.60395584540888 5.989073800366903
    endloop
  endfacet
  facet normal 0 0.15643446504022945 0.987688340595138
    outer loop
      vertex 4 7.595629018404851 5.990392640201615
      vertex 4.095629018404851 7.595629018404851 5.990392640201615
      vertex 4.10395584540888 7.60395584540888 5.989073800366903
    endloop
  endfacet
  facet normal 0 0.25881904510252335 0.9659258262890675
    outer loop
      vertex 4 7.60395584540888 5.989073800366903
      vertex 4.154508497187473 7.654508497187473 5.975528258147577
      vertex 4 7.654508497187473 5.975528258147577
    endloop
  endfacet
  facet normal 0 0.3583679495453002 0.9335804264972017
    outer loop
      vertex 4.2033683215379005 7.7033683215379005 5.9567727288213
      vertex 4 7.654508497187473 5.975528258147577
      vertex 4.154508497187473 7.654508497187473 5.975528258147577
    endloop
  endfacet
  facet normal 0 0.25881904510252335 0.9659258262890676
    outer loop
      vertex 4 7.60395584540888 5.989073800366903
      vertex 4.10395584540888 7.60395584540888 5.989073800366903
      vertex 4.154508497187473 7.654508497187473 5.975528258147577
    endloop
  endfacet
  facet normal 0 0.7071067811865476 0.7071067811865476
    outer loop
      vertex 4 7.83456530317943 5.871572412738697
      vertex 4.371572412738697 7.871572412738697 5.83456530317943
      vertex 4 7.871572412738697 5.83456530317943
    endloop
  endfacet
  facet normal 0 0.6293203910498305 0.7771459614569765
    outer loop
      vertex 4 7.83456530317943 5.871572412738697
      vertex 4 7.793892626146237 5.904508497187473
      vertex 4.33456530317943 7.83456530317943 5.871572412738697
    endloop
  endfacet
  facet normal 0 0.7771459614569765 0.6293203910498305
    outer loop
      vertex 4 7.904508497187473 5.793892626146237
      vertex 4 7.871572412738697 5.83456530317943
      vertex 4.404508497187473 7.904508497187473 5.793892626146237
    endloop
  endfacet
  facet normal 0 0.544639035015036 0.8386705679454183
    outer loop
      vertex 4 7.793892626146237 5.904508497187473
      vertex 4 7.75 5.93301270189222
      vertex 4.293892626146237 7.793892626146237 5.904508497187473
    endloop
  endfacet
  facet normal 0 0.7071067811865476 0.7071067811865476
    outer loop
      vertex 4 7.83456530317943 5.871572412738697
      vertex 4.33456530317943 7.83456530317943 5.871572412738697
      vertex 4.371572412738697 7.871572412738697 5.83456530317943
    endloop
  endfacet
  facet normal 0 0.7771459614569765 0.6293203910498305
    outer loop
      vertex 4.404508497187473 7.904508497187473 5.793892626146237
      vertex 4 7.871572412738697 5.83456530317943
      vertex 4.371572412738697 7.871572412738697 5.83456530317943
    endloop
  endfacet
  facet normal 0 0.544639035015036 0.8386705679454182
    outer loop
      vertex 4 7.75 5.93301270189222
      vertex 4.25 7.75 5.93301270189222
      vertex 4.293892626146237 7.793892626146237 5.904508497187473
    endloop
  endfacet
  facet normal 0 0.6293203910498305 0.7771459614569765
    outer loop
      vertex 4 7.793892626146237 5.904508497187473
      vertex 4.293892626146237 7.793892626146237 5.904508497187473
      vertex 4.33456530317943 7.83456530317943 5.871572412738697
    endloop
  endfacet
  facet normal 4.4740701739817195e-18 0.1564344650402295 0.9876883405951381
    outer loop
      vertex 4.5 7.60395584540888 5.989073800366903
      vertex 4.5 7.595629018404851 5.990392640201615
      vertex 35.57949741246098 7.59562901840485 5.990392640201615
    endloop
  endfacet
  facet normal 0 0.9876883405951389 0.15643446504022374
    outer loop
      vertex 4.5 7.989073800366903 5.60395584540888
      vertex 54.5 7.997260947684136 5.552264231633827
      vertex 4.5 7.997260947684136 5.552264231633827
    endloop
  endfacet
  facet normal 0 0.9659258262890676 0.25881904510252335
    outer loop
      vertex 4.5 7.989073800366903 5.60395584540888
      vertex 4.5 7.975528258147577 5.654508497187473
      vertex 54.5 7.989073800366903 5.60395584540888
    endloop
  endfacet
  facet normal 0 0.9986295347545735 0.05233595624295049
    outer loop
      vertex 4.5 7.997260947684136 5.552264231633827
      vertex 54 8 5.5
      vertex 5 8 5.5
    endloop
  endfacet
  facet normal 0 0.9335804264972017 0.3583679495453003
    outer loop
      vertex 4.5 7.975528258147577 5.654508497187473
      vertex 4.5 7.9567727288213 5.7033683215379005
      vertex 54.5 7.975528258147577 5.654508497187473
    endloop
  endfacet
  facet normal 0 0.8910065241883709 0.4539904997395409
    outer loop
      vertex 4.5 7.9567727288213 5.7033683215379005
      vertex 4.5 7.93301270189222 5.75
      vertex 54.5 7.9567727288213 5.7033683215379005
    endloop
  endfacet
  facet normal 0 0.8386705679454182 0.544639035015036
    outer loop
      vertex 4.5 7.93301270189222 5.75
      vertex 4.5 7.904508497187473 5.793892626146237
      vertex 54.5 7.93301270189222 5.75
    endloop
  endfacet
  facet normal 0 0.4539904997395409 0.8910065241883709
    outer loop
      vertex 4.5 7.7033683215379005 5.9567727288213
      vertex 54.5 7.75 5.93301270189222
      vertex 4.5 7.75 5.93301270189222
    endloop
  endfacet
  facet normal 0 0.3583679495453003 0.9335804264972017
    outer loop
      vertex 4.5 7.7033683215379005 5.9567727288213
      vertex 4.5 7.654508497187473 5.975528258147577
      vertex 54.5 7.7033683215379005 5.9567727288213
    endloop
  endfacet
  facet normal 0 0.25881904510252335 0.9659258262890676
    outer loop
      vertex 4.5 7.60395584540888 5.989073800366903
      vertex 54.5 7.654508497187473 5.975528258147577
      vertex 4.5 7.654508497187473 5.975528258147577
    endloop
  endfacet
  facet normal 0 0.7071067811865476 0.7071067811865476
    outer loop
      vertex 4.5 7.83456530317943 5.871572412738697
      vertex 54.5 7.871572412738697 5.83456530317943
      vertex 4.5 7.871572412738697 5.83456530317943
    endloop
  endfacet
  facet normal 0 0.6293203910498306 0.7771459614569766
    outer loop
      vertex 4.5 7.83456530317943 5.871572412738697
      vertex 4.5 7.793892626146237 5.904508497187473
      vertex 54.5 7.83456530317943 5.871572412738697
    endloop
  endfacet
  facet normal 0 0.7771459614569766 0.6293203910498306
    outer loop
      vertex 4.5 7.904508497187473 5.793892626146237
      vertex 4.5 7.871572412738697 5.83456530317943
      vertex 54.5 7.904508497187473 5.793892626146237
    endloop
  endfacet
  facet normal 0 0.544639035015036 0.8386705679454182
    outer loop
      vertex 4.5 7.793892626146237 5.904508497187473
      vertex 4.5 7.75 5.93301270189222
      vertex 54.5 7.793892626146237 5.904508497187473
    endloop
  endfacet
  facet normal 0 0.1564344650402132 0.9876883405951405
    outer loop
      vertex 4.5 7.60395584540888 5.989073800366903
      vertex 35.57949741246098 7.59562901840485 5.990392640201615
      vertex 54.5 7.60395584540888 5.989073800366903
    endloop
  endfacet
  facet normal 0 0.9986295347545734 0.05233595624295048
    outer loop
      vertex 4.5 7.997260947684136 5.552264231633827
      vertex 54.5 8 5.5
      vertex 54 8 5.5
    endloop
  endfacet
  facet normal 0 0.9876883405951389 0.15643446504022374
    outer loop
      vertex 4.5 7.989073800366903 5.60395584540888
      vertex 54.5 7.989073800366903 5.60395584540888
      vertex 54.5 7.997260947684136 5.552264231633827
    endloop
  endfacet
  facet normal 0 0.9659258262890676 0.25881904510252335
    outer loop
      vertex 4.5 7.975528258147577 5.654508497187473
      vertex 54.5 7.975528258147577 5.654508497187473
      vertex 54.5 7.989073800366903 5.60395584540888
    endloop
  endfacet
  facet normal 0 0.9986295347545734 0.05233595624295048
    outer loop
      vertex 4.5 7.997260947684136 5.552264231633827
      vertex 54.5 7.997260947684136 5.552264231633827
      vertex 54.5 8 5.5
    endloop
  endfacet
  facet normal 0 0.9335804264972017 0.3583679495453003
    outer loop
      vertex 4.5 7.9567727288213 5.7033683215379005
      vertex 54.5 7.9567727288213 5.7033683215379005
      vertex 54.5 7.975528258147577 5.654508497187473
    endloop
  endfacet
  facet normal 0 0.8910065241883709 0.4539904997395409
    outer loop
      vertex 4.5 7.93301270189222 5.75
      vertex 54.5 7.93301270189222 5.75
      vertex 54.5 7.9567727288213 5.7033683215379005
    endloop
  endfacet
  facet normal 0 0.8386705679454182 0.544639035015036
    outer loop
      vertex 4.5 7.904508497187473 5.793892626146237
      vertex 54.5 7.904508497187473 5.793892626146237
      vertex 54.5 7.93301270189222 5.75
    endloop
  endfacet
  facet normal 0 0.4539904997395409 0.8910065241883709
    outer loop
      vertex 4.5 7.7033683215379005 5.9567727288213
      vertex 54.5 7.7033683215379005 5.9567727288213
      vertex 54.5 7.75 5.93301270189222
    endloop
  endfacet
  facet normal 0 0.3583679495453003 0.9335804264972017
    outer loop
      vertex 4.5 7.654508497187473 5.975528258147577
      vertex 54.5 7.654508497187473 5.975528258147577
      vertex 54.5 7.7033683215379005 5.9567727288213
    endloop
  endfacet
  facet normal 0 0.25881904510252335 0.9659258262890676
    outer loop
      vertex 4.5 7.60395584540888 5.989073800366903
      vertex 54.5 7.60395584540888 5.989073800366903
      vertex 54.5 7.654508497187473 5.975528258147577
    endloop
  endfacet
  facet normal 0 0.7071067811865476 0.7071067811865476
    outer loop
      vertex 4.5 7.83456530317943 5.871572412738697
      vertex 54.5 7.83456530317943 5.871572412738697
      vertex 54.5 7.871572412738697 5.83456530317943
    endloop
  endfacet
  facet normal 0 0.7771459614569766 0.6293203910498306
    outer loop
      vertex 4.5 7.871572412738697 5.83456530317943
      vertex 54.5 7.871572412738697 5.83456530317943
      vertex 54.5 7.904508497187473 5.793892626146237
    endloop
  endfacet
  facet normal 0 0.544639035015036 0.8386705679454182
    outer loop
      vertex 4.5 7.75 5.93301270189222
      vertex 54.5 7.75 5.93301270189222
      vertex 54.5 7.793892626146237 5.904508497187473
    endloop
  endfacet
  facet normal 0 0.6293203910498306 0.7771459614569766
    outer loop
      vertex 4.5 7.793892626146237 5.904508497187473
      vertex 54.5 7.793892626146237 5.904508497187473
      vertex 54.5 7.83456530317943 5.871572412738697
    endloop
  endfacet
  facet normal -7.343447421823354e-18 0.15643446504022948 0.987688340595138
    outer loop
      vertex 35.57949741246098 7.59562901840485 5.990392640201615
      vertex 54.5 7.595629018404851 5.990392640201615
      vertex 54.5 7.60395584540888 5.989073800366903
    endloop
  endfacet
  facet normal 0 0.9876883405951389 0.1564344650402237
    outer loop
      vertex 54.5109261996331 7.989073800366903 5.60395584540888
      vertex 55 7.997260947684136 5.552264231633827
      vertex 54.50273905231586 7.997260947684136 5.552264231633827
    endloop
  endfacet
  facet normal 0 0.9876883405951389 0.15643446504022374
    outer loop
      vertex 54.5109261996331 7.989073800366903 5.60395584540888
      vertex 55 7.989073800366903 5.60395584540888
      vertex 55 7.997260947684136 5.552264231633827
    endloop
  endfacet
  facet normal 0 0.9659258262890676 0.2588190451025233
    outer loop
      vertex 54.5109261996331 7.989073800366903 5.60395584540888
      vertex 54.52447174185242 7.975528258147577 5.654508497187473
      vertex 55 7.989073800366903 5.60395584540888
    endloop
  endfacet
  facet normal 0 0.9659258262890675 0.2588190451025233
    outer loop
      vertex 55 7.989073800366903 5.60395584540888
      vertex 54.52447174185242 7.975528258147577 5.654508497187473
      vertex 55 7.975528258147577 5.654508497187473
    endloop
  endfacet
  facet normal 0 0.9986295347545734 0.05233595624295048
    outer loop
      vertex 54.5 8 5.5
      vertex 54.50273905231586 7.997260947684136 5.552264231633827
      vertex 55 8 5.5
    endloop
  endfacet
  facet normal 0 0.9986295347545735 0.05233595624295049
    outer loop
      vertex 54.50273905231586 7.997260947684136 5.552264231633827
      vertex 55 7.997260947684136 5.552264231633827
      vertex 55 8 5.5
    endloop
  endfacet
  facet normal 0 0.9335804264972019 0.3583679495453003
    outer loop
      vertex 54.52447174185242 7.975528258147577 5.654508497187473
      vertex 54.5432272711787 7.9567727288213 5.7033683215379005
      vertex 55 7.975528258147577 5.654508497187473
    endloop
  endfacet
  facet normal 0 0.8910065241883708 0.4539904997395408
    outer loop
      vertex 54.5432272711787 7.9567727288213 5.7033683215379005
      vertex 54.56698729810778 7.93301270189222 5.75
      vertex 55 7.9567727288213 5.7033683215379005
    endloop
  endfacet
  facet normal 0 0.8386705679454183 0.5446390350150361
    outer loop
      vertex 54.56698729810778 7.93301270189222 5.75
      vertex 54.59549150281253 7.904508497187473 5.793892626146237
      vertex 55 7.93301270189222 5.75
    endloop
  endfacet
  facet normal 0 0.9335804264972017 0.3583679495453003
    outer loop
      vertex 54.5432272711787 7.9567727288213 5.7033683215379005
      vertex 55 7.9567727288213 5.7033683215379005
      vertex 55 7.975528258147577 5.654508497187473
    endloop
  endfacet
  facet normal 0 0.8910065241883708 0.4539904997395409
    outer loop
      vertex 54.56698729810778 7.93301270189222 5.75
      vertex 55 7.93301270189222 5.75
      vertex 55 7.9567727288213 5.7033683215379005
    endloop
  endfacet
  facet normal 0 0.8386705679454182 0.544639035015036
    outer loop
      vertex 54.59549150281253 7.904508497187473 5.793892626146237
      vertex 55 7.904508497187473 5.793892626146237
      vertex 55 7.93301270189222 5.75
    endloop
  endfacet
  facet normal 0 0.4539904997395409 0.8910065241883709
    outer loop
      vertex 54.7966316784621 7.7033683215379005 5.9567727288213
      vertex 55 7.75 5.93301270189222
      vertex 54.75 7.75 5.93301270189222
    endloop
  endfacet
  facet normal 0 0.3583679495453003 0.9335804264972017
    outer loop
      vertex 54.7966316784621 7.7033683215379005 5.9567727288213
      vertex 54.84549150281253 7.654508497187473 5.975528258147577
      vertex 55 7.7033683215379005 5.9567727288213
    endloop
  endfacet
  facet normal 0 0.45399049973954103 0.8910065241883709
    outer loop
      vertex 54.7966316784621 7.7033683215379005 5.9567727288213
      vertex 55 7.7033683215379005 5.9567727288213
      vertex 55 7.75 5.93301270189222
    endloop
  endfacet
  facet normal 0 0.15643446504022948 0.987688340595138
    outer loop
      vertex 54.896044154591124 7.60395584540888 5.989073800366903
      vertex 54.90437098159515 7.595629018404851 5.990392640201615
      vertex 55 7.60395584540888 5.989073800366903
    endloop
  endfacet
  facet normal 0 0.15643446504022948 0.987688340595138
    outer loop
      vertex 54.90437098159515 7.595629018404851 5.990392640201615
      vertex 55 7.595629018404851 5.990392640201615
      vertex 55 7.60395584540888 5.989073800366903
    endloop
  endfacet
  facet normal 0 0.2588190451025233 0.9659258262890675
    outer loop
      vertex 54.896044154591124 7.60395584540888 5.989073800366903
      vertex 55 7.654508497187473 5.975528258147577
      vertex 54.84549150281253 7.654508497187473 5.975528258147577
    endloop
  endfacet
  facet normal 0 0.3583679495453003 0.9335804264972017
    outer loop
      vertex 55 7.7033683215379005 5.9567727288213
      vertex 54.84549150281253 7.654508497187473 5.975528258147577
      vertex 55 7.654508497187473 5.975528258147577
    endloop
  endfacet
  facet normal 0 0.25881904510252335 0.9659258262890675
    outer loop
      vertex 54.896044154591124 7.60395584540888 5.989073800366903
      vertex 55 7.60395584540888 5.989073800366903
      vertex 55 7.654508497187473 5.975528258147577
    endloop
  endfacet
  facet normal 0 0.7071067811865476 0.7071067811865476
    outer loop
      vertex 54.66543469682057 7.83456530317943 5.871572412738697
      vertex 55 7.871572412738697 5.83456530317943
      vertex 54.6284275872613 7.871572412738697 5.83456530317943
    endloop
  endfacet
  facet normal 0 0.6293203910498306 0.7771459614569766
    outer loop
      vertex 54.66543469682057 7.83456530317943 5.871572412738697
      vertex 54.70610737385376 7.793892626146237 5.904508497187473
      vertex 55 7.83456530317943 5.871572412738697
    endloop
  endfacet
  facet normal 0 0.7771459614569765 0.6293203910498305
    outer loop
      vertex 54.59549150281253 7.904508497187473 5.793892626146237
      vertex 54.6284275872613 7.871572412738697 5.83456530317943
      vertex 55 7.904508497187473 5.793892626146237
    endloop
  endfacet
  facet normal 0 0.544639035015036 0.8386705679454183
    outer loop
      vertex 54.70610737385376 7.793892626146237 5.904508497187473
      vertex 54.75 7.75 5.93301270189222
      vertex 55 7.793892626146237 5.904508497187473
    endloop
  endfacet
  facet normal 0 0.7071067811865476 0.7071067811865476
    outer loop
      vertex 54.66543469682057 7.83456530317943 5.871572412738697
      vertex 55 7.83456530317943 5.871572412738697
      vertex 55 7.871572412738697 5.83456530317943
    endloop
  endfacet
  facet normal 0 0.7771459614569765 0.6293203910498305
    outer loop
      vertex 55 7.904508497187473 5.793892626146237
      vertex 54.6284275872613 7.871572412738697 5.83456530317943
      vertex 55 7.871572412738697 5.83456530317943
    endloop
  endfacet
  facet normal 0 0.544639035015036 0.8386705679454182
    outer loop
      vertex 54.75 7.75 5.93301270189222
      vertex 55 7.75 5.93301270189222
      vertex 55 7.793892626146237 5.904508497187473
    endloop
  endfacet
  facet normal 0 0.6293203910498305 0.7771459614569765
    outer loop
      vertex 54.70610737385376 7.793892626146237 5.904508497187473
      vertex 55 7.793892626146237 5.904508497187473
      vertex 55 7.83456530317943 5.871572412738697
    endloop
  endfacet
  facet normal 1 0 0
    outer loop
      vertex 4 11 0.009607359798384785
      vertex 4 11.345491502812527 0.02447174185242318
      vertex 4 11.2966316784621 0.043227271178699844
    endloop
  endfacet
  facet normal 1 0 0
    outer loop
      vertex 4 11 0.009607359798384785
      vertex 4 11.39604415459112 0.010926199633097156
      vertex 4 11.345491502812527 0.02447174185242318
    endloop
  endfacet
  facet normal 1 0 0
    outer loop
      vertex 4 11 0.009607359798384785
      vertex 4 11.40437098159515 0.009607359798384785
      vertex 4 11.39604415459112 0.010926199633097156
    endloop
  endfacet
  facet normal 1 0 0
    outer loop
      vertex 4 11 0.009607359798384785
      vertex 4 11.128427587261303 0.16543469682057044
      vertex 4 11.095491502812527 0.20610737385376332
    endloop
  endfacet
  facet normal 0 1 0
    outer loop
      vertex 4 11 0.009607359798384785
      vertex 4 11 0.5
      vertex 4.095629018404851 11 0.009607359798384785
    endloop
  endfacet
  facet normal 1 0 0
    outer loop
      vertex 4 11 0.009607359798384785
      vertex 4 11.095491502812527 0.20610737385376332
      vertex 4 11.066987298107781 0.25
    endloop
  endfacet
  facet normal 1 0 0
    outer loop
      vertex 4 11 0.009607359798384785
      vertex 4 11.066987298107781 0.25
      vertex 4 11.043227271178699 0.2966316784620995
    endloop
  endfacet
  facet normal 0 1 0
    outer loop
      vertex 4.095629018404851 11 0.009607359798384785
      vertex 4 11 0.5
      vertex 4.10395584540888 11 0.010926199633097156
    endloop
  endfacet
  facet normal 0 1 0
    outer loop
      vertex 4.10395584540888 11 0.010926199633097156
      vertex 4 11 0.5
      vertex 4.154508497187473 11 0.02447174185242318
    endloop
  endfacet
  facet normal 0 1 0
    outer loop
      vertex 4.154508497187473 11 0.02447174185242318
      vertex 4 11 0.5
      vertex 4.2033683215379005 11 0.043227271178699844
    endloop
  endfacet
  facet normal 1 0 0
    outer loop
      vertex 4 11 0.009607359798384785
      vertex 4 11.25 0.06698729810778037
      vertex 4 11.206107373853763 0.09549150281252672
    endloop
  endfacet
  facet normal 1 0 0
    outer loop
      vertex 4 11 0.009607359798384785
      vertex 4 11.2966316784621 0.043227271178699844
      vertex 4 11.25 0.06698729810778037
    endloop
  endfacet
  facet normal 1 0 0
    outer loop
      vertex 4 11 0.009607359798384785
      vertex 4 11.206107373853763 0.09549150281252672
      vertex 4 11.16543469682057 0.128427587261303
    endloop
  endfacet
  facet normal 1 0 0
    outer loop
      vertex 4 11 0.009607359798384785
      vertex 4 11.16543469682057 0.128427587261303
      vertex 4 11.128427587261303 0.16543469682057044
    endloop
  endfacet
  facet normal 1 0 0
    outer loop
      vertex 4 11 0.009607359798384785
      vertex 4 11.043227271178699 0.2966316784620995
      vertex 4 11.024471741852423 0.3454915028125267
    endloop
  endfacet
  facet normal 0 1 0
    outer loop
      vertex 4.2033683215379005 11 0.043227271178699844
      vertex 4 11 0.5
      vertex 4.25 11 0.06698729810778037
    endloop
  endfacet
  facet normal 1 0 0
    outer loop
      vertex 4 11 0.009607359798384785
      vertex 4 11.024471741852423 0.3454915028125267
      vertex 4 11.010926199633097 0.3960441545911202
    endloop
  endfacet
  facet normal 1 0 0
    outer loop
      vertex 4 11 0.009607359798384785
      vertex 4 11.010926199633097 0.3960441545911202
      vertex 4 11.002739052315864 0.4477357683661731
    endloop
  endfacet
  facet normal 1 0 0
    outer loop
      vertex 4 11 0.009607359798384785
      vertex 4 11.002739052315864 0.4477357683661731
      vertex 4 11 0.5
    endloop
  endfacet
  facet normal 0 1 0
    outer loop
      vertex 4.25 11 0.06698729810778037
      vertex 4 11 0.5
      vertex 4.293892626146237 11 0.09549150281252672
    endloop
  endfacet
  facet normal 0 1 0
    outer loop
      vertex 4.293892626146237 11 0.09549150281252672
      vertex 4 11 0.5
      vertex 4.33456530317943 11 0.128427587261303
    endloop
  endfacet
  facet normal 0 1 0
    outer loop
      vertex 4.33456530317943 11 0.128427587261303
      vertex 4 11 0.5
      vertex 4.371572412738697 11 0.16543469682057044
    endloop
  endfacet
  facet normal 0 1 0
    outer loop
      vertex 4.371572412738697 11 0.16543469682057044
      vertex 4 11 0.5
      vertex 4.404508497187473 11 0.20610737385376332
    endloop
  endfacet
  facet normal 0 1 0
    outer loop
      vertex 4.404508497187473 11 0.20610737385376332
      vertex 4 11 0.5
      vertex 4.43301270189222 11 0.25
    endloop
  endfacet
  facet normal 0 1 0
    outer loop
      vertex 4.43301270189222 11 0.25
      vertex 4 11 0.5
      vertex 4.4567727288213 11 0.2966316784620995
    endloop
  endfacet
  facet normal 0 1 0
    outer loop
      vertex 4.4567727288213 11 0.2966316784620995
      vertex 4 11 0.5
      vertex 4.475528258147577 11 0.3454915028125267
    endloop
  endfacet
  facet normal 0 1 0
    outer loop
      vertex 4.475528258147577 11 0.3454915028125267
      vertex 4 11 0.5
      vertex 4.489073800366903 11 0.3960441545911202
    endloop
  endfacet
  facet normal 0 1 0
    outer loop
      vertex 4 11 0.5
      vertex 4.497260947684136 11 0.4477357683661731
      vertex 4.489073800366903 11 0.3960441545911202
    endloop
  endfacet
  facet normal 0 1 0
    outer loop
      vertex 4 11 0.5
      vertex 4.5 11 0.5
      vertex 4.497260947684136 11 0.4477357683661731
    endloop
  endfacet
  facet normal 0 1 0
    outer loop
      vertex 54.896044154591124 11 0.010926199633097156
      vertex 55 11 0.009607359798384785
      vertex 54.90437098159515 11 0.009607359798384785
    endloop
  endfacet
  facet normal -1 0 0
    outer loop
      vertex 55 11 0.009607359798384785
      vertex 55 11.2966316784621 0.043227271178699844
      vertex 55 11.345491502812527 0.02447174185242318
    endloop
  endfacet
  facet normal -1 0 0
    outer loop
      vertex 55 11 0.009607359798384785
      vertex 55 11.345491502812527 0.02447174185242318
      vertex 55 11.39604415459112 0.010926199633097156
    endloop
  endfacet
  facet normal -1 0 0
    outer loop
      vertex 55 11 0.009607359798384785
      vertex 55 11.39604415459112 0.010926199633097156
      vertex 55 11.40437098159515 0.009607359798384785
    endloop
  endfacet
  facet normal -1 0 0
    outer loop
      vertex 55 11 0.009607359798384785
      vertex 55 11.095491502812527 0.20610737385376332
      vertex 55 11.128427587261303 0.16543469682057044
    endloop
  endfacet
  facet normal 0 1 0
    outer loop
      vertex 54.84549150281253 11 0.02447174185242318
      vertex 54.7966316784621 11 0.043227271178699844
      vertex 55 11 0.5
    endloop
  endfacet
  facet normal 0 1 0
    outer loop
      vertex 54.896044154591124 11 0.010926199633097156
      vertex 54.84549150281253 11 0.02447174185242318
      vertex 55 11 0.5
    endloop
  endfacet
  facet normal 0 1 0
    outer loop
      vertex 54.896044154591124 11 0.010926199633097156
      vertex 55 11 0.5
      vertex 55 11 0.009607359798384785
    endloop
  endfacet
  facet normal -1 0 0
    outer loop
      vertex 55 11 0.009607359798384785
      vertex 55 11.066987298107781 0.25
      vertex 55 11.095491502812527 0.20610737385376332
    endloop
  endfacet
  facet normal -1 0 0
    outer loop
      vertex 55 11 0.009607359798384785
      vertex 55 11.043227271178699 0.2966316784620995
      vertex 55 11.066987298107781 0.25
    endloop
  endfacet
  facet normal -1 0 0
    outer loop
      vertex 55 11 0.009607359798384785
      vertex 55 11.206107373853763 0.09549150281252672
      vertex 55 11.25 0.06698729810778037
    endloop
  endfacet
  facet normal -1 0 0
    outer loop
      vertex 55 11 0.009607359798384785
      vertex 55 11.25 0.06698729810778037
      vertex 55 11.2966316784621 0.043227271178699844
    endloop
  endfacet
  facet normal -1 0 0
    outer loop
      vertex 55 11 0.009607359798384785
      vertex 55 11.16543469682057 0.128427587261303
      vertex 55 11.206107373853763 0.09549150281252672
    endloop
  endfacet
  facet normal -1 0 0
    outer loop
      vertex 55 11 0.009607359798384785
      vertex 55 11.128427587261303 0.16543469682057044
      vertex 55 11.16543469682057 0.128427587261303
    endloop
  endfacet
  facet normal 0 1 0
    outer loop
      vertex 54.75 11 0.06698729810778037
      vertex 54.70610737385376 11 0.09549150281252672
      vertex 55 11 0.5
    endloop
  endfacet
  facet normal 0 1 0
    outer loop
      vertex 54.70610737385376 11 0.09549150281252672
      vertex 54.66543469682057 11 0.128427587261303
      vertex 55 11 0.5
    endloop
  endfacet
  facet normal 0 1 0
    outer loop
      vertex 54.66543469682057 11 0.128427587261303
      vertex 54.6284275872613 11 0.16543469682057044
      vertex 55 11 0.5
    endloop
  endfacet
  facet normal 0 1 0
    outer loop
      vertex 54.6284275872613 11 0.16543469682057044
      vertex 54.59549150281253 11 0.20610737385376332
      vertex 55 11 0.5
    endloop
  endfacet
  facet normal 0 1 0
    outer loop
      vertex 54.59549150281253 11 0.20610737385376332
      vertex 54.56698729810778 11 0.25
      vertex 55 11 0.5
    endloop
  endfacet
  facet normal 0 1 0
    outer loop
      vertex 54.7966316784621 11 0.043227271178699844
      vertex 54.75 11 0.06698729810778037
      vertex 55 11 0.5
    endloop
  endfacet
  facet normal -1 0 0
    outer loop
      vertex 55 11 0.009607359798384785
      vertex 55 11.024471741852423 0.3454915028125267
      vertex 55 11.043227271178699 0.2966316784620995
    endloop
  endfacet
  facet normal -1 0 0
    outer loop
      vertex 55 11 0.009607359798384785
      vertex 55 11.010926199633097 0.3960441545911202
      vertex 55 11.024471741852423 0.3454915028125267
    endloop
  endfacet
  facet normal -1 0 0
    outer loop
      vertex 55 11 0.009607359798384785
      vertex 55 11.002739052315864 0.4477357683661731
      vertex 55 11.010926199633097 0.3960441545911202
    endloop
  endfacet
  facet normal -1 0 0
    outer loop
      vertex 55 11 0.009607359798384785
      vertex 55 11 0.5
      vertex 55 11.002739052315864 0.4477357683661731
    endloop
  endfacet
  facet normal 0 1 0
    outer loop
      vertex 54.56698729810778 11 0.25
      vertex 54.5432272711787 11 0.2966316784620995
      vertex 55 11 0.5
    endloop
  endfacet
  facet normal 0 1 0
    outer loop
      vertex 54.5432272711787 11 0.2966316784620995
      vertex 54.52447174185242 11 0.3454915028125267
      vertex 55 11 0.5
    endloop
  endfacet
  facet normal 0 1 0
    outer loop
      vertex 54.52447174185242 11 0.3454915028125267
      vertex 54.5109261996331 11 0.3960441545911202
      vertex 55 11 0.5
    endloop
  endfacet
  facet normal 0 1 0
    outer loop
      vertex 54.5109261996331 11 0.3960441545911202
      vertex 54.50273905231586 11 0.4477357683661731
      vertex 55 11 0.5
    endloop
  endfacet
  facet normal 0 1 0
    outer loop
      vertex 54.50273905231586 11 0.4477357683661731
      vertex 54.5 11 0.5
      vertex 55 11 0.5
    endloop
  endfacet
  facet normal 0 1 0
    outer loop
      vertex 4 11 5.5
      vertex 4.497260947684136 11 5.552264231633827
      vertex 4.5 11 5.5
    endloop
  endfacet
  facet normal 0 1 0
    outer loop
      vertex 4 11 5.5
      vertex 4.489073800366903 11 5.60395584540888
      vertex 4.497260947684136 11 5.552264231633827
    endloop
  endfacet
  facet normal 0 1 0
    outer loop
      vertex 4 11 5.5
      vertex 4.475528258147577 11 5.654508497187473
      vertex 4.489073800366903 11 5.60395584540888
    endloop
  endfacet
  facet normal 0 1 0
    outer loop
      vertex 4 11 5.5
      vertex 4.4567727288213 11 5.7033683215379005
      vertex 4.475528258147577 11 5.654508497187473
    endloop
  endfacet
  facet normal 0 1 0
    outer loop
      vertex 4 11 5.5
      vertex 4.43301270189222 11 5.75
      vertex 4.4567727288213 11 5.7033683215379005
    endloop
  endfacet
  facet normal 1 0 0
    outer loop
      vertex 4 11 5.5
      vertex 4 11.002739052315864 5.552264231633827
      vertex 4 11 5.990392640201615
    endloop
  endfacet
  facet normal 1 0 0
    outer loop
      vertex 4 11.002739052315864 5.552264231633827
      vertex 4 11.010926199633097 5.60395584540888
      vertex 4 11 5.990392640201615
    endloop
  endfacet
  facet normal 1 0 0
    outer loop
      vertex 4 11.010926199633097 5.60395584540888
      vertex 4 11.024471741852423 5.654508497187473
      vertex 4 11 5.990392640201615
    endloop
  endfacet
  facet normal 1 0 0
    outer loop
      vertex 4 11.024471741852423 5.654508497187473
      vertex 4 11.043227271178699 5.7033683215379005
      vertex 4 11 5.990392640201615
    endloop
  endfacet
  facet normal 0 1 0
    outer loop
      vertex 4 11 5.5
      vertex 4.2033683215379005 11 5.9567727288213
      vertex 4.25 11 5.93301270189222
    endloop
  endfacet
  facet normal 0 1 0
    outer loop
      vertex 4 11 5.5
      vertex 4.404508497187473 11 5.793892626146237
      vertex 4.43301270189222 11 5.75
    endloop
  endfacet
  facet normal 0 1 0
    outer loop
      vertex 4 11 5.5
      vertex 4.371572412738697 11 5.83456530317943
      vertex 4.404508497187473 11 5.793892626146237
    endloop
  endfacet
  facet normal 0 1 0
    outer loop
      vertex 4 11 5.5
      vertex 4.33456530317943 11 5.871572412738697
      vertex 4.371572412738697 11 5.83456530317943
    endloop
  endfacet
  facet normal 0 1 0
    outer loop
      vertex 4 11 5.5
      vertex 4.293892626146237 11 5.904508497187473
      vertex 4.33456530317943 11 5.871572412738697
    endloop
  endfacet
  facet normal 0 1 0
    outer loop
      vertex 4 11 5.5
      vertex 4.25 11 5.93301270189222
      vertex 4.293892626146237 11 5.904508497187473
    endloop
  endfacet
  facet normal 0 1 0
    outer loop
      vertex 4 11 5.5
      vertex 4 11 5.990392640201615
      vertex 4.10395584540888 11 5.989073800366903
    endloop
  endfacet
  facet normal 1 0 0
    outer loop
      vertex 4 11.043227271178699 5.7033683215379005
      vertex 4 11.066987298107781 5.75
      vertex 4 11 5.990392640201615
    endloop
  endfacet
  facet normal 1 0 0
    outer loop
      vertex 4 11.066987298107781 5.75
      vertex 4 11.095491502812527 5.793892626146237
      vertex 4 11 5.990392640201615
    endloop
  endfacet
  facet normal 0 1 0
    outer loop
      vertex 4 11 5.5
      vertex 4.10395584540888 11 5.989073800366903
      vertex 4.154508497187473 11 5.975528258147577
    endloop
  endfacet
  facet normal 0 1 0
    outer loop
      vertex 4 11 5.5
      vertex 4.154508497187473 11 5.975528258147577
      vertex 4.2033683215379005 11 5.9567727288213
    endloop
  endfacet
  facet normal 1 0 0
    outer loop
      vertex 4 11.095491502812527 5.793892626146237
      vertex 4 11.128427587261303 5.83456530317943
      vertex 4 11 5.990392640201615
    endloop
  endfacet
  facet normal 1 0 0
    outer loop
      vertex 4 11.128427587261303 5.83456530317943
      vertex 4 11.16543469682057 5.871572412738697
      vertex 4 11 5.990392640201615
    endloop
  endfacet
  facet normal 1 0 0
    outer loop
      vertex 4 11.16543469682057 5.871572412738697
      vertex 4 11.206107373853763 5.904508497187473
      vertex 4 11 5.990392640201615
    endloop
  endfacet
  facet normal 1 0 0
    outer loop
      vertex 4 11.206107373853763 5.904508497187473
      vertex 4 11.25 5.93301270189222
      vertex 4 11 5.990392640201615
    endloop
  endfacet
  facet normal 1 0 0
    outer loop
      vertex 4 11.25 5.93301270189222
      vertex 4 11.2966316784621 5.9567727288213
      vertex 4 11 5.990392640201615
    endloop
  endfacet
  facet normal 0 1 0
    outer loop
      vertex 4 11 5.990392640201615
      vertex 4.095629018404851 11 5.990392640201615
      vertex 4.10395584540888 11 5.989073800366903
    endloop
  endfacet
  facet normal 1 0 0
    outer loop
      vertex 4 11.2966316784621 5.9567727288213
      vertex 4 11.345491502812527 5.975528258147577
      vertex 4 11 5.990392640201615
    endloop
  endfacet
  facet normal 1 0 0
    outer loop
      vertex 4 11 5.990392640201615
      vertex 4 11.345491502812527 5.975528258147577
      vertex 4 11.39604415459112 5.989073800366903
    endloop
  endfacet
  facet normal 1 0 0
    outer loop
      vertex 4 11 5.990392640201615
      vertex 4 11.39604415459112 5.989073800366903
      vertex 4 11.40437098159515 5.990392640201615
    endloop
  endfacet
  facet normal 0 1 0
    outer loop
      vertex 54.5 11 5.5
      vertex 54.50273905231586 11 5.552264231633827
      vertex 55 11 5.5
    endloop
  endfacet
  facet normal 0 1 0
    outer loop
      vertex 54.50273905231586 11 5.552264231633827
      vertex 54.5109261996331 11 5.60395584540888
      vertex 55 11 5.5
    endloop
  endfacet
  facet normal 0 1 0
    outer loop
      vertex 54.5109261996331 11 5.60395584540888
      vertex 54.52447174185242 11 5.654508497187473
      vertex 55 11 5.5
    endloop
  endfacet
  facet normal 0 1 0
    outer loop
      vertex 55 11 5.5
      vertex 54.52447174185242 11 5.654508497187473
      vertex 54.5432272711787 11 5.7033683215379005
    endloop
  endfacet
  facet normal 0 1 0
    outer loop
      vertex 55 11 5.5
      vertex 54.5432272711787 11 5.7033683215379005
      vertex 54.56698729810778 11 5.75
    endloop
  endfacet
  facet normal 0 1 0
    outer loop
      vertex 55 11 5.5
      vertex 54.56698729810778 11 5.75
      vertex 54.59549150281253 11 5.793892626146237
    endloop
  endfacet
  facet normal 0 1 0
    outer loop
      vertex 55 11 5.5
      vertex 54.59549150281253 11 5.793892626146237
      vertex 54.6284275872613 11 5.83456530317943
    endloop
  endfacet
  facet normal 0 1 0
    outer loop
      vertex 55 11 5.5
      vertex 54.6284275872613 11 5.83456530317943
      vertex 54.66543469682057 11 5.871572412738697
    endloop
  endfacet
  facet normal 0 1 0
    outer loop
      vertex 55 11 5.5
      vertex 54.66543469682057 11 5.871572412738697
      vertex 54.70610737385376 11 5.904508497187473
    endloop
  endfacet
  facet normal 0 1 0
    outer loop
      vertex 55 11 5.5
      vertex 54.70610737385376 11 5.904508497187473
      vertex 54.75 11 5.93301270189222
    endloop
  endfacet
  facet normal -1 0 0
    outer loop
      vertex 55 11 5.5
      vertex 55 11 5.990392640201615
      vertex 55 11.002739052315864 5.552264231633827
    endloop
  endfacet
  facet normal -1 0 0
    outer loop
      vertex 55 11.002739052315864 5.552264231633827
      vertex 55 11 5.990392640201615
      vertex 55 11.010926199633097 5.60395584540888
    endloop
  endfacet
  facet normal -1 0 0
    outer loop
      vertex 55 11.010926199633097 5.60395584540888
      vertex 55 11 5.990392640201615
      vertex 55 11.024471741852423 5.654508497187473
    endloop
  endfacet
  facet normal 0 1 0
    outer loop
      vertex 55 11 5.5
      vertex 54.75 11 5.93301270189222
      vertex 54.7966316784621 11 5.9567727288213
    endloop
  endfacet
  facet normal -1 0 0
    outer loop
      vertex 55 11.024471741852423 5.654508497187473
      vertex 55 11 5.990392640201615
      vertex 55 11.043227271178699 5.7033683215379005
    endloop
  endfacet
  facet normal 0 1 0
    outer loop
      vertex 55 11 5.5
      vertex 54.7966316784621 11 5.9567727288213
      vertex 54.84549150281253 11 5.975528258147577
    endloop
  endfacet
  facet normal 0 1 0
    outer loop
      vertex 55 11 5.5
      vertex 54.84549150281253 11 5.975528258147577
      vertex 54.896044154591124 11 5.989073800366903
    endloop
  endfacet
  facet normal 0 1 0
    outer loop
      vertex 55 11 5.5
      vertex 54.896044154591124 11 5.989073800366903
      vertex 54.90437098159515 11 5.990392640201615
    endloop
  endfacet
  facet normal 0 1 0
    outer loop
      vertex 55 11 5.5
      vertex 54.90437098159515 11 5.990392640201615
      vertex 55 11 5.990392640201615
    endloop
  endfacet
  facet normal -1 0 0
    outer loop
      vertex 55 11.043227271178699 5.7033683215379005
      vertex 55 11 5.990392640201615
      vertex 55 11.066987298107781 5.75
    endloop
  endfacet
  facet normal -1 0 0
    outer loop
      vertex 55 11.066987298107781 5.75
      vertex 55 11 5.990392640201615
      vertex 55 11.095491502812527 5.793892626146237
    endloop
  endfacet
  facet normal -1 0 0
    outer loop
      vertex 55 11.095491502812527 5.793892626146237
      vertex 55 11 5.990392640201615
      vertex 55 11.128427587261303 5.83456530317943
    endloop
  endfacet
  facet normal -1 0 0
    outer loop
      vertex 55 11.128427587261303 5.83456530317943
      vertex 55 11 5.990392640201615
      vertex 55 11.16543469682057 5.871572412738697
    endloop
  endfacet
  facet normal -1 0 0
    outer loop
      vertex 55 11.16543469682057 5.871572412738697
      vertex 55 11 5.990392640201615
      vertex 55 11.206107373853763 5.904508497187473
    endloop
  endfacet
  facet normal -1 0 0
    outer loop
      vertex 55 11.206107373853763 5.904508497187473
      vertex 55 11 5.990392640201615
      vertex 55 11.25 5.93301270189222
    endloop
  endfacet
  facet normal -1 0 0
    outer loop
      vertex 55 11.25 5.93301270189222
      vertex 55 11 5.990392640201615
      vertex 55 11.2966316784621 5.9567727288213
    endloop
  endfacet
  facet normal -1 0 0
    outer loop
      vertex 55 11.2966316784621 5.9567727288213
      vertex 55 11 5.990392640201615
      vertex 55 11.345491502812527 5.975528258147577
    endloop
  endfacet
  facet normal -1 0 0
    outer loop
      vertex 55 11 5.990392640201615
      vertex 55 11.39604415459112 5.989073800366903
      vertex 55 11.345491502812527 5.975528258147577
    endloop
  endfacet
  facet normal -1 0 0
    outer loop
      vertex 55 11 5.990392640201615
      vertex 55 11.40437098159515 5.990392640201615
      vertex 55 11.39604415459112 5.989073800366903
    endloop
  endfacet
  facet normal 0 -0.358367949545306 -0.9335804264971995
    outer loop
      vertex 4 11.345491502812527 0.02447174185242318
      vertex 4.154508497187473 11.345491502812527 0.02447174185242318
      vertex 4 11.2966316784621 0.043227271178699844
    endloop
  endfacet
  facet normal 0 -0.6293203910498305 -0.7771459614569765
    outer loop
      vertex 4 11.206107373853763 0.09549150281252672
      vertex 4.293892626146237 11.206107373853763 0.09549150281252672
      vertex 4 11.16543469682057 0.128427587261303
    endloop
  endfacet
  facet normal 0 -0.45399049973953404 -0.8910065241883744
    outer loop
      vertex 4 11.25 0.06698729810778037
      vertex 4 11.2966316784621 0.043227271178699844
      vertex 4.2033683215379005 11.2966316784621 0.043227271178699844
    endloop
  endfacet
  facet normal 0 -0.45399049973953404 -0.8910065241883743
    outer loop
      vertex 4 11.25 0.06698729810778037
      vertex 4.2033683215379005 11.2966316784621 0.043227271178699844
      vertex 4.25 11.25 0.06698729810778037
    endloop
  endfacet
  facet normal 0 -0.358367949545306 -0.9335804264971996
    outer loop
      vertex 4.154508497187473 11.345491502812527 0.02447174185242318
      vertex 4.2033683215379005 11.2966316784621 0.043227271178699844
      vertex 4 11.2966316784621 0.043227271178699844
    endloop
  endfacet
  facet normal 0 -0.544639035015036 -0.8386705679454182
    outer loop
      vertex 4 11.206107373853763 0.09549150281252672
      vertex 4 11.25 0.06698729810778037
      vertex 4.25 11.25 0.06698729810778037
    endloop
  endfacet
  facet normal 0 -0.7071067811865476 -0.7071067811865476
    outer loop
      vertex 4 11.16543469682057 0.128427587261303
      vertex 4.33456530317943 11.16543469682057 0.128427587261303
      vertex 4 11.128427587261303 0.16543469682057044
    endloop
  endfacet
  facet normal 0 -0.7771459614569766 -0.6293203910498306
    outer loop
      vertex 4 11.128427587261303 0.16543469682057044
      vertex 4.371572412738697 11.128427587261303 0.16543469682057044
      vertex 4 11.095491502812527 0.20610737385376332
    endloop
  endfacet
  facet normal 0 -0.544639035015036 -0.8386705679454183
    outer loop
      vertex 4 11.206107373853763 0.09549150281252672
      vertex 4.25 11.25 0.06698729810778037
      vertex 4.293892626146237 11.206107373853763 0.09549150281252672
    endloop
  endfacet
  facet normal 0 -0.7071067811865476 -0.7071067811865476
    outer loop
      vertex 4 11.128427587261303 0.16543469682057044
      vertex 4.33456530317943 11.16543469682057 0.128427587261303
      vertex 4.371572412738697 11.128427587261303 0.16543469682057044
    endloop
  endfacet
  facet normal 0 -0.6293203910498305 -0.7771459614569765
    outer loop
      vertex 4 11.16543469682057 0.128427587261303
      vertex 4.293892626146237 11.206107373853763 0.09549150281252672
      vertex 4.33456530317943 11.16543469682057 0.128427587261303
    endloop
  endfacet
  facet normal 0 -0.7771459614569765 -0.6293203910498305
    outer loop
      vertex 4.371572412738697 11.128427587261303 0.16543469682057044
      vertex 4.404508497187473 11.095491502812527 0.20610737385376332
      vertex 4 11.095491502812527 0.20610737385376332
    endloop
  endfacet
  facet normal 0 -0.838670567945426 -0.5446390350150241
    outer loop
      vertex 4 11.066987298107781 0.25
      vertex 4 11.095491502812527 0.20610737385376332
      vertex 4.404508497187473 11.095491502812527 0.20610737385376332
    endloop
  endfacet
  facet normal 0 -0.8910065241883571 -0.45399049973956784
    outer loop
      vertex 4 11.066987298107781 0.25
      vertex 4.43301270189222 11.066987298107781 0.25
      vertex 4 11.043227271178699 0.2966316784620995
    endloop
  endfacet
  facet normal 0 -0.9335804264972074 -0.35836794954528556
    outer loop
      vertex 4 11.043227271178699 0.2966316784620995
      vertex 4.4567727288213 11.043227271178699 0.2966316784620995
      vertex 4 11.024471741852423 0.3454915028125267
    endloop
  endfacet
  facet normal 0 -0.838670567945426 -0.5446390350150241
    outer loop
      vertex 4 11.066987298107781 0.25
      vertex 4.404508497187473 11.095491502812527 0.20610737385376332
      vertex 4.43301270189222 11.066987298107781 0.25
    endloop
  endfacet
  facet normal 0 -0.8910065241883571 -0.45399049973956784
    outer loop
      vertex 4 11.043227271178699 0.2966316784620995
      vertex 4.43301270189222 11.066987298107781 0.25
      vertex 4.4567727288213 11.043227271178699 0.2966316784620995
    endloop
  endfacet
  facet normal 0 -0.9335804264972074 -0.3583679495452855
    outer loop
      vertex 4 11.024471741852423 0.3454915028125267
      vertex 4.4567727288213 11.043227271178699 0.2966316784620995
      vertex 4.475528258147577 11.024471741852423 0.3454915028125267
    endloop
  endfacet
  facet normal 0 -0.9659258262890675 -0.2588190451025233
    outer loop
      vertex 4 11.024471741852423 0.3454915028125267
      vertex 4.475528258147577 11.024471741852423 0.3454915028125267
      vertex 4 11.010926199633097 0.3960441545911202
    endloop
  endfacet
  facet normal 0 -0.9659258262890676 -0.2588190451025233
    outer loop
      vertex 4.475528258147577 11.024471741852423 0.3454915028125267
      vertex 4.489073800366903 11.010926199633097 0.3960441545911202
      vertex 4 11.010926199633097 0.3960441545911202
    endloop
  endfacet
  facet normal 0 -0.9876883405951389 -0.15643446504022374
    outer loop
      vertex 4 11.010926199633097 0.3960441545911202
      vertex 4.489073800366903 11.010926199633097 0.3960441545911202
      vertex 4 11.002739052315864 0.4477357683661731
    endloop
  endfacet
  facet normal 0 -0.9986295347545735 -0.05233595624295049
    outer loop
      vertex 4 11.002739052315864 0.4477357683661731
      vertex 4.497260947684136 11.002739052315864 0.4477357683661731
      vertex 4 11 0.5
    endloop
  endfacet
  facet normal 0 -0.9876883405951389 -0.15643446504022376
    outer loop
      vertex 4 11.002739052315864 0.4477357683661731
      vertex 4.489073800366903 11.010926199633097 0.3960441545911202
      vertex 4.497260947684136 11.002739052315864 0.4477357683661731
    endloop
  endfacet
  facet normal 0 -0.9986295347545734 -0.05233595624295048
    outer loop
      vertex 4 11 0.5
      vertex 4.497260947684136 11.002739052315864 0.4477357683661731
      vertex 4.5 11 0.5
    endloop
  endfacet
  facet normal 0 -0.25881904510252335 -0.9659258262890676
    outer loop
      vertex 4 11.345491502812527 0.02447174185242318
      vertex 4 11.39604415459112 0.010926199633097156
      vertex 4.10395584540888 11.39604415459112 0.010926199633097156
    endloop
  endfacet
  facet normal 0 -0.15643446504021322 -0.9876883405951405
    outer loop
      vertex 4 11.39604415459112 0.010926199633097156
      vertex 4 11.40437098159515 0.009607359798384785
      vertex 4.10395584540888 11.39604415459112 0.010926199633097156
    endloop
  endfacet
  facet normal 0 -0.1564344650402132 -0.9876883405951404
    outer loop
      vertex 4 11.40437098159515 0.009607359798384785
      vertex 4.095629018404851 11.40437098159515 0.009607359798384785
      vertex 4.10395584540888 11.39604415459112 0.010926199633097156
    endloop
  endfacet
  facet normal 0 -0.25881904510252335 -0.9659258262890675
    outer loop
      vertex 4 11.345491502812527 0.02447174185242318
      vertex 4.10395584540888 11.39604415459112 0.010926199633097156
      vertex 4.154508497187473 11.345491502812527 0.02447174185242318
    endloop
  endfacet
  facet normal 0 -0.1564344650402132 -0.9876883405951407
    outer loop
      vertex 4.5 11.39604415459112 0.010926199633097156
      vertex 4.5 11.40437098159515 0.009607359798384785
      vertex 12.554330669831055 11.40437098159515 0.009607359798384785
    endloop
  endfacet
  facet normal 0 -0.358367949545306 -0.9335804264971995
    outer loop
      vertex 4.5 11.345491502812527 0.02447174185242318
      vertex 54.5 11.345491502812527 0.02447174185242318
      vertex 4.5 11.2966316784621 0.043227271178699844
    endloop
  endfacet
  facet normal 0 -0.6293203910498306 -0.7771459614569766
    outer loop
      vertex 4.5 11.206107373853763 0.09549150281252672
      vertex 54.5 11.206107373853763 0.09549150281252672
      vertex 4.5 11.16543469682057 0.128427587261303
    endloop
  endfacet
  facet normal 0 -0.4539904997395341 -0.8910065241883744
    outer loop
      vertex 4.5 11.25 0.06698729810778037
      vertex 4.5 11.2966316784621 0.043227271178699844
      vertex 54.5 11.2966316784621 0.043227271178699844
    endloop
  endfacet
  facet normal 0 -0.544639035015036 -0.8386705679454182
    outer loop
      vertex 4.5 11.206107373853763 0.09549150281252672
      vertex 4.5 11.25 0.06698729810778037
      vertex 54.5 11.25 0.06698729810778037
    endloop
  endfacet
  facet normal 0 -0.7071067811865476 -0.7071067811865476
    outer loop
      vertex 4.5 11.16543469682057 0.128427587261303
      vertex 54.5 11.16543469682057 0.128427587261303
      vertex 4.5 11.128427587261303 0.16543469682057044
    endloop
  endfacet
  facet normal 0 -0.7771459614569766 -0.6293203910498306
    outer loop
      vertex 4.5 11.128427587261303 0.16543469682057044
      vertex 54.5 11.128427587261303 0.16543469682057044
      vertex 4.5 11.095491502812527 0.20610737385376332
    endloop
  endfacet
  facet normal 0 -0.838670567945426 -0.5446390350150241
    outer loop
      vertex 4.5 11.066987298107781 0.25
      vertex 4.5 11.095491502812527 0.20610737385376332
      vertex 54.5 11.095491502812527 0.20610737385376332
    endloop
  endfacet
  facet normal 0 -0.8910065241883571 -0.45399049973956784
    outer loop
      vertex 4.5 11.066987298107781 0.25
      vertex 54.5 11.066987298107781 0.25
      vertex 4.5 11.043227271178699 0.2966316784620995
    endloop
  endfacet
  facet normal 0 -0.9335804264972074 -0.3583679495452855
    outer loop
      vertex 4.5 11.043227271178699 0.2966316784620995
      vertex 54.5 11.043227271178699 0.2966316784620995
      vertex 4.5 11.024471741852423 0.3454915028125267
    endloop
  endfacet
  facet normal 0 -0.9659258262890676 -0.25881904510252335
    outer loop
      vertex 4.5 11.024471741852423 0.3454915028125267
      vertex 54.5 11.024471741852423 0.3454915028125267
      vertex 4.5 11.010926199633097 0.3960441545911202
    endloop
  endfacet
  facet normal 0 -0.9876883405951389 -0.15643446504022374
    outer loop
      vertex 4.5 11.010926199633097 0.3960441545911202
      vertex 54.5 11.010926199633097 0.3960441545911202
      vertex 4.5 11.002739052315864 0.4477357683661731
    endloop
  endfacet
  facet normal 0 -0.9986295347545734 -0.05233595624295048
    outer loop
      vertex 4.5 11.002739052315864 0.4477357683661731
      vertex 54.5 11.002739052315864 0.4477357683661731
      vertex 4.5 11 0.5
    endloop
  endfacet
  facet normal 0 -0.9986295347545734 -0.05233595624295048
    outer loop
      vertex 4.5 11 0.5
      vertex 54.5 11.002739052315864 0.4477357683661731
      vertex 5 11 0.5
    endloop
  endfacet
  facet normal 0 -0.25881904510252335 -0.9659258262890676
    outer loop
      vertex 4.5 11.345491502812527 0.02447174185242318
      vertex 4.5 11.39604415459112 0.010926199633097156
      vertex 54.5 11.39604415459112 0.010926199633097156
    endloop
  endfacet
  facet normal 0 -0.1564344650402132 -0.9876883405951405
    outer loop
      vertex 4.5 11.39604415459112 0.010926199633097156
      vertex 12.554330669831055 11.40437098159515 0.009607359798384785
      vertex 54.5 11.39604415459112 0.010926199633097156
    endloop
  endfacet
  facet normal 0 -0.4539904997395341 -0.8910065241883744
    outer loop
      vertex 4.5 11.25 0.06698729810778037
      vertex 54.5 11.2966316784621 0.043227271178699844
      vertex 54.5 11.25 0.06698729810778037
    endloop
  endfacet
  facet normal 0 -0.358367949545306 -0.9335804264971995
    outer loop
      vertex 4.5 11.2966316784621 0.043227271178699844
      vertex 54.5 11.345491502812527 0.02447174185242318
      vertex 54.5 11.2966316784621 0.043227271178699844
    endloop
  endfacet
  facet normal 0 -0.544639035015036 -0.8386705679454182
    outer loop
      vertex 4.5 11.206107373853763 0.09549150281252672
      vertex 54.5 11.25 0.06698729810778037
      vertex 54.5 11.206107373853763 0.09549150281252672
    endloop
  endfacet
  facet normal 0 -0.7071067811865476 -0.7071067811865476
    outer loop
      vertex 4.5 11.128427587261303 0.16543469682057044
      vertex 54.5 11.16543469682057 0.128427587261303
      vertex 54.5 11.128427587261303 0.16543469682057044
    endloop
  endfacet
  facet normal 0 -0.6293203910498306 -0.7771459614569766
    outer loop
      vertex 4.5 11.16543469682057 0.128427587261303
      vertex 54.5 11.206107373853763 0.09549150281252672
      vertex 54.5 11.16543469682057 0.128427587261303
    endloop
  endfacet
  facet normal 0 -0.7771459614569766 -0.6293203910498306
    outer loop
      vertex 4.5 11.095491502812527 0.20610737385376332
      vertex 54.5 11.128427587261303 0.16543469682057044
      vertex 54.5 11.095491502812527 0.20610737385376332
    endloop
  endfacet
  facet normal 0 -0.838670567945426 -0.5446390350150241
    outer loop
      vertex 4.5 11.066987298107781 0.25
      vertex 54.5 11.095491502812527 0.20610737385376332
      vertex 54.5 11.066987298107781 0.25
    endloop
  endfacet
  facet normal 0 -0.8910065241883571 -0.45399049973956784
    outer loop
      vertex 4.5 11.043227271178699 0.2966316784620995
      vertex 54.5 11.066987298107781 0.25
      vertex 54.5 11.043227271178699 0.2966316784620995
    endloop
  endfacet
  facet normal 0 -0.9335804264972074 -0.3583679495452855
    outer loop
      vertex 4.5 11.024471741852423 0.3454915028125267
      vertex 54.5 11.043227271178699 0.2966316784620995
      vertex 54.5 11.024471741852423 0.3454915028125267
    endloop
  endfacet
  facet normal 0 -0.9659258262890676 -0.25881904510252335
    outer loop
      vertex 4.5 11.010926199633097 0.3960441545911202
      vertex 54.5 11.024471741852423 0.3454915028125267
      vertex 54.5 11.010926199633097 0.3960441545911202
    endloop
  endfacet
  facet normal 0 -0.9876883405951389 -0.15643446504022374
    outer loop
      vertex 4.5 11.002739052315864 0.4477357683661731
      vertex 54.5 11.010926199633097 0.3960441545911202
      vertex 54.5 11.002739052315864 0.4477357683661731
    endloop
  endfacet
  facet normal 0 -0.9986295347545735 -0.05233595624295049
    outer loop
      vertex 5 11 0.5
      vertex 54.5 11.002739052315864 0.4477357683661731
      vertex 54 11 0.5
    endloop
  endfacet
  facet normal 0 -0.25881904510252335 -0.9659258262890676
    outer loop
      vertex 4.5 11.345491502812527 0.02447174185242318
      vertex 54.5 11.39604415459112 0.010926199633097156
      vertex 54.5 11.345491502812527 0.02447174185242318
    endloop
  endfacet
  facet normal 0 -0.1564344650402132 -0.9876883405951405
    outer loop
      vertex 12.554330669831055 11.40437098159515 0.009607359798384785
      vertex 54.5 11.40437098159515 0.009607359798384785
      vertex 54.5 11.39604415459112 0.010926199633097156
    endloop
  endfacet
  facet normal 0 -0.358367949545306 -0.9335804264971996
    outer loop
      vertex 54.84549150281253 11.345491502812527 0.02447174185242318
      vertex 55 11.345491502812527 0.02447174185242318
      vertex 54.7966316784621 11.2966316784621 0.043227271178699844
    endloop
  endfacet
  facet normal 0 -0.6293203910498305 -0.7771459614569765
    outer loop
      vertex 54.70610737385376 11.206107373853763 0.09549150281252672
      vertex 55 11.206107373853763 0.09549150281252672
      vertex 54.66543469682057 11.16543469682057 0.128427587261303
    endloop
  endfacet
  facet normal 0 -0.5446390350150359 -0.8386705679454182
    outer loop
      vertex 54.70610737385376 11.206107373853763 0.09549150281252672
      vertex 54.75 11.25 0.06698729810778037
      vertex 55 11.25 0.06698729810778037
    endloop
  endfacet
  facet normal 0 -0.7071067811865476 -0.7071067811865476
    outer loop
      vertex 54.66543469682057 11.16543469682057 0.128427587261303
      vertex 55 11.16543469682057 0.128427587261303
      vertex 54.6284275872613 11.128427587261303 0.16543469682057044
    endloop
  endfacet
  facet normal 0 -0.7771459614569765 -0.6293203910498305
    outer loop
      vertex 54.6284275872613 11.128427587261303 0.16543469682057044
      vertex 55 11.128427587261303 0.16543469682057044
      vertex 54.59549150281253 11.095491502812527 0.20610737385376332
    endloop
  endfacet
  facet normal 0 -0.45399049973953415 -0.8910065241883743
    outer loop
      vertex 54.75 11.25 0.06698729810778037
      vertex 54.7966316784621 11.2966316784621 0.043227271178699844
      vertex 55 11.2966316784621 0.043227271178699844
    endloop
  endfacet
  facet normal 0 -0.45399049973953404 -0.8910065241883743
    outer loop
      vertex 54.75 11.25 0.06698729810778037
      vertex 55 11.2966316784621 0.043227271178699844
      vertex 55 11.25 0.06698729810778037
    endloop
  endfacet
  facet normal 0 -0.358367949545306 -0.9335804264971996
    outer loop
      vertex 55 11.345491502812527 0.02447174185242318
      vertex 55 11.2966316784621 0.043227271178699844
      vertex 54.7966316784621 11.2966316784621 0.043227271178699844
    endloop
  endfacet
  facet normal 0 -0.544639035015036 -0.8386705679454183
    outer loop
      vertex 54.70610737385376 11.206107373853763 0.09549150281252672
      vertex 55 11.25 0.06698729810778037
      vertex 55 11.206107373853763 0.09549150281252672
    endloop
  endfacet
  facet normal 0 -0.7071067811865476 -0.7071067811865476
    outer loop
      vertex 54.6284275872613 11.128427587261303 0.16543469682057044
      vertex 55 11.16543469682057 0.128427587261303
      vertex 55 11.128427587261303 0.16543469682057044
    endloop
  endfacet
  facet normal 0 -0.6293203910498306 -0.7771459614569766
    outer loop
      vertex 54.66543469682057 11.16543469682057 0.128427587261303
      vertex 55 11.206107373853763 0.09549150281252672
      vertex 55 11.16543469682057 0.128427587261303
    endloop
  endfacet
  facet normal 0 -0.7771459614569765 -0.6293203910498305
    outer loop
      vertex 55 11.128427587261303 0.16543469682057044
      vertex 55 11.095491502812527 0.20610737385376332
      vertex 54.59549150281253 11.095491502812527 0.20610737385376332
    endloop
  endfacet
  facet normal 0 -0.9986295347545734 -0.05233595624295048
    outer loop
      vertex 54 11 0.5
      vertex 54.5 11.002739052315864 0.4477357683661731
      vertex 54.5 11 0.5
    endloop
  endfacet
  facet normal 0 -0.8386705679454258 -0.5446390350150241
    outer loop
      vertex 54.56698729810778 11.066987298107781 0.25
      vertex 54.59549150281253 11.095491502812527 0.20610737385376332
      vertex 55 11.095491502812527 0.20610737385376332
    endloop
  endfacet
  facet normal 0 -0.8910065241883572 -0.4539904997395679
    outer loop
      vertex 54.56698729810778 11.066987298107781 0.25
      vertex 55 11.066987298107781 0.25
      vertex 54.5432272711787 11.043227271178699 0.2966316784620995
    endloop
  endfacet
  facet normal 0 -0.9335804264972074 -0.35836794954528556
    outer loop
      vertex 54.5432272711787 11.043227271178699 0.2966316784620995
      vertex 55 11.043227271178699 0.2966316784620995
      vertex 54.52447174185242 11.024471741852423 0.3454915028125267
    endloop
  endfacet
  facet normal 0 -0.9335804264972074 -0.3583679495452855
    outer loop
      vertex 54.52447174185242 11.024471741852423 0.3454915028125267
      vertex 55 11.043227271178699 0.2966316784620995
      vertex 55 11.024471741852423 0.3454915028125267
    endloop
  endfacet
  facet normal 0 -0.838670567945426 -0.5446390350150241
    outer loop
      vertex 54.56698729810778 11.066987298107781 0.25
      vertex 55 11.095491502812527 0.20610737385376332
      vertex 55 11.066987298107781 0.25
    endloop
  endfacet
  facet normal 0 -0.8910065241883571 -0.4539904997395678
    outer loop
      vertex 54.5432272711787 11.043227271178699 0.2966316784620995
      vertex 55 11.066987298107781 0.25
      vertex 55 11.043227271178699 0.2966316784620995
    endloop
  endfacet
  facet normal 0 -0.9659258262890675 -0.2588190451025233
    outer loop
      vertex 54.52447174185242 11.024471741852423 0.3454915028125267
      vertex 55 11.024471741852423 0.3454915028125267
      vertex 54.5109261996331 11.010926199633097 0.3960441545911202
    endloop
  endfacet
  facet normal 0 -0.9659258262890676 -0.2588190451025233
    outer loop
      vertex 55 11.024471741852423 0.3454915028125267
      vertex 55 11.010926199633097 0.3960441545911202
      vertex 54.5109261996331 11.010926199633097 0.3960441545911202
    endloop
  endfacet
  facet normal 0 -0.9876883405951389 -0.15643446504022374
    outer loop
      vertex 54.5109261996331 11.010926199633097 0.3960441545911202
      vertex 55 11.010926199633097 0.3960441545911202
      vertex 54.50273905231586 11.002739052315864 0.4477357683661731
    endloop
  endfacet
  facet normal 0 -0.9986295347545735 -0.05233595624295049
    outer loop
      vertex 54.50273905231586 11.002739052315864 0.4477357683661731
      vertex 55 11.002739052315864 0.4477357683661731
      vertex 54.5 11 0.5
    endloop
  endfacet
  facet normal 0 -0.9876883405951389 -0.15643446504022374
    outer loop
      vertex 54.50273905231586 11.002739052315864 0.4477357683661731
      vertex 55 11.010926199633097 0.3960441545911202
      vertex 55 11.002739052315864 0.4477357683661731
    endloop
  endfacet
  facet normal 0 -0.9986295347545734 -0.05233595624295048
    outer loop
      vertex 54.5 11 0.5
      vertex 55 11.002739052315864 0.4477357683661731
      vertex 55 11 0.5
    endloop
  endfacet
  facet normal 0 -0.25881904510252335 -0.9659258262890675
    outer loop
      vertex 54.84549150281253 11.345491502812527 0.02447174185242318
      vertex 54.896044154591124 11.39604415459112 0.010926199633097156
      vertex 55 11.39604415459112 0.010926199633097156
    endloop
  endfacet
  facet normal 0 -0.1564344650402132 -0.9876883405951404
    outer loop
      vertex 54.896044154591124 11.39604415459112 0.010926199633097156
      vertex 54.90437098159515 11.40437098159515 0.009607359798384785
      vertex 55 11.39604415459112 0.010926199633097156
    endloop
  endfacet
  facet normal 0 -0.2588190451025233 -0.9659258262890675
    outer loop
      vertex 54.84549150281253 11.345491502812527 0.02447174185242318
      vertex 55 11.39604415459112 0.010926199633097156
      vertex 55 11.345491502812527 0.02447174185242318
    endloop
  endfacet
  facet normal 0 -0.1564344650402132 -0.9876883405951404
    outer loop
      vertex 54.90437098159515 11.40437098159515 0.009607359798384785
      vertex 55 11.40437098159515 0.009607359798384785
      vertex 55 11.39604415459112 0.010926199633097156
    endloop
  endfacet
  facet normal 0 -0.9986295347545734 0.05233595624295048
    outer loop
      vertex 4 11 5.5
      vertex 4.5 11 5.5
      vertex 4.497260947684136 11.002739052315864 5.552264231633827
    endloop
  endfacet
  facet normal 0 -0.9986295347545735 0.05233595624295049
    outer loop
      vertex 4 11 5.5
      vertex 4.497260947684136 11.002739052315864 5.552264231633827
      vertex 4 11.002739052315864 5.552264231633827
    endloop
  endfacet
  facet normal 0 -0.9876883405951389 0.15643446504022376
    outer loop
      vertex 4 11.002739052315864 5.552264231633827
      vertex 4.497260947684136 11.002739052315864 5.552264231633827
      vertex 4.489073800366903 11.010926199633097 5.60395584540888
    endloop
  endfacet
  facet normal 0 -0.9876883405951389 0.15643446504022374
    outer loop
      vertex 4 11.002739052315864 5.552264231633827
      vertex 4.489073800366903 11.010926199633097 5.60395584540888
      vertex 4 11.010926199633097 5.60395584540888
    endloop
  endfacet
  facet normal 0 -0.9659258262890675 0.2588190451025233
    outer loop
      vertex 4 11.010926199633097 5.60395584540888
      vertex 4.475528258147577 11.024471741852423 5.654508497187473
      vertex 4 11.024471741852423 5.654508497187473
    endloop
  endfacet
  facet normal 0 -0.9659258262890676 0.2588190451025233
    outer loop
      vertex 4 11.010926199633097 5.60395584540888
      vertex 4.489073800366903 11.010926199633097 5.60395584540888
      vertex 4.475528258147577 11.024471741852423 5.654508497187473
    endloop
  endfacet
  facet normal 0 -0.9335804264972074 0.35836794954528556
    outer loop
      vertex 4 11.024471741852423 5.654508497187473
      vertex 4.4567727288213 11.043227271178699 5.7033683215379005
      vertex 4 11.043227271178699 5.7033683215379005
    endloop
  endfacet
  facet normal 0 -0.8910065241883571 0.45399049973956784
    outer loop
      vertex 4 11.043227271178699 5.7033683215379005
      vertex 4.43301270189222 11.066987298107781 5.75
      vertex 4 11.066987298107781 5.75
    endloop
  endfacet
  facet normal 0 -0.838670567945426 0.5446390350150241
    outer loop
      vertex 4 11.066987298107781 5.75
      vertex 4.404508497187473 11.095491502812527 5.793892626146237
      vertex 4 11.095491502812527 5.793892626146237
    endloop
  endfacet
  facet normal 0 -0.9335804264972074 0.3583679495452855
    outer loop
      vertex 4 11.024471741852423 5.654508497187473
      vertex 4.475528258147577 11.024471741852423 5.654508497187473
      vertex 4.4567727288213 11.043227271178699 5.7033683215379005
    endloop
  endfacet
  facet normal 0 -0.8910065241883571 0.45399049973956784
    outer loop
      vertex 4 11.043227271178699 5.7033683215379005
      vertex 4.4567727288213 11.043227271178699 5.7033683215379005
      vertex 4.43301270189222 11.066987298107781 5.75
    endloop
  endfacet
  facet normal 0 -0.838670567945426 0.5446390350150241
    outer loop
      vertex 4 11.066987298107781 5.75
      vertex 4.43301270189222 11.066987298107781 5.75
      vertex 4.404508497187473 11.095491502812527 5.793892626146237
    endloop
  endfacet
  facet normal 0 -0.7771459614569766 0.6293203910498306
    outer loop
      vertex 4 11.095491502812527 5.793892626146237
      vertex 4.371572412738697 11.128427587261303 5.83456530317943
      vertex 4 11.128427587261303 5.83456530317943
    endloop
  endfacet
  facet normal 0 -0.7071067811865476 0.7071067811865476
    outer loop
      vertex 4 11.128427587261303 5.83456530317943
      vertex 4.33456530317943 11.16543469682057 5.871572412738697
      vertex 4 11.16543469682057 5.871572412738697
    endloop
  endfacet
  facet normal 0 -0.6293203910498305 0.7771459614569765
    outer loop
      vertex 4 11.16543469682057 5.871572412738697
      vertex 4.293892626146237 11.206107373853763 5.904508497187473
      vertex 4 11.206107373853763 5.904508497187473
    endloop
  endfacet
  facet normal 0 -0.544639035015036 0.8386705679454182
    outer loop
      vertex 4 11.206107373853763 5.904508497187473
      vertex 4.25 11.25 5.93301270189222
      vertex 4 11.25 5.93301270189222
    endloop
  endfacet
  facet normal 0 -0.45399049973953404 0.8910065241883743
    outer loop
      vertex 4 11.25 5.93301270189222
      vertex 4.25 11.25 5.93301270189222
      vertex 4.2033683215379005 11.2966316784621 5.9567727288213
    endloop
  endfacet
  facet normal 0 -0.45399049973953404 0.8910065241883744
    outer loop
      vertex 4 11.25 5.93301270189222
      vertex 4.2033683215379005 11.2966316784621 5.9567727288213
      vertex 4 11.2966316784621 5.9567727288213
    endloop
  endfacet
  facet normal 0 -0.358367949545306 0.9335804264971996
    outer loop
      vertex 4 11.2966316784621 5.9567727288213
      vertex 4.2033683215379005 11.2966316784621 5.9567727288213
      vertex 4.154508497187473 11.345491502812527 5.975528258147577
    endloop
  endfacet
  facet normal 0 -0.7771459614569765 0.6293203910498305
    outer loop
      vertex 4 11.095491502812527 5.793892626146237
      vertex 4.404508497187473 11.095491502812527 5.793892626146237
      vertex 4.371572412738697 11.128427587261303 5.83456530317943
    endloop
  endfacet
  facet normal 0 -0.7071067811865476 0.7071067811865476
    outer loop
      vertex 4 11.128427587261303 5.83456530317943
      vertex 4.371572412738697 11.128427587261303 5.83456530317943
      vertex 4.33456530317943 11.16543469682057 5.871572412738697
    endloop
  endfacet
  facet normal 0 -0.6293203910498305 0.7771459614569765
    outer loop
      vertex 4 11.16543469682057 5.871572412738697
      vertex 4.33456530317943 11.16543469682057 5.871572412738697
      vertex 4.293892626146237 11.206107373853763 5.904508497187473
    endloop
  endfacet
  facet normal 0 -0.544639035015036 0.8386705679454183
    outer loop
      vertex 4 11.206107373853763 5.904508497187473
      vertex 4.293892626146237 11.206107373853763 5.904508497187473
      vertex 4.25 11.25 5.93301270189222
    endloop
  endfacet
  facet normal 0 -0.358367949545306 0.9335804264971995
    outer loop
      vertex 4 11.2966316784621 5.9567727288213
      vertex 4.154508497187473 11.345491502812527 5.975528258147577
      vertex 4 11.345491502812527 5.975528258147577
    endloop
  endfacet
  facet normal 0 -0.25881904510252335 0.9659258262890676
    outer loop
      vertex 4 11.345491502812527 5.975528258147577
      vertex 4.10395584540888 11.39604415459112 5.989073800366903
      vertex 4 11.39604415459112 5.989073800366903
    endloop
  endfacet
  facet normal 0 -0.1564344650402132 0.9876883405951404
    outer loop
      vertex 4 11.39604415459112 5.989073800366903
      vertex 4.095629018404851 11.40437098159515 5.990392640201615
      vertex 4 11.40437098159515 5.990392640201615
    endloop
  endfacet
  facet normal 0 -0.25881904510252335 0.9659258262890675
    outer loop
      vertex 4 11.345491502812527 5.975528258147577
      vertex 4.154508497187473 11.345491502812527 5.975528258147577
      vertex 4.10395584540888 11.39604415459112 5.989073800366903
    endloop
  endfacet
  facet normal 0 -0.15643446504021322 0.9876883405951405
    outer loop
      vertex 4 11.39604415459112 5.989073800366903
      vertex 4.10395584540888 11.39604415459112 5.989073800366903
      vertex 4.095629018404851 11.40437098159515 5.990392640201615
    endloop
  endfacet
  facet normal 0 -0.1564344650402132 0.9876883405951405
    outer loop
      vertex 4.5 11.39604415459112 5.989073800366903
      vertex 23.5413704172945 11.40437098159515 5.990392640201615
      vertex 4.5 11.40437098159515 5.990392640201615
    endloop
  endfacet
  facet normal 0 -0.9986295347545734 0.05233595624295048
    outer loop
      vertex 4.5 11 5.5
      vertex 54.5 11.002739052315864 5.552264231633827
      vertex 4.5 11.002739052315864 5.552264231633827
    endloop
  endfacet
  facet normal 0 -0.9876883405951389 0.15643446504022374
    outer loop
      vertex 4.5 11.002739052315864 5.552264231633827
      vertex 54.5 11.010926199633097 5.60395584540888
      vertex 4.5 11.010926199633097 5.60395584540888
    endloop
  endfacet
  facet normal 0 -0.9659258262890676 0.25881904510252335
    outer loop
      vertex 4.5 11.010926199633097 5.60395584540888
      vertex 54.5 11.024471741852423 5.654508497187473
      vertex 4.5 11.024471741852423 5.654508497187473
    endloop
  endfacet
  facet normal 0 -0.9335804264972074 0.3583679495452855
    outer loop
      vertex 4.5 11.024471741852423 5.654508497187473
      vertex 54.5 11.043227271178699 5.7033683215379005
      vertex 4.5 11.043227271178699 5.7033683215379005
    endloop
  endfacet
  facet normal 0 -0.8910065241883571 0.45399049973956784
    outer loop
      vertex 4.5 11.043227271178699 5.7033683215379005
      vertex 54.5 11.066987298107781 5.75
      vertex 4.5 11.066987298107781 5.75
    endloop
  endfacet
  facet normal 0 -0.838670567945426 0.5446390350150241
    outer loop
      vertex 4.5 11.066987298107781 5.75
      vertex 54.5 11.095491502812527 5.793892626146237
      vertex 4.5 11.095491502812527 5.793892626146237
    endloop
  endfacet
  facet normal 0 -0.9986295347545734 0.05233595624295048
    outer loop
      vertex 4.5 11 5.5
      vertex 5 11 5.5
      vertex 54.5 11.002739052315864 5.552264231633827
    endloop
  endfacet
  facet normal 0 -0.7771459614569766 0.6293203910498306
    outer loop
      vertex 4.5 11.095491502812527 5.793892626146237
      vertex 54.5 11.128427587261303 5.83456530317943
      vertex 4.5 11.128427587261303 5.83456530317943
    endloop
  endfacet
  facet normal 0 -0.7071067811865476 0.7071067811865476
    outer loop
      vertex 4.5 11.128427587261303 5.83456530317943
      vertex 54.5 11.16543469682057 5.871572412738697
      vertex 4.5 11.16543469682057 5.871572412738697
    endloop
  endfacet
  facet normal 0 -0.6293203910498306 0.7771459614569766
    outer loop
      vertex 4.5 11.16543469682057 5.871572412738697
      vertex 54.5 11.206107373853763 5.904508497187473
      vertex 4.5 11.206107373853763 5.904508497187473
    endloop
  endfacet
  facet normal 0 -0.544639035015036 0.8386705679454182
    outer loop
      vertex 4.5 11.206107373853763 5.904508497187473
      vertex 54.5 11.25 5.93301270189222
      vertex 4.5 11.25 5.93301270189222
    endloop
  endfacet
  facet normal 0 -0.4539904997395341 0.8910065241883744
    outer loop
      vertex 4.5 11.25 5.93301270189222
      vertex 54.5 11.2966316784621 5.9567727288213
      vertex 4.5 11.2966316784621 5.9567727288213
    endloop
  endfacet
  facet normal 0 -0.358367949545306 0.9335804264971995
    outer loop
      vertex 4.5 11.2966316784621 5.9567727288213
      vertex 54.5 11.345491502812527 5.975528258147577
      vertex 4.5 11.345491502812527 5.975528258147577
    endloop
  endfacet
  facet normal 0 -0.25881904510252335 0.9659258262890676
    outer loop
      vertex 4.5 11.345491502812527 5.975528258147577
      vertex 54.5 11.39604415459112 5.989073800366903
      vertex 4.5 11.39604415459112 5.989073800366903
    endloop
  endfacet
  facet normal 0 -0.1564344650402132 0.9876883405951405
    outer loop
      vertex 4.5 11.39604415459112 5.989073800366903
      vertex 54.5 11.39604415459112 5.989073800366903
      vertex 23.5413704172945 11.40437098159515 5.990392640201615
    endloop
  endfacet
  facet normal 0 -0.9986295347545735 0.05233595624295049
    outer loop
      vertex 5 11 5.5
      vertex 54 11 5.5
      vertex 54.5 11.002739052315864 5.552264231633827
    endloop
  endfacet
  facet normal 0 -0.9876883405951389 0.15643446504022374
    outer loop
      vertex 4.5 11.002739052315864 5.552264231633827
      vertex 54.5 11.002739052315864 5.552264231633827
      vertex 54.5 11.010926199633097 5.60395584540888
    endloop
  endfacet
  facet normal 0 -0.9659258262890676 0.25881904510252335
    outer loop
      vertex 4.5 11.010926199633097 5.60395584540888
      vertex 54.5 11.010926199633097 5.60395584540888
      vertex 54.5 11.024471741852423 5.654508497187473
    endloop
  endfacet
  facet normal 0 -0.9335804264972074 0.3583679495452855
    outer loop
      vertex 4.5 11.024471741852423 5.654508497187473
      vertex 54.5 11.024471741852423 5.654508497187473
      vertex 54.5 11.043227271178699 5.7033683215379005
    endloop
  endfacet
  facet normal 0 -0.8910065241883571 0.45399049973956784
    outer loop
      vertex 4.5 11.043227271178699 5.7033683215379005
      vertex 54.5 11.043227271178699 5.7033683215379005
      vertex 54.5 11.066987298107781 5.75
    endloop
  endfacet
  facet normal 0 -0.838670567945426 0.5446390350150241
    outer loop
      vertex 4.5 11.066987298107781 5.75
      vertex 54.5 11.066987298107781 5.75
      vertex 54.5 11.095491502812527 5.793892626146237
    endloop
  endfacet
  facet normal 0 -0.7771459614569766 0.6293203910498306
    outer loop
      vertex 4.5 11.095491502812527 5.793892626146237
      vertex 54.5 11.095491502812527 5.793892626146237
      vertex 54.5 11.128427587261303 5.83456530317943
    endloop
  endfacet
  facet normal 0 -0.7071067811865476 0.7071067811865476
    outer loop
      vertex 4.5 11.128427587261303 5.83456530317943
      vertex 54.5 11.128427587261303 5.83456530317943
      vertex 54.5 11.16543469682057 5.871572412738697
    endloop
  endfacet
  facet normal 0 -0.6293203910498306 0.7771459614569766
    outer loop
      vertex 4.5 11.16543469682057 5.871572412738697
      vertex 54.5 11.16543469682057 5.871572412738697
      vertex 54.5 11.206107373853763 5.904508497187473
    endloop
  endfacet
  facet normal 0 -0.544639035015036 0.8386705679454182
    outer loop
      vertex 4.5 11.206107373853763 5.904508497187473
      vertex 54.5 11.206107373853763 5.904508497187473
      vertex 54.5 11.25 5.93301270189222
    endloop
  endfacet
  facet normal 0 -0.4539904997395341 0.8910065241883744
    outer loop
      vertex 4.5 11.25 5.93301270189222
      vertex 54.5 11.25 5.93301270189222
      vertex 54.5 11.2966316784621 5.9567727288213
    endloop
  endfacet
  facet normal 0 -0.358367949545306 0.9335804264971995
    outer loop
      vertex 4.5 11.2966316784621 5.9567727288213
      vertex 54.5 11.2966316784621 5.9567727288213
      vertex 54.5 11.345491502812527 5.975528258147577
    endloop
  endfacet
  facet normal 0 -0.25881904510252335 0.9659258262890676
    outer loop
      vertex 4.5 11.345491502812527 5.975528258147577
      vertex 54.5 11.345491502812527 5.975528258147577
      vertex 54.5 11.39604415459112 5.989073800366903
    endloop
  endfacet
  facet normal 0 -0.1564344650402132 0.9876883405951405
    outer loop
      vertex 23.5413704172945 11.40437098159515 5.990392640201615
      vertex 54.5 11.39604415459112 5.989073800366903
      vertex 54.5 11.40437098159515 5.990392640201615
    endloop
  endfacet
  facet normal 0 -0.9986295347545734 0.05233595624295048
    outer loop
      vertex 54 11 5.5
      vertex 54.5 11 5.5
      vertex 54.5 11.002739052315864 5.552264231633827
    endloop
  endfacet
  facet normal 0 -0.9986295347545734 0.05233595624295048
    outer loop
      vertex 54.5 11 5.5
      vertex 55 11 5.5
      vertex 55 11.002739052315864 5.552264231633827
    endloop
  endfacet
  facet normal 0 -0.9986295347545735 0.05233595624295049
    outer loop
      vertex 54.5 11 5.5
      vertex 55 11.002739052315864 5.552264231633827
      vertex 54.50273905231586 11.002739052315864 5.552264231633827
    endloop
  endfacet
  facet normal 0 -0.9876883405951389 0.15643446504022374
    outer loop
      vertex 54.50273905231586 11.002739052315864 5.552264231633827
      vertex 55 11.002739052315864 5.552264231633827
      vertex 55 11.010926199633097 5.60395584540888
    endloop
  endfacet
  facet normal 0 -0.9876883405951389 0.15643446504022374
    outer loop
      vertex 54.50273905231586 11.002739052315864 5.552264231633827
      vertex 55 11.010926199633097 5.60395584540888
      vertex 54.5109261996331 11.010926199633097 5.60395584540888
    endloop
  endfacet
  facet normal 0 -0.9659258262890675 0.2588190451025233
    outer loop
      vertex 54.5109261996331 11.010926199633097 5.60395584540888
      vertex 55 11.024471741852423 5.654508497187473
      vertex 54.52447174185242 11.024471741852423 5.654508497187473
    endloop
  endfacet
  facet normal 0 -0.9659258262890676 0.2588190451025233
    outer loop
      vertex 54.5109261996331 11.010926199633097 5.60395584540888
      vertex 55 11.010926199633097 5.60395584540888
      vertex 55 11.024471741852423 5.654508497187473
    endloop
  endfacet
  facet normal 0 -0.9335804264972074 0.35836794954528556
    outer loop
      vertex 54.52447174185242 11.024471741852423 5.654508497187473
      vertex 55 11.043227271178699 5.7033683215379005
      vertex 54.5432272711787 11.043227271178699 5.7033683215379005
    endloop
  endfacet
  facet normal 0 -0.9335804264972074 0.3583679495452855
    outer loop
      vertex 54.52447174185242 11.024471741852423 5.654508497187473
      vertex 55 11.024471741852423 5.654508497187473
      vertex 55 11.043227271178699 5.7033683215379005
    endloop
  endfacet
  facet normal 0 -0.8910065241883572 0.4539904997395678
    outer loop
      vertex 54.5432272711787 11.043227271178699 5.7033683215379005
      vertex 55 11.066987298107781 5.75
      vertex 54.56698729810778 11.066987298107781 5.75
    endloop
  endfacet
  facet normal 0 -0.8386705679454258 0.5446390350150241
    outer loop
      vertex 54.56698729810778 11.066987298107781 5.75
      vertex 55 11.095491502812527 5.793892626146237
      vertex 54.59549150281253 11.095491502812527 5.793892626146237
    endloop
  endfacet
  facet normal 0 -0.8910065241883571 0.4539904997395678
    outer loop
      vertex 54.5432272711787 11.043227271178699 5.7033683215379005
      vertex 55 11.043227271178699 5.7033683215379005
      vertex 55 11.066987298107781 5.75
    endloop
  endfacet
  facet normal 0 -0.838670567945426 0.5446390350150241
    outer loop
      vertex 54.56698729810778 11.066987298107781 5.75
      vertex 55 11.066987298107781 5.75
      vertex 55 11.095491502812527 5.793892626146237
    endloop
  endfacet
  facet normal 0 -0.7771459614569766 0.6293203910498305
    outer loop
      vertex 54.59549150281253 11.095491502812527 5.793892626146237
      vertex 55 11.128427587261303 5.83456530317943
      vertex 54.6284275872613 11.128427587261303 5.83456530317943
    endloop
  endfacet
  facet normal 0 -0.7071067811865476 0.7071067811865476
    outer loop
      vertex 54.6284275872613 11.128427587261303 5.83456530317943
      vertex 55 11.16543469682057 5.871572412738697
      vertex 54.66543469682057 11.16543469682057 5.871572412738697
    endloop
  endfacet
  facet normal 0 -0.6293203910498305 0.7771459614569765
    outer loop
      vertex 54.66543469682057 11.16543469682057 5.871572412738697
      vertex 55 11.206107373853763 5.904508497187473
      vertex 54.70610737385376 11.206107373853763 5.904508497187473
    endloop
  endfacet
  facet normal 0 -0.5446390350150359 0.8386705679454182
    outer loop
      vertex 54.70610737385376 11.206107373853763 5.904508497187473
      vertex 55 11.25 5.93301270189222
      vertex 54.75 11.25 5.93301270189222
    endloop
  endfacet
  facet normal 0 -0.7771459614569765 0.6293203910498305
    outer loop
      vertex 54.59549150281253 11.095491502812527 5.793892626146237
      vertex 55 11.095491502812527 5.793892626146237
      vertex 55 11.128427587261303 5.83456530317943
    endloop
  endfacet
  facet normal 0 -0.7071067811865476 0.7071067811865476
    outer loop
      vertex 54.6284275872613 11.128427587261303 5.83456530317943
      vertex 55 11.128427587261303 5.83456530317943
      vertex 55 11.16543469682057 5.871572412738697
    endloop
  endfacet
  facet normal 0 -0.6293203910498306 0.7771459614569766
    outer loop
      vertex 54.66543469682057 11.16543469682057 5.871572412738697
      vertex 55 11.16543469682057 5.871572412738697
      vertex 55 11.206107373853763 5.904508497187473
    endloop
  endfacet
  facet normal 0 -0.544639035015036 0.8386705679454183
    outer loop
      vertex 54.70610737385376 11.206107373853763 5.904508497187473
      vertex 55 11.206107373853763 5.904508497187473
      vertex 55 11.25 5.93301270189222
    endloop
  endfacet
  facet normal 0 -0.45399049973953404 0.8910065241883743
    outer loop
      vertex 54.75 11.25 5.93301270189222
      vertex 55 11.25 5.93301270189222
      vertex 55 11.2966316784621 5.9567727288213
    endloop
  endfacet
  facet normal 0 -0.45399049973953415 0.8910065241883743
    outer loop
      vertex 54.75 11.25 5.93301270189222
      vertex 55 11.2966316784621 5.9567727288213
      vertex 54.7966316784621 11.2966316784621 5.9567727288213
    endloop
  endfacet
  facet normal 0 -0.358367949545306 0.9335804264971996
    outer loop
      vertex 54.7966316784621 11.2966316784621 5.9567727288213
      vertex 55 11.2966316784621 5.9567727288213
      vertex 55 11.345491502812527 5.975528258147577
    endloop
  endfacet
  facet normal 0 -0.35836794954530593 0.9335804264971995
    outer loop
      vertex 54.7966316784621 11.2966316784621 5.9567727288213
      vertex 55 11.345491502812527 5.975528258147577
      vertex 54.84549150281253 11.345491502812527 5.975528258147577
    endloop
  endfacet
  facet normal 0 -0.2588190451025233 0.9659258262890675
    outer loop
      vertex 54.84549150281253 11.345491502812527 5.975528258147577
      vertex 55 11.345491502812527 5.975528258147577
      vertex 55 11.39604415459112 5.989073800366903
    endloop
  endfacet
  facet normal 0 -0.25881904510252335 0.9659258262890675
    outer loop
      vertex 54.84549150281253 11.345491502812527 5.975528258147577
      vertex 55 11.39604415459112 5.989073800366903
      vertex 54.896044154591124 11.39604415459112 5.989073800366903
    endloop
  endfacet
  facet normal 0 -0.1564344650402132 0.9876883405951404
    outer loop
      vertex 54.896044154591124 11.39604415459112 5.989073800366903
      vertex 55 11.40437098159515 5.990392640201615
      vertex 54.90437098159515 11.40437098159515 5.990392640201615
    endloop
  endfacet
  facet normal 0 -0.1564344650402132 0.9876883405951404
    outer loop
      vertex 54.896044154591124 11.39604415459112 5.989073800366903
      vertex 55 11.39604415459112 5.989073800366903
      vertex 55 11.40437098159515 5.990392640201615
    endloop
  endfacet
  facet normal 0 1 0
    outer loop
      vertex 4.095629018404851 7.5 0.009607359798384785
      vertex 4.10395584540888 7.5 0.010926199633097156
      vertex 4.5 7.5 0.009607359798384785
    endloop
  endfacet
  facet normal 0 1 0
    outer loop
      vertex 4.10395584540888 7.5 0.010926199633097156
      vertex 4.154508497187473 7.5 0.02447174185242318
      vertex 4.5 7.5 0.009607359798384785
    endloop
  endfacet
  facet normal 0 1 0
    outer loop
      vertex 4.154508497187473 7.5 0.02447174185242318
      vertex 4.2033683215379005 7.5 0.043227271178699844
      vertex 4.5 7.5 0.009607359798384785
    endloop
  endfacet
  facet normal 0 1 0
    outer loop
      vertex 4.5 7.5 0.009607359798384785
      vertex 4.2033683215379005 7.5 0.043227271178699844
      vertex 4.25 7.5 0.06698729810778037
    endloop
  endfacet
  facet normal 0 1 0
    outer loop
      vertex 4.5 7.5 0.009607359798384785
      vertex 4.25 7.5 0.06698729810778037
      vertex 4.293892626146237 7.5 0.09549150281252672
    endloop
  endfacet
  facet normal 0 1 0
    outer loop
      vertex 4.5 7.5 0.009607359798384785
      vertex 4.293892626146237 7.5 0.09549150281252672
      vertex 4.33456530317943 7.5 0.128427587261303
    endloop
  endfacet
  facet normal 0 1 0
    outer loop
      vertex 4.5 7.5 0.009607359798384785
      vertex 4.33456530317943 7.5 0.128427587261303
      vertex 4.371572412738697 7.5 0.16543469682057044
    endloop
  endfacet
  facet normal 0 1 0
    outer loop
      vertex 4.5 7.5 0.009607359798384785
      vertex 4.371572412738697 7.5 0.16543469682057044
      vertex 4.404508497187473 7.5 0.20610737385376332
    endloop
  endfacet
  facet normal 0 1 0
    outer loop
      vertex 4.5 7.5 0.009607359798384785
      vertex 4.404508497187473 7.5 0.20610737385376332
      vertex 4.43301270189222 7.5 0.25
    endloop
  endfacet
  facet normal -1 0 0
    outer loop
      vertex 4.5 7.5 0.009607359798384785
      vertex 4.5 7.5 0.5
      vertex 4.5 7.595629018404851 0.009607359798384785
    endloop
  endfacet
  facet normal 0 1 0
    outer loop
      vertex 4.5 7.5 0.009607359798384785
      vertex 4.43301270189222 7.5 0.25
      vertex 4.4567727288213 7.5 0.2966316784620995
    endloop
  endfacet
  facet normal -1 0 0
    outer loop
      vertex 4.5 7.60395584540888 0.010926199633097156
      vertex 4.5 7.595629018404851 0.009607359798384785
      vertex 4.5 7.5 0.5
    endloop
  endfacet
  facet normal -1 0 0
    outer loop
      vertex 4.5 7.60395584540888 0.010926199633097156
      vertex 4.5 7.5 0.5
      vertex 4.5 7.654508497187473 0.02447174185242318
    endloop
  endfacet
  facet normal -1 0 0
    outer loop
      vertex 4.5 7.654508497187473 0.02447174185242318
      vertex 4.5 7.5 0.5
      vertex 4.5 7.7033683215379005 0.043227271178699844
    endloop
  endfacet
  facet normal 0 1 0
    outer loop
      vertex 4.5 7.5 0.009607359798384785
      vertex 4.4567727288213 7.5 0.2966316784620995
      vertex 4.475528258147577 7.5 0.3454915028125267
    endloop
  endfacet
  facet normal 0 1 0
    outer loop
      vertex 4.5 7.5 0.009607359798384785
      vertex 4.475528258147577 7.5 0.3454915028125267
      vertex 4.489073800366903 7.5 0.3960441545911202
    endloop
  endfacet
  facet normal -1 0 0
    outer loop
      vertex 4.5 7.7033683215379005 0.043227271178699844
      vertex 4.5 7.5 0.5
      vertex 4.5 7.75 0.06698729810778037
    endloop
  endfacet
  facet normal -1 0 0
    outer loop
      vertex 4.5 7.75 0.06698729810778037
      vertex 4.5 7.5 0.5
      vertex 4.5 7.793892626146237 0.09549150281252672
    endloop
  endfacet
  facet normal -1 0 0
    outer loop
      vertex 4.5 7.793892626146237 0.09549150281252672
      vertex 4.5 7.5 0.5
      vertex 4.5 7.83456530317943 0.128427587261303
    endloop
  endfacet
  facet normal -1 0 0
    outer loop
      vertex 4.5 7.83456530317943 0.128427587261303
      vertex 4.5 7.5 0.5
      vertex 4.5 7.871572412738697 0.16543469682057044
    endloop
  endfacet
  facet normal 0 1 0
    outer loop
      vertex 4.5 7.5 0.009607359798384785
      vertex 4.489073800366903 7.5 0.3960441545911202
      vertex 4.497260947684136 7.5 0.4477357683661731
    endloop
  endfacet
  facet normal 0 1 0
    outer loop
      vertex 4.5 7.5 0.009607359798384785
      vertex 4.497260947684136 7.5 0.4477357683661731
      vertex 4.5 7.5 0.5
    endloop
  endfacet
  facet normal -1 0 0
    outer loop
      vertex 4.5 7.871572412738697 0.16543469682057044
      vertex 4.5 7.5 0.5
      vertex 4.5 7.904508497187473 0.20610737385376332
    endloop
  endfacet
  facet normal -1 0 0
    outer loop
      vertex 4.5 7.5 0.5
      vertex 4.5 7.93301270189222 0.25
      vertex 4.5 7.904508497187473 0.20610737385376332
    endloop
  endfacet
  facet normal -1 0 0
    outer loop
      vertex 4.5 7.5 0.5
      vertex 4.5 7.9567727288213 0.2966316784620995
      vertex 4.5 7.93301270189222 0.25
    endloop
  endfacet
  facet normal -1 0 0
    outer loop
      vertex 4.5 7.5 0.5
      vertex 4.5 7.975528258147577 0.3454915028125267
      vertex 4.5 7.9567727288213 0.2966316784620995
    endloop
  endfacet
  facet normal -1 0 0
    outer loop
      vertex 4.5 7.5 0.5
      vertex 4.5 7.989073800366903 0.3960441545911202
      vertex 4.5 7.975528258147577 0.3454915028125267
    endloop
  endfacet
  facet normal -1 0 0
    outer loop
      vertex 4.5 7.5 0.5
      vertex 4.5 7.997260947684136 0.4477357683661731
      vertex 4.5 7.989073800366903 0.3960441545911202
    endloop
  endfacet
  facet normal -1 0 0
    outer loop
      vertex 4.5 7.5 0.5
      vertex 4.5 8 0.5
      vertex 4.5 7.997260947684136 0.4477357683661731
    endloop
  endfacet
  facet normal -1 0 0
    outer loop
      vertex 4.5 11.206107373853763 0.09549150281252672
      vertex 4.5 11.5 0.5
      vertex 4.5 11.25 0.06698729810778037
    endloop
  endfacet
  facet normal -1 0 0
    outer loop
      vertex 4.5 11.16543469682057 0.128427587261303
      vertex 4.5 11.128427587261303 0.16543469682057044
      vertex 4.5 11.5 0.5
    endloop
  endfacet
  facet normal -1 0 0
    outer loop
      vertex 4.5 11.206107373853763 0.09549150281252672
      vertex 4.5 11.16543469682057 0.128427587261303
      vertex 4.5 11.5 0.5
    endloop
  endfacet
  facet normal -1 0 0
    outer loop
      vertex 4.5 11.128427587261303 0.16543469682057044
      vertex 4.5 11.095491502812527 0.20610737385376332
      vertex 4.5 11.5 0.5
    endloop
  endfacet
  facet normal -1 0 0
    outer loop
      vertex 4.5 11.066987298107781 0.25
      vertex 4.5 11.5 0.5
      vertex 4.5 11.095491502812527 0.20610737385376332
    endloop
  endfacet
  facet normal -1 0 0
    outer loop
      vertex 4.5 11.066987298107781 0.25
      vertex 4.5 11.043227271178699 0.2966316784620995
      vertex 4.5 11.5 0.5
    endloop
  endfacet
  facet normal -1 0 0
    outer loop
      vertex 4.5 11.043227271178699 0.2966316784620995
      vertex 4.5 11.024471741852423 0.3454915028125267
      vertex 4.5 11.5 0.5
    endloop
  endfacet
  facet normal -1 0 0
    outer loop
      vertex 4.5 11.024471741852423 0.3454915028125267
      vertex 4.5 11.010926199633097 0.3960441545911202
      vertex 4.5 11.5 0.5
    endloop
  endfacet
  facet normal -1 0 0
    outer loop
      vertex 4.5 11.010926199633097 0.3960441545911202
      vertex 4.5 11.002739052315864 0.4477357683661731
      vertex 4.5 11.5 0.5
    endloop
  endfacet
  facet normal -1 0 0
    outer loop
      vertex 4.5 11.002739052315864 0.4477357683661731
      vertex 4.5 11 0.5
      vertex 4.5 11.5 0.5
    endloop
  endfacet
  facet normal 0 -1 0
    outer loop
      vertex 4.095629018404851 11.5 0.009607359798384785
      vertex 4.5 11.5 0.009607359798384785
      vertex 4.10395584540888 11.5 0.010926199633097156
    endloop
  endfacet
  facet normal 0 -1 0
    outer loop
      vertex 4.10395584540888 11.5 0.010926199633097156
      vertex 4.5 11.5 0.009607359798384785
      vertex 4.154508497187473 11.5 0.02447174185242318
    endloop
  endfacet
  facet normal 0 -1 0
    outer loop
      vertex 4.154508497187473 11.5 0.02447174185242318
      vertex 4.5 11.5 0.009607359798384785
      vertex 4.2033683215379005 11.5 0.043227271178699844
    endloop
  endfacet
  facet normal -1 0 0
    outer loop
      vertex 4.5 11.39604415459112 0.010926199633097156
      vertex 4.5 11.5 0.009607359798384785
      vertex 4.5 11.40437098159515 0.009607359798384785
    endloop
  endfacet
  facet normal 0 -1 0
    outer loop
      vertex 4.5 11.5 0.009607359798384785
      vertex 4.25 11.5 0.06698729810778037
      vertex 4.2033683215379005 11.5 0.043227271178699844
    endloop
  endfacet
  facet normal 0 -1 0
    outer loop
      vertex 4.5 11.5 0.009607359798384785
      vertex 4.293892626146237 11.5 0.09549150281252672
      vertex 4.25 11.5 0.06698729810778037
    endloop
  endfacet
  facet normal 0 -1 0
    outer loop
      vertex 4.5 11.5 0.009607359798384785
      vertex 4.33456530317943 11.5 0.128427587261303
      vertex 4.293892626146237 11.5 0.09549150281252672
    endloop
  endfacet
  facet normal 0 -1 0
    outer loop
      vertex 4.5 11.5 0.009607359798384785
      vertex 4.371572412738697 11.5 0.16543469682057044
      vertex 4.33456530317943 11.5 0.128427587261303
    endloop
  endfacet
  facet normal -1 0 0
    outer loop
      vertex 4.5 11.345491502812527 0.02447174185242318
      vertex 4.5 11.2966316784621 0.043227271178699844
      vertex 4.5 11.5 0.5
    endloop
  endfacet
  facet normal -1 0 0
    outer loop
      vertex 4.5 11.345491502812527 0.02447174185242318
      vertex 4.5 11.5 0.5
      vertex 4.5 11.39604415459112 0.010926199633097156
    endloop
  endfacet
  facet normal -1 0 0
    outer loop
      vertex 4.5 11.39604415459112 0.010926199633097156
      vertex 4.5 11.5 0.5
      vertex 4.5 11.5 0.009607359798384785
    endloop
  endfacet
  facet normal 0 -1 0
    outer loop
      vertex 4.5 11.5 0.009607359798384785
      vertex 4.404508497187473 11.5 0.20610737385376332
      vertex 4.371572412738697 11.5 0.16543469682057044
    endloop
  endfacet
  facet normal 0 -1 0
    outer loop
      vertex 4.5 11.5 0.009607359798384785
      vertex 4.43301270189222 11.5 0.25
      vertex 4.404508497187473 11.5 0.20610737385376332
    endloop
  endfacet
  facet normal 0 -1 0
    outer loop
      vertex 4.5 11.5 0.009607359798384785
      vertex 4.4567727288213 11.5 0.2966316784620995
      vertex 4.43301270189222 11.5 0.25
    endloop
  endfacet
  facet normal -1 0 0
    outer loop
      vertex 4.5 11.25 0.06698729810778037
      vertex 4.5 11.5 0.5
      vertex 4.5 11.2966316784621 0.043227271178699844
    endloop
  endfacet
  facet normal 0 -1 0
    outer loop
      vertex 4.5 11.5 0.009607359798384785
      vertex 4.475528258147577 11.5 0.3454915028125267
      vertex 4.4567727288213 11.5 0.2966316784620995
    endloop
  endfacet
  facet normal 0 -1 0
    outer loop
      vertex 4.5 11.5 0.009607359798384785
      vertex 4.489073800366903 11.5 0.3960441545911202
      vertex 4.475528258147577 11.5 0.3454915028125267
    endloop
  endfacet
  facet normal 0 -1 0
    outer loop
      vertex 4.5 11.5 0.009607359798384785
      vertex 4.497260947684136 11.5 0.4477357683661731
      vertex 4.489073800366903 11.5 0.3960441545911202
    endloop
  endfacet
  facet normal 0 -1 0
    outer loop
      vertex 4.5 11.5 0.009607359798384785
      vertex 4.5 11.5 0.5
      vertex 4.497260947684136 11.5 0.4477357683661731
    endloop
  endfacet
  facet normal 0 1 0
    outer loop
      vertex 4.5 7.5 5.5
      vertex 4.497260947684136 7.5 5.552264231633827
      vertex 4.5 7.5 5.990392640201615
    endloop
  endfacet
  facet normal 0 1 0
    outer loop
      vertex 4.497260947684136 7.5 5.552264231633827
      vertex 4.489073800366903 7.5 5.60395584540888
      vertex 4.5 7.5 5.990392640201615
    endloop
  endfacet
  facet normal 0 1 0
    outer loop
      vertex 4.489073800366903 7.5 5.60395584540888
      vertex 4.475528258147577 7.5 5.654508497187473
      vertex 4.5 7.5 5.990392640201615
    endloop
  endfacet
  facet normal 0 1 0
    outer loop
      vertex 4.475528258147577 7.5 5.654508497187473
      vertex 4.4567727288213 7.5 5.7033683215379005
      vertex 4.5 7.5 5.990392640201615
    endloop
  endfacet
  facet normal -1 0 0
    outer loop
      vertex 4.5 7.5 5.5
      vertex 4.5 7.83456530317943 5.871572412738697
      vertex 4.5 7.871572412738697 5.83456530317943
    endloop
  endfacet
  facet normal -1 0 0
    outer loop
      vertex 4.5 7.5 5.5
      vertex 4.5 7.793892626146237 5.904508497187473
      vertex 4.5 7.83456530317943 5.871572412738697
    endloop
  endfacet
  facet normal -1 0 0
    outer loop
      vertex 4.5 7.5 5.5
      vertex 4.5 7.7033683215379005 5.9567727288213
      vertex 4.5 7.75 5.93301270189222
    endloop
  endfacet
  facet normal -1 0 0
    outer loop
      vertex 4.5 7.5 5.5
      vertex 4.5 7.75 5.93301270189222
      vertex 4.5 7.793892626146237 5.904508497187473
    endloop
  endfacet
  facet normal -1 0 0
    outer loop
      vertex 4.5 7.5 5.5
      vertex 4.5 7.997260947684136 5.552264231633827
      vertex 4.5 8 5.5
    endloop
  endfacet
  facet normal -1 0 0
    outer loop
      vertex 4.5 7.5 5.5
      vertex 4.5 7.989073800366903 5.60395584540888
      vertex 4.5 7.997260947684136 5.552264231633827
    endloop
  endfacet
  facet normal -1 0 0
    outer loop
      vertex 4.5 7.5 5.5
      vertex 4.5 7.975528258147577 5.654508497187473
      vertex 4.5 7.989073800366903 5.60395584540888
    endloop
  endfacet
  facet normal -1 0 0
    outer loop
      vertex 4.5 7.5 5.5
      vertex 4.5 7.93301270189222 5.75
      vertex 4.5 7.9567727288213 5.7033683215379005
    endloop
  endfacet
  facet normal -1 0 0
    outer loop
      vertex 4.5 7.5 5.5
      vertex 4.5 7.9567727288213 5.7033683215379005
      vertex 4.5 7.975528258147577 5.654508497187473
    endloop
  endfacet
  facet normal -1 0 0
    outer loop
      vertex 4.5 7.5 5.5
      vertex 4.5 7.904508497187473 5.793892626146237
      vertex 4.5 7.93301270189222 5.75
    endloop
  endfacet
  facet normal -1 0 0
    outer loop
      vertex 4.5 7.5 5.5
      vertex 4.5 7.871572412738697 5.83456530317943
      vertex 4.5 7.904508497187473 5.793892626146237
    endloop
  endfacet
  facet normal 0 1 0
    outer loop
      vertex 4.4567727288213 7.5 5.7033683215379005
      vertex 4.43301270189222 7.5 5.75
      vertex 4.5 7.5 5.990392640201615
    endloop
  endfacet
  facet normal -1 0 0
    outer loop
      vertex 4.5 7.5 5.5
      vertex 4.5 7.5 5.990392640201615
      vertex 4.5 7.60395584540888 5.989073800366903
    endloop
  endfacet
  facet normal 0 1 0
    outer loop
      vertex 4.43301270189222 7.5 5.75
      vertex 4.404508497187473 7.5 5.793892626146237
      vertex 4.5 7.5 5.990392640201615
    endloop
  endfacet
  facet normal -1 0 0
    outer loop
      vertex 4.5 7.5 5.5
      vertex 4.5 7.60395584540888 5.989073800366903
      vertex 4.5 7.654508497187473 5.975528258147577
    endloop
  endfacet
  facet normal 0 1 0
    outer loop
      vertex 4.404508497187473 7.5 5.793892626146237
      vertex 4.371572412738697 7.5 5.83456530317943
      vertex 4.5 7.5 5.990392640201615
    endloop
  endfacet
  facet normal -1 0 0
    outer loop
      vertex 4.5 7.5 5.5
      vertex 4.5 7.654508497187473 5.975528258147577
      vertex 4.5 7.7033683215379005 5.9567727288213
    endloop
  endfacet
  facet normal 0 1 0
    outer loop
      vertex 4.33456530317943 7.5 5.871572412738697
      vertex 4.293892626146237 7.5 5.904508497187473
      vertex 4.5 7.5 5.990392640201615
    endloop
  endfacet
  facet normal 0 1 0
    outer loop
      vertex 4.293892626146237 7.5 5.904508497187473
      vertex 4.25 7.5 5.93301270189222
      vertex 4.5 7.5 5.990392640201615
    endloop
  endfacet
  facet normal 0 1 0
    outer loop
      vertex 4.25 7.5 5.93301270189222
      vertex 4.2033683215379005 7.5 5.9567727288213
      vertex 4.5 7.5 5.990392640201615
    endloop
  endfacet
  facet normal 0 1 0
    outer loop
      vertex 4.371572412738697 7.5 5.83456530317943
      vertex 4.33456530317943 7.5 5.871572412738697
      vertex 4.5 7.5 5.990392640201615
    endloop
  endfacet
  facet normal 0 1 0
    outer loop
      vertex 4.154508497187473 7.5 5.975528258147577
      vertex 4.10395584540888 7.5 5.989073800366903
      vertex 4.5 7.5 5.990392640201615
    endloop
  endfacet
  facet normal 0 1 0
    outer loop
      vertex 4.095629018404851 7.5 5.990392640201615
      vertex 4.5 7.5 5.990392640201615
      vertex 4.10395584540888 7.5 5.989073800366903
    endloop
  endfacet
  facet normal 0 1 0
    outer loop
      vertex 4.2033683215379005 7.5 5.9567727288213
      vertex 4.154508497187473 7.5 5.975528258147577
      vertex 4.5 7.5 5.990392640201615
    endloop
  endfacet
  facet normal -1 0 0
    outer loop
      vertex 4.5 7.5 5.990392640201615
      vertex 4.5 7.595629018404851 5.990392640201615
      vertex 4.5 7.60395584540888 5.989073800366903
    endloop
  endfacet
  facet normal -1 0 0
    outer loop
      vertex 4.5 11 5.5
      vertex 4.5 11.002739052315864 5.552264231633827
      vertex 4.5 11.5 5.5
    endloop
  endfacet
  facet normal -1 0 0
    outer loop
      vertex 4.5 11.002739052315864 5.552264231633827
      vertex 4.5 11.010926199633097 5.60395584540888
      vertex 4.5 11.5 5.5
    endloop
  endfacet
  facet normal -1 0 0
    outer loop
      vertex 4.5 11.010926199633097 5.60395584540888
      vertex 4.5 11.024471741852423 5.654508497187473
      vertex 4.5 11.5 5.5
    endloop
  endfacet
  facet normal -1 0 0
    outer loop
      vertex 4.5 11.024471741852423 5.654508497187473
      vertex 4.5 11.043227271178699 5.7033683215379005
      vertex 4.5 11.5 5.5
    endloop
  endfacet
  facet normal -1 0 0
    outer loop
      vertex 4.5 11.043227271178699 5.7033683215379005
      vertex 4.5 11.066987298107781 5.75
      vertex 4.5 11.5 5.5
    endloop
  endfacet
  facet normal -1 0 0
    outer loop
      vertex 4.5 11.066987298107781 5.75
      vertex 4.5 11.095491502812527 5.793892626146237
      vertex 4.5 11.5 5.5
    endloop
  endfacet
  facet normal -1 0 0
    outer loop
      vertex 4.5 11.095491502812527 5.793892626146237
      vertex 4.5 11.128427587261303 5.83456530317943
      vertex 4.5 11.5 5.5
    endloop
  endfacet
  facet normal -1 0 0
    outer loop
      vertex 4.5 11.128427587261303 5.83456530317943
      vertex 4.5 11.16543469682057 5.871572412738697
      vertex 4.5 11.5 5.5
    endloop
  endfacet
  facet normal -1 0 0
    outer loop
      vertex 4.5 11.16543469682057 5.871572412738697
      vertex 4.5 11.206107373853763 5.904508497187473
      vertex 4.5 11.5 5.5
    endloop
  endfacet
  facet normal -1 0 0
    outer loop
      vertex 4.5 11.206107373853763 5.904508497187473
      vertex 4.5 11.25 5.93301270189222
      vertex 4.5 11.5 5.5
    endloop
  endfacet
  facet normal 0 -1 0
    outer loop
      vertex 4.5 11.5 5.5
      vertex 4.5 11.5 5.990392640201615
      vertex 4.497260947684136 11.5 5.552264231633827
    endloop
  endfacet
  facet normal 0 -1 0
    outer loop
      vertex 4.497260947684136 11.5 5.552264231633827
      vertex 4.5 11.5 5.990392640201615
      vertex 4.489073800366903 11.5 5.60395584540888
    endloop
  endfacet
  facet normal -1 0 0
    outer loop
      vertex 4.5 11.25 5.93301270189222
      vertex 4.5 11.2966316784621 5.9567727288213
      vertex 4.5 11.5 5.5
    endloop
  endfacet
  facet normal 0 -1 0
    outer loop
      vertex 4.489073800366903 11.5 5.60395584540888
      vertex 4.5 11.5 5.990392640201615
      vertex 4.475528258147577 11.5 5.654508497187473
    endloop
  endfacet
  facet normal 0 -1 0
    outer loop
      vertex 4.475528258147577 11.5 5.654508497187473
      vertex 4.5 11.5 5.990392640201615
      vertex 4.4567727288213 11.5 5.7033683215379005
    endloop
  endfacet
  facet normal -1 0 0
    outer loop
      vertex 4.5 11.2966316784621 5.9567727288213
      vertex 4.5 11.345491502812527 5.975528258147577
      vertex 4.5 11.5 5.5
    endloop
  endfacet
  facet normal -1 0 0
    outer loop
      vertex 4.5 11.345491502812527 5.975528258147577
      vertex 4.5 11.39604415459112 5.989073800366903
      vertex 4.5 11.5 5.5
    endloop
  endfacet
  facet normal -1 0 0
    outer loop
      vertex 4.5 11.5 5.5
      vertex 4.5 11.39604415459112 5.989073800366903
      vertex 4.5 11.40437098159515 5.990392640201615
    endloop
  endfacet
  facet normal -1 0 0
    outer loop
      vertex 4.5 11.5 5.5
      vertex 4.5 11.40437098159515 5.990392640201615
      vertex 4.5 11.5 5.990392640201615
    endloop
  endfacet
  facet normal 0 -1 0
    outer loop
      vertex 4.4567727288213 11.5 5.7033683215379005
      vertex 4.5 11.5 5.990392640201615
      vertex 4.43301270189222 11.5 5.75
    endloop
  endfacet
  facet normal 0 -1 0
    outer loop
      vertex 4.43301270189222 11.5 5.75
      vertex 4.5 11.5 5.990392640201615
      vertex 4.404508497187473 11.5 5.793892626146237
    endloop
  endfacet
  facet normal 0 -1 0
    outer loop
      vertex 4.404508497187473 11.5 5.793892626146237
      vertex 4.5 11.5 5.990392640201615
      vertex 4.371572412738697 11.5 5.83456530317943
    endloop
  endfacet
  facet normal 0 -1 0
    outer loop
      vertex 4.33456530317943 11.5 5.871572412738697
      vertex 4.5 11.5 5.990392640201615
      vertex 4.293892626146237 11.5 5.904508497187473
    endloop
  endfacet
  facet normal 0 -1 0
    outer loop
      vertex 4.293892626146237 11.5 5.904508497187473
      vertex 4.5 11.5 5.990392640201615
      vertex 4.25 11.5 5.93301270189222
    endloop
  endfacet
  facet normal 0 -1 0
    outer loop
      vertex 4.25 11.5 5.93301270189222
      vertex 4.5 11.5 5.990392640201615
      vertex 4.2033683215379005 11.5 5.9567727288213
    endloop
  endfacet
  facet normal 0 -1 0
    outer loop
      vertex 4.371572412738697 11.5 5.83456530317943
      vertex 4.5 11.5 5.990392640201615
      vertex 4.33456530317943 11.5 5.871572412738697
    endloop
  endfacet
  facet normal 0 -1 0
    outer loop
      vertex 4.154508497187473 11.5 5.975528258147577
      vertex 4.5 11.5 5.990392640201615
      vertex 4.10395584540888 11.5 5.989073800366903
    endloop
  endfacet
  facet normal 0 -1 0
    outer loop
      vertex 4.095629018404851 11.5 5.990392640201615
      vertex 4.10395584540888 11.5 5.989073800366903
      vertex 4.5 11.5 5.990392640201615
    endloop
  endfacet
  facet normal 0 -1 0
    outer loop
      vertex 4.2033683215379005 11.5 5.9567727288213
      vertex 4.5 11.5 5.990392640201615
      vertex 4.154508497187473 11.5 5.975528258147577
    endloop
  endfacet
  facet normal 0.1564344650402295 0 -0.987688340595138
    outer loop
      vertex 4.095629018404851 7.5 0.009607359798384785
      vertex 4.10395584540888 7.60395584540888 0.010926199633097156
      vertex 4.10395584540888 7.5 0.010926199633097156
    endloop
  endfacet
  facet normal 0.25881904510252335 0 -0.9659258262890676
    outer loop
      vertex 4.10395584540888 7.5 0.010926199633097156
      vertex 4.10395584540888 7.60395584540888 0.010926199633097156
      vertex 4.154508497187473 7.5 0.02447174185242318
    endloop
  endfacet
  facet normal 0.15643446504022945 0 -0.987688340595138
    outer loop
      vertex 4.095629018404851 7.5 0.009607359798384785
      vertex 4.095629018404851 7.595629018404851 0.009607359798384785
      vertex 4.10395584540888 7.60395584540888 0.010926199633097156
    endloop
  endfacet
  facet normal 0.25881904510252335 0 -0.9659258262890675
    outer loop
      vertex 4.154508497187473 7.5 0.02447174185242318
      vertex 4.10395584540888 7.60395584540888 0.010926199633097156
      vertex 4.154508497187473 7.654508497187473 0.02447174185242318
    endloop
  endfacet
  facet normal 0.35836794954530027 0 -0.9335804264972016
    outer loop
      vertex 4.154508497187473 7.5 0.02447174185242318
      vertex 4.154508497187473 7.654508497187473 0.02447174185242318
      vertex 4.2033683215379005 7.5 0.043227271178699844
    endloop
  endfacet
  facet normal 0.4539904997395408 0 -0.8910065241883708
    outer loop
      vertex 4.2033683215379005 7.5 0.043227271178699844
      vertex 4.2033683215379005 7.7033683215379005 0.043227271178699844
      vertex 4.25 7.5 0.06698729810778037
    endloop
  endfacet
  facet normal 0.544639035015036 0 -0.8386705679454182
    outer loop
      vertex 4.25 7.5 0.06698729810778037
      vertex 4.25 7.75 0.06698729810778037
      vertex 4.293892626146237 7.5 0.09549150281252672
    endloop
  endfacet
  facet normal 0.6293203910498305 0 -0.7771459614569765
    outer loop
      vertex 4.293892626146237 7.5 0.09549150281252672
      vertex 4.293892626146237 7.793892626146237 0.09549150281252672
      vertex 4.33456530317943 7.5 0.128427587261303
    endloop
  endfacet
  facet normal 0.3583679495453003 0 -0.9335804264972019
    outer loop
      vertex 4.154508497187473 7.654508497187473 0.02447174185242318
      vertex 4.2033683215379005 7.7033683215379005 0.043227271178699844
      vertex 4.2033683215379005 7.5 0.043227271178699844
    endloop
  endfacet
  facet normal 0.4539904997395409 0 -0.8910065241883709
    outer loop
      vertex 4.25 7.5 0.06698729810778037
      vertex 4.2033683215379005 7.7033683215379005 0.043227271178699844
      vertex 4.25 7.75 0.06698729810778037
    endloop
  endfacet
  facet normal 0.544639035015036 0 -0.8386705679454183
    outer loop
      vertex 4.293892626146237 7.5 0.09549150281252672
      vertex 4.25 7.75 0.06698729810778037
      vertex 4.293892626146237 7.793892626146237 0.09549150281252672
    endloop
  endfacet
  facet normal 0.7071067811865476 0 -0.7071067811865476
    outer loop
      vertex 4.33456530317943 7.5 0.128427587261303
      vertex 4.33456530317943 7.83456530317943 0.128427587261303
      vertex 4.371572412738697 7.5 0.16543469682057044
    endloop
  endfacet
  facet normal 0.6293203910498305 0 -0.7771459614569765
    outer loop
      vertex 4.33456530317943 7.5 0.128427587261303
      vertex 4.293892626146237 7.793892626146237 0.09549150281252672
      vertex 4.33456530317943 7.83456530317943 0.128427587261303
    endloop
  endfacet
  facet normal 0.7071067811865476 0 -0.7071067811865476
    outer loop
      vertex 4.371572412738697 7.5 0.16543469682057044
      vertex 4.33456530317943 7.83456530317943 0.128427587261303
      vertex 4.371572412738697 7.871572412738697 0.16543469682057044
    endloop
  endfacet
  facet normal 0.7771459614569766 0 -0.6293203910498306
    outer loop
      vertex 4.371572412738697 7.5 0.16543469682057044
      vertex 4.371572412738697 7.871572412738697 0.16543469682057044
      vertex 4.404508497187473 7.5 0.20610737385376332
    endloop
  endfacet
  facet normal 0.7771459614569765 0 -0.6293203910498305
    outer loop
      vertex 4.371572412738697 7.871572412738697 0.16543469682057044
      vertex 4.404508497187473 7.904508497187473 0.20610737385376332
      vertex 4.404508497187473 7.5 0.20610737385376332
    endloop
  endfacet
  facet normal 0.8386705679454182 0 -0.544639035015036
    outer loop
      vertex 4.404508497187473 7.5 0.20610737385376332
      vertex 4.404508497187473 7.904508497187473 0.20610737385376332
      vertex 4.43301270189222 7.5 0.25
    endloop
  endfacet
  facet normal 0.8910065241883709 0 -0.4539904997395409
    outer loop
      vertex 4.43301270189222 7.5 0.25
      vertex 4.43301270189222 7.93301270189222 0.25
      vertex 4.4567727288213 7.5 0.2966316784620995
    endloop
  endfacet
  facet normal 0.9335804264972017 0 -0.35836794954530027
    outer loop
      vertex 4.4567727288213 7.5 0.2966316784620995
      vertex 4.4567727288213 7.9567727288213 0.2966316784620995
      vertex 4.475528258147577 7.5 0.3454915028125267
    endloop
  endfacet
  facet normal 0.9659258262890675 0 -0.2588190451025233
    outer loop
      vertex 4.475528258147577 7.5 0.3454915028125267
      vertex 4.475528258147577 7.975528258147577 0.3454915028125267
      vertex 4.489073800366903 7.5 0.3960441545911202
    endloop
  endfacet
  facet normal 0.9876883405951389 0 -0.15643446504022374
    outer loop
      vertex 4.489073800366903 7.5 0.3960441545911202
      vertex 4.489073800366903 7.989073800366903 0.3960441545911202
      vertex 4.497260947684136 7.5 0.4477357683661731
    endloop
  endfacet
  facet normal 0.9986295347545735 0 -0.05233595624295049
    outer loop
      vertex 4.497260947684136 7.5 0.4477357683661731
      vertex 4.497260947684136 7.997260947684136 0.4477357683661731
      vertex 4.5 7.5 0.5
    endloop
  endfacet
  facet normal 0.8386705679454183 0 -0.544639035015036
    outer loop
      vertex 4.43301270189222 7.5 0.25
      vertex 4.404508497187473 7.904508497187473 0.20610737385376332
      vertex 4.43301270189222 7.93301270189222 0.25
    endloop
  endfacet
  facet normal 0.8910065241883709 0 -0.45399049973954086
    outer loop
      vertex 4.4567727288213 7.5 0.2966316784620995
      vertex 4.43301270189222 7.93301270189222 0.25
      vertex 4.4567727288213 7.9567727288213 0.2966316784620995
    endloop
  endfacet
  facet normal 0.9335804264972019 0 -0.3583679495453003
    outer loop
      vertex 4.475528258147577 7.5 0.3454915028125267
      vertex 4.4567727288213 7.9567727288213 0.2966316784620995
      vertex 4.475528258147577 7.975528258147577 0.3454915028125267
    endloop
  endfacet
  facet normal 0.9659258262890676 0 -0.2588190451025233
    outer loop
      vertex 4.489073800366903 7.5 0.3960441545911202
      vertex 4.475528258147577 7.975528258147577 0.3454915028125267
      vertex 4.489073800366903 7.989073800366903 0.3960441545911202
    endloop
  endfacet
  facet normal 0.9876883405951389 0 -0.15643446504022376
    outer loop
      vertex 4.497260947684136 7.5 0.4477357683661731
      vertex 4.489073800366903 7.989073800366903 0.3960441545911202
      vertex 4.497260947684136 7.997260947684136 0.4477357683661731
    endloop
  endfacet
  facet normal 0.9986295347545734 0 -0.05233595624295048
    outer loop
      vertex 4.5 7.5 0.5
      vertex 4.497260947684136 7.997260947684136 0.4477357683661731
      vertex 4.5 8 0.5
    endloop
  endfacet
  facet normal 0.9986295347545734 0 -0.05233595624295048
    outer loop
      vertex 4.497260947684136 8 0.4477357683661731
      vertex 4.5 8.5 0.5
      vertex 4.5 8 0.5
    endloop
  endfacet
  facet normal 0.15643446504022948 0 -0.987688340595138
    outer loop
      vertex 4.095629018404851 8 0.009607359798384785
      vertex 4.10395584540888 11 0.010926199633097156
      vertex 4.10395584540888 8 0.010926199633097156
    endloop
  endfacet
  facet normal 0.25881904510252335 0 -0.9659258262890676
    outer loop
      vertex 4.10395584540888 8 0.010926199633097156
      vertex 4.154508497187473 11 0.02447174185242318
      vertex 4.154508497187473 8 0.02447174185242318
    endloop
  endfacet
  facet normal 0.35836794954530027 0 -0.9335804264972016
    outer loop
      vertex 4.154508497187473 8 0.02447174185242318
      vertex 4.2033683215379005 11 0.043227271178699844
      vertex 4.2033683215379005 8 0.043227271178699844
    endloop
  endfacet
  facet normal 0.45399049973954086 0 -0.8910065241883708
    outer loop
      vertex 4.2033683215379005 8 0.043227271178699844
      vertex 4.25 11 0.06698729810778037
      vertex 4.25 8 0.06698729810778037
    endloop
  endfacet
  facet normal 0.5446390350150361 0 -0.8386705679454183
    outer loop
      vertex 4.25 8 0.06698729810778037
      vertex 4.293892626146237 11 0.09549150281252672
      vertex 4.293892626146237 8 0.09549150281252672
    endloop
  endfacet
  facet normal 0.6293203910498305 0 -0.7771459614569765
    outer loop
      vertex 4.293892626146237 8 0.09549150281252672
      vertex 4.33456530317943 11 0.128427587261303
      vertex 4.33456530317943 8 0.128427587261303
    endloop
  endfacet
  facet normal 0.7071067811865476 0 -0.7071067811865476
    outer loop
      vertex 4.33456530317943 8 0.128427587261303
      vertex 4.371572412738697 11 0.16543469682057044
      vertex 4.371572412738697 8 0.16543469682057044
    endloop
  endfacet
  facet normal 0.7771459614569765 0 -0.6293203910498305
    outer loop
      vertex 4.371572412738697 8 0.16543469682057044
      vertex 4.404508497187473 11 0.20610737385376332
      vertex 4.404508497187473 8 0.20610737385376332
    endloop
  endfacet
  facet normal 0.8386705679454183 0 -0.5446390350150361
    outer loop
      vertex 4.404508497187473 8 0.20610737385376332
      vertex 4.43301270189222 11 0.25
      vertex 4.43301270189222 8 0.25
    endloop
  endfacet
  facet normal 0.8910065241883708 0 -0.45399049973954086
    outer loop
      vertex 4.43301270189222 8 0.25
      vertex 4.4567727288213 11 0.2966316784620995
      vertex 4.4567727288213 8 0.2966316784620995
    endloop
  endfacet
  facet normal 0.9335804264972016 0 -0.35836794954530027
    outer loop
      vertex 4.4567727288213 8 0.2966316784620995
      vertex 4.475528258147577 11 0.3454915028125267
      vertex 4.475528258147577 8 0.3454915028125267
    endloop
  endfacet
  facet normal 0.9659258262890676 0 -0.25881904510252335
    outer loop
      vertex 4.475528258147577 8 0.3454915028125267
      vertex 4.489073800366903 11 0.3960441545911202
      vertex 4.489073800366903 8 0.3960441545911202
    endloop
  endfacet
  facet normal 0.9876883405951389 0 -0.15643446504022374
    outer loop
      vertex 4.489073800366903 8 0.3960441545911202
      vertex 4.497260947684136 11 0.4477357683661731
      vertex 4.497260947684136 8 0.4477357683661731
    endloop
  endfacet
  facet normal 0.9986295347545734 0 -0.05233595624295048
    outer loop
      vertex 4.497260947684136 8 0.4477357683661731
      vertex 4.5 10.5 0.5
      vertex 4.5 8.5 0.5
    endloop
  endfacet
  facet normal 0.15643446504022948 0 -0.987688340595138
    outer loop
      vertex 4.095629018404851 8 0.009607359798384785
      vertex 4.095629018404851 11 0.009607359798384785
      vertex 4.10395584540888 11 0.010926199633097156
    endloop
  endfacet
  facet normal 0.25881904510252335 0 -0.9659258262890676
    outer loop
      vertex 4.10395584540888 8 0.010926199633097156
      vertex 4.10395584540888 11 0.010926199633097156
      vertex 4.154508497187473 11 0.02447174185242318
    endloop
  endfacet
  facet normal 0.35836794954530027 0 -0.9335804264972016
    outer loop
      vertex 4.154508497187473 8 0.02447174185242318
      vertex 4.154508497187473 11 0.02447174185242318
      vertex 4.2033683215379005 11 0.043227271178699844
    endloop
  endfacet
  facet normal 0.45399049973954086 0 -0.8910065241883708
    outer loop
      vertex 4.2033683215379005 8 0.043227271178699844
      vertex 4.2033683215379005 11 0.043227271178699844
      vertex 4.25 11 0.06698729810778037
    endloop
  endfacet
  facet normal 0.5446390350150361 0 -0.8386705679454183
    outer loop
      vertex 4.25 8 0.06698729810778037
      vertex 4.25 11 0.06698729810778037
      vertex 4.293892626146237 11 0.09549150281252672
    endloop
  endfacet
  facet normal 0.6293203910498305 0 -0.7771459614569765
    outer loop
      vertex 4.293892626146237 8 0.09549150281252672
      vertex 4.293892626146237 11 0.09549150281252672
      vertex 4.33456530317943 11 0.128427587261303
    endloop
  endfacet
  facet normal 0.7071067811865476 0 -0.7071067811865476
    outer loop
      vertex 4.33456530317943 8 0.128427587261303
      vertex 4.33456530317943 11 0.128427587261303
      vertex 4.371572412738697 11 0.16543469682057044
    endloop
  endfacet
  facet normal 0.7771459614569765 0 -0.6293203910498305
    outer loop
      vertex 4.371572412738697 8 0.16543469682057044
      vertex 4.371572412738697 11 0.16543469682057044
      vertex 4.404508497187473 11 0.20610737385376332
    endloop
  endfacet
  facet normal 0.8386705679454183 0 -0.5446390350150361
    outer loop
      vertex 4.404508497187473 8 0.20610737385376332
      vertex 4.404508497187473 11 0.20610737385376332
      vertex 4.43301270189222 11 0.25
    endloop
  endfacet
  facet normal 0.8910065241883708 0 -0.45399049973954086
    outer loop
      vertex 4.43301270189222 8 0.25
      vertex 4.43301270189222 11 0.25
      vertex 4.4567727288213 11 0.2966316784620995
    endloop
  endfacet
  facet normal 0.9335804264972016 0 -0.35836794954530027
    outer loop
      vertex 4.4567727288213 8 0.2966316784620995
      vertex 4.4567727288213 11 0.2966316784620995
      vertex 4.475528258147577 11 0.3454915028125267
    endloop
  endfacet
  facet normal 0.9659258262890676 0 -0.25881904510252335
    outer loop
      vertex 4.475528258147577 8 0.3454915028125267
      vertex 4.475528258147577 11 0.3454915028125267
      vertex 4.489073800366903 11 0.3960441545911202
    endloop
  endfacet
  facet normal 0.9876883405951389 0 -0.15643446504022374
    outer loop
      vertex 4.489073800366903 8 0.3960441545911202
      vertex 4.489073800366903 11 0.3960441545911202
      vertex 4.497260947684136 11 0.4477357683661731
    endloop
  endfacet
  facet normal 0.9986295347545734 0 -0.05233595624295048
    outer loop
      vertex 4.497260947684136 8 0.4477357683661731
      vertex 4.5 11 0.5
      vertex 4.5 10.5 0.5
    endloop
  endfacet
  facet normal 0.9986295347545736 0 -0.05233595624295049
    outer loop
      vertex 4.497260947684136 8 0.4477357683661731
      vertex 4.497260947684136 11 0.4477357683661731
      vertex 4.5 11 0.5
    endloop
  endfacet
  facet normal 0.544639035015036 0 -0.8386705679454183
    outer loop
      vertex 4.293892626146237 11.206107373853763 0.09549150281252672
      vertex 4.25 11.25 0.06698729810778037
      vertex 4.293892626146237 11.5 0.09549150281252672
    endloop
  endfacet
  facet normal 0.7071067811865476 0 -0.7071067811865476
    outer loop
      vertex 4.33456530317943 11.16543469682057 0.128427587261303
      vertex 4.371572412738697 11.5 0.16543469682057044
      vertex 4.371572412738697 11.128427587261303 0.16543469682057044
    endloop
  endfacet
  facet normal 0.6293203910498306 0 -0.7771459614569766
    outer loop
      vertex 4.293892626146237 11.206107373853763 0.09549150281252672
      vertex 4.33456530317943 11.5 0.128427587261303
      vertex 4.33456530317943 11.16543469682057 0.128427587261303
    endloop
  endfacet
  facet normal 0.7771459614569765 0 -0.6293203910498305
    outer loop
      vertex 4.371572412738697 11.128427587261303 0.16543469682057044
      vertex 4.404508497187473 11.5 0.20610737385376332
      vertex 4.404508497187473 11.095491502812527 0.20610737385376332
    endloop
  endfacet
  facet normal 0.8386705679454183 0 -0.544639035015036
    outer loop
      vertex 4.43301270189222 11.066987298107781 0.25
      vertex 4.404508497187473 11.095491502812527 0.20610737385376332
      vertex 4.43301270189222 11.5 0.25
    endloop
  endfacet
  facet normal 0.8910065241883708 0 -0.4539904997395409
    outer loop
      vertex 4.43301270189222 11.066987298107781 0.25
      vertex 4.4567727288213 11.5 0.2966316784620995
      vertex 4.4567727288213 11.043227271178699 0.2966316784620995
    endloop
  endfacet
  facet normal 0.9335804264972019 0 -0.3583679495453003
    outer loop
      vertex 4.4567727288213 11.043227271178699 0.2966316784620995
      vertex 4.475528258147577 11.5 0.3454915028125267
      vertex 4.475528258147577 11.024471741852423 0.3454915028125267
    endloop
  endfacet
  facet normal 0.9659258262890676 0 -0.2588190451025233
    outer loop
      vertex 4.475528258147577 11.024471741852423 0.3454915028125267
      vertex 4.489073800366903 11.5 0.3960441545911202
      vertex 4.489073800366903 11.010926199633097 0.3960441545911202
    endloop
  endfacet
  facet normal 0.9659258262890675 0 -0.2588190451025233
    outer loop
      vertex 4.475528258147577 11.024471741852423 0.3454915028125267
      vertex 4.475528258147577 11.5 0.3454915028125267
      vertex 4.489073800366903 11.5 0.3960441545911202
    endloop
  endfacet
  facet normal 0.9876883405951389 0 -0.15643446504022374
    outer loop
      vertex 4.489073800366903 11.010926199633097 0.3960441545911202
      vertex 4.489073800366903 11.5 0.3960441545911202
      vertex 4.497260947684136 11.5 0.4477357683661731
    endloop
  endfacet
  facet normal 0.9876883405951389 0 -0.1564344650402237
    outer loop
      vertex 4.489073800366903 11.010926199633097 0.3960441545911202
      vertex 4.497260947684136 11.5 0.4477357683661731
      vertex 4.497260947684136 11.002739052315864 0.4477357683661731
    endloop
  endfacet
  facet normal 0.9986295347545734 0 -0.05233595624295048
    outer loop
      vertex 4.497260947684136 11.002739052315864 0.4477357683661731
      vertex 4.5 11.5 0.5
      vertex 4.5 11 0.5
    endloop
  endfacet
  facet normal 0.9986295347545735 0 -0.05233595624295049
    outer loop
      vertex 4.497260947684136 11.002739052315864 0.4477357683661731
      vertex 4.497260947684136 11.5 0.4477357683661731
      vertex 4.5 11.5 0.5
    endloop
  endfacet
  facet normal 0.15643446504022948 0 -0.987688340595138
    outer loop
      vertex 4.095629018404851 11.40437098159515 0.009607359798384785
      vertex 4.095629018404851 11.5 0.009607359798384785
      vertex 4.10395584540888 11.5 0.010926199633097156
    endloop
  endfacet
  facet normal 0.1564344650402295 0 -0.987688340595138
    outer loop
      vertex 4.095629018404851 11.40437098159515 0.009607359798384785
      vertex 4.10395584540888 11.5 0.010926199633097156
      vertex 4.10395584540888 11.39604415459112 0.010926199633097156
    endloop
  endfacet
  facet normal 0.25881904510252335 0 -0.9659258262890676
    outer loop
      vertex 4.10395584540888 11.39604415459112 0.010926199633097156
      vertex 4.10395584540888 11.5 0.010926199633097156
      vertex 4.154508497187473 11.5 0.02447174185242318
    endloop
  endfacet
  facet normal 0.25881904510252335 0 -0.9659258262890675
    outer loop
      vertex 4.154508497187473 11.345491502812527 0.02447174185242318
      vertex 4.10395584540888 11.39604415459112 0.010926199633097156
      vertex 4.154508497187473 11.5 0.02447174185242318
    endloop
  endfacet
  facet normal 0.35836794954530027 0 -0.9335804264972016
    outer loop
      vertex 4.154508497187473 11.345491502812527 0.02447174185242318
      vertex 4.154508497187473 11.5 0.02447174185242318
      vertex 4.2033683215379005 11.5 0.043227271178699844
    endloop
  endfacet
  facet normal 0.35836794954530027 0 -0.9335804264972016
    outer loop
      vertex 4.154508497187473 11.345491502812527 0.02447174185242318
      vertex 4.2033683215379005 11.5 0.043227271178699844
      vertex 4.2033683215379005 11.2966316784621 0.043227271178699844
    endloop
  endfacet
  facet normal 0.4539904997395409 0 -0.8910065241883709
    outer loop
      vertex 4.25 11.25 0.06698729810778037
      vertex 4.2033683215379005 11.2966316784621 0.043227271178699844
      vertex 4.25 11.5 0.06698729810778037
    endloop
  endfacet
  facet normal 0.45399049973954086 0 -0.8910065241883708
    outer loop
      vertex 4.2033683215379005 11.2966316784621 0.043227271178699844
      vertex 4.2033683215379005 11.5 0.043227271178699844
      vertex 4.25 11.5 0.06698729810778037
    endloop
  endfacet
  facet normal 0.544639035015036 0 -0.8386705679454182
    outer loop
      vertex 4.25 11.25 0.06698729810778037
      vertex 4.25 11.5 0.06698729810778037
      vertex 4.293892626146237 11.5 0.09549150281252672
    endloop
  endfacet
  facet normal 0.6293203910498305 0 -0.7771459614569765
    outer loop
      vertex 4.293892626146237 11.206107373853763 0.09549150281252672
      vertex 4.293892626146237 11.5 0.09549150281252672
      vertex 4.33456530317943 11.5 0.128427587261303
    endloop
  endfacet
  facet normal 0.7071067811865476 0 -0.7071067811865476
    outer loop
      vertex 4.33456530317943 11.16543469682057 0.128427587261303
      vertex 4.33456530317943 11.5 0.128427587261303
      vertex 4.371572412738697 11.5 0.16543469682057044
    endloop
  endfacet
  facet normal 0.7771459614569766 0 -0.6293203910498306
    outer loop
      vertex 4.371572412738697 11.128427587261303 0.16543469682057044
      vertex 4.371572412738697 11.5 0.16543469682057044
      vertex 4.404508497187473 11.5 0.20610737385376332
    endloop
  endfacet
  facet normal 0.8386705679454182 0 -0.544639035015036
    outer loop
      vertex 4.404508497187473 11.095491502812527 0.20610737385376332
      vertex 4.404508497187473 11.5 0.20610737385376332
      vertex 4.43301270189222 11.5 0.25
    endloop
  endfacet
  facet normal 0.8910065241883708 0 -0.45399049973954086
    outer loop
      vertex 4.43301270189222 11.066987298107781 0.25
      vertex 4.43301270189222 11.5 0.25
      vertex 4.4567727288213 11.5 0.2966316784620995
    endloop
  endfacet
  facet normal 0.9335804264972017 0 -0.3583679495453003
    outer loop
      vertex 4.4567727288213 11.043227271178699 0.2966316784620995
      vertex 4.4567727288213 11.5 0.2966316784620995
      vertex 4.475528258147577 11.5 0.3454915028125267
    endloop
  endfacet
  facet normal 0.9986295347545735 0 0.05233595624295049
    outer loop
      vertex 4.5 7.5 5.5
      vertex 4.497260947684136 7.997260947684136 5.552264231633827
      vertex 4.497260947684136 7.5 5.552264231633827
    endloop
  endfacet
  facet normal 0.9876883405951389 0 0.15643446504022374
    outer loop
      vertex 4.497260947684136 7.5 5.552264231633827
      vertex 4.489073800366903 7.989073800366903 5.60395584540888
      vertex 4.489073800366903 7.5 5.60395584540888
    endloop
  endfacet
  facet normal 0.9659258262890675 0 0.2588190451025233
    outer loop
      vertex 4.489073800366903 7.5 5.60395584540888
      vertex 4.475528258147577 7.975528258147577 5.654508497187473
      vertex 4.475528258147577 7.5 5.654508497187473
    endloop
  endfacet
  facet normal 0.9335804264972017 0 0.35836794954530027
    outer loop
      vertex 4.475528258147577 7.5 5.654508497187473
      vertex 4.4567727288213 7.9567727288213 5.7033683215379005
      vertex 4.4567727288213 7.5 5.7033683215379005
    endloop
  endfacet
  facet normal 0.8910065241883709 0 0.4539904997395409
    outer loop
      vertex 4.4567727288213 7.5 5.7033683215379005
      vertex 4.43301270189222 7.93301270189222 5.75
      vertex 4.43301270189222 7.5 5.75
    endloop
  endfacet
  facet normal 0.8386705679454182 0 0.544639035015036
    outer loop
      vertex 4.43301270189222 7.5 5.75
      vertex 4.404508497187473 7.904508497187473 5.793892626146237
      vertex 4.404508497187473 7.5 5.793892626146237
    endloop
  endfacet
  facet normal 0.9986295347545734 0 0.05233595624295048
    outer loop
      vertex 4.5 7.5 5.5
      vertex 4.5 8 5.5
      vertex 4.497260947684136 7.997260947684136 5.552264231633827
    endloop
  endfacet
  facet normal 0.9876883405951389 0 0.15643446504022376
    outer loop
      vertex 4.497260947684136 7.5 5.552264231633827
      vertex 4.497260947684136 7.997260947684136 5.552264231633827
      vertex 4.489073800366903 7.989073800366903 5.60395584540888
    endloop
  endfacet
  facet normal 0.9659258262890676 0 0.2588190451025233
    outer loop
      vertex 4.489073800366903 7.5 5.60395584540888
      vertex 4.489073800366903 7.989073800366903 5.60395584540888
      vertex 4.475528258147577 7.975528258147577 5.654508497187473
    endloop
  endfacet
  facet normal 0.9986295347545734 0 0.05233595624295048
    outer loop
      vertex 4.5 8 5.5
      vertex 4.5 8.5 5.5
      vertex 4.497260947684136 8 5.552264231633827
    endloop
  endfacet
  facet normal 0.9335804264972019 0 0.3583679495453003
    outer loop
      vertex 4.475528258147577 7.5 5.654508497187473
      vertex 4.475528258147577 7.975528258147577 5.654508497187473
      vertex 4.4567727288213 7.9567727288213 5.7033683215379005
    endloop
  endfacet
  facet normal 0.8910065241883709 0 0.45399049973954086
    outer loop
      vertex 4.4567727288213 7.5 5.7033683215379005
      vertex 4.4567727288213 7.9567727288213 5.7033683215379005
      vertex 4.43301270189222 7.93301270189222 5.75
    endloop
  endfacet
  facet normal 0.8386705679454183 0 0.544639035015036
    outer loop
      vertex 4.43301270189222 7.5 5.75
      vertex 4.43301270189222 7.93301270189222 5.75
      vertex 4.404508497187473 7.904508497187473 5.793892626146237
    endloop
  endfacet
  facet normal 0.7771459614569766 0 0.6293203910498306
    outer loop
      vertex 4.404508497187473 7.5 5.793892626146237
      vertex 4.371572412738697 7.871572412738697 5.83456530317943
      vertex 4.371572412738697 7.5 5.83456530317943
    endloop
  endfacet
  facet normal 0.7071067811865476 0 0.7071067811865476
    outer loop
      vertex 4.371572412738697 7.5 5.83456530317943
      vertex 4.33456530317943 7.83456530317943 5.871572412738697
      vertex 4.33456530317943 7.5 5.871572412738697
    endloop
  endfacet
  facet normal 0.7071067811865476 0 0.7071067811865476
    outer loop
      vertex 4.371572412738697 7.5 5.83456530317943
      vertex 4.371572412738697 7.871572412738697 5.83456530317943
      vertex 4.33456530317943 7.83456530317943 5.871572412738697
    endloop
  endfacet
  facet normal 0.6293203910498305 0 0.7771459614569765
    outer loop
      vertex 4.33456530317943 7.5 5.871572412738697
      vertex 4.33456530317943 7.83456530317943 5.871572412738697
      vertex 4.293892626146237 7.793892626146237 5.904508497187473
    endloop
  endfacet
  facet normal 0.544639035015036 0 0.8386705679454182
    outer loop
      vertex 4.293892626146237 7.5 5.904508497187473
      vertex 4.25 7.75 5.93301270189222
      vertex 4.25 7.5 5.93301270189222
    endloop
  endfacet
  facet normal 0.6293203910498305 0 0.7771459614569765
    outer loop
      vertex 4.33456530317943 7.5 5.871572412738697
      vertex 4.293892626146237 7.793892626146237 5.904508497187473
      vertex 4.293892626146237 7.5 5.904508497187473
    endloop
  endfacet
  facet normal 0.4539904997395408 0 0.8910065241883708
    outer loop
      vertex 4.25 7.5 5.93301270189222
      vertex 4.2033683215379005 7.7033683215379005 5.9567727288213
      vertex 4.2033683215379005 7.5 5.9567727288213
    endloop
  endfacet
  facet normal 0.544639035015036 0 0.8386705679454183
    outer loop
      vertex 4.293892626146237 7.5 5.904508497187473
      vertex 4.293892626146237 7.793892626146237 5.904508497187473
      vertex 4.25 7.75 5.93301270189222
    endloop
  endfacet
  facet normal 0.4539904997395409 0 0.8910065241883709
    outer loop
      vertex 4.25 7.5 5.93301270189222
      vertex 4.25 7.75 5.93301270189222
      vertex 4.2033683215379005 7.7033683215379005 5.9567727288213
    endloop
  endfacet
  facet normal 0.3583679495453003 0 0.9335804264972019
    outer loop
      vertex 4.2033683215379005 7.5 5.9567727288213
      vertex 4.2033683215379005 7.7033683215379005 5.9567727288213
      vertex 4.154508497187473 7.654508497187473 5.975528258147577
    endloop
  endfacet
  facet normal 0.15643446504022945 0 0.987688340595138
    outer loop
      vertex 4.095629018404851 7.5 5.990392640201615
      vertex 4.10395584540888 7.5 5.989073800366903
      vertex 4.095629018404851 7.595629018404851 5.990392640201615
    endloop
  endfacet
  facet normal 0.25881904510252335 0 0.9659258262890676
    outer loop
      vertex 4.154508497187473 7.5 5.975528258147577
      vertex 4.10395584540888 7.60395584540888 5.989073800366903
      vertex 4.10395584540888 7.5 5.989073800366903
    endloop
  endfacet
  facet normal 0.25881904510252335 0 0.9659258262890675
    outer loop
      vertex 4.154508497187473 7.5 5.975528258147577
      vertex 4.154508497187473 7.654508497187473 5.975528258147577
      vertex 4.10395584540888 7.60395584540888 5.989073800366903
    endloop
  endfacet
  facet normal 0.1564344650402295 0 0.987688340595138
    outer loop
      vertex 4.10395584540888 7.5 5.989073800366903
      vertex 4.10395584540888 7.60395584540888 5.989073800366903
      vertex 4.095629018404851 7.595629018404851 5.990392640201615
    endloop
  endfacet
  facet normal 0.35836794954530027 0 0.9335804264972016
    outer loop
      vertex 4.2033683215379005 7.5 5.9567727288213
      vertex 4.154508497187473 7.654508497187473 5.975528258147577
      vertex 4.154508497187473 7.5 5.975528258147577
    endloop
  endfacet
  facet normal 0.7771459614569765 0 0.6293203910498305
    outer loop
      vertex 4.404508497187473 7.5 5.793892626146237
      vertex 4.404508497187473 7.904508497187473 5.793892626146237
      vertex 4.371572412738697 7.871572412738697 5.83456530317943
    endloop
  endfacet
  facet normal 0.9986295347545734 0 0.05233595624295048
    outer loop
      vertex 4.497260947684136 8 5.552264231633827
      vertex 4.5 8.5 5.5
      vertex 4.5 10.5 5.5
    endloop
  endfacet
  facet normal 0.9876883405951389 0 0.15643446504022374
    outer loop
      vertex 4.497260947684136 8 5.552264231633827
      vertex 4.497260947684136 11 5.552264231633827
      vertex 4.489073800366903 8 5.60395584540888
    endloop
  endfacet
  facet normal 0.9659258262890676 0 0.25881904510252335
    outer loop
      vertex 4.489073800366903 8 5.60395584540888
      vertex 4.489073800366903 11 5.60395584540888
      vertex 4.475528258147577 8 5.654508497187473
    endloop
  endfacet
  facet normal 0.9335804264972016 0 0.35836794954530027
    outer loop
      vertex 4.475528258147577 8 5.654508497187473
      vertex 4.475528258147577 11 5.654508497187473
      vertex 4.4567727288213 8 5.7033683215379005
    endloop
  endfacet
  facet normal 0.8910065241883708 0 0.45399049973954086
    outer loop
      vertex 4.4567727288213 8 5.7033683215379005
      vertex 4.4567727288213 11 5.7033683215379005
      vertex 4.43301270189222 8 5.75
    endloop
  endfacet
  facet normal 0.8386705679454183 0 0.5446390350150361
    outer loop
      vertex 4.43301270189222 8 5.75
      vertex 4.43301270189222 11 5.75
      vertex 4.404508497187473 8 5.793892626146237
    endloop
  endfacet
  facet normal 0.7071067811865476 0 0.7071067811865476
    outer loop
      vertex 4.371572412738697 8 5.83456530317943
      vertex 4.371572412738697 11 5.83456530317943
      vertex 4.33456530317943 8 5.871572412738697
    endloop
  endfacet
  facet normal 0.6293203910498305 0 0.7771459614569765
    outer loop
      vertex 4.33456530317943 8 5.871572412738697
      vertex 4.33456530317943 11 5.871572412738697
      vertex 4.293892626146237 8 5.904508497187473
    endloop
  endfacet
  facet normal 0.7771459614569765 0 0.6293203910498305
    outer loop
      vertex 4.404508497187473 8 5.793892626146237
      vertex 4.404508497187473 11 5.793892626146237
      vertex 4.371572412738697 8 5.83456530317943
    endloop
  endfacet
  facet normal 0.5446390350150361 0 0.8386705679454183
    outer loop
      vertex 4.293892626146237 8 5.904508497187473
      vertex 4.293892626146237 11 5.904508497187473
      vertex 4.25 8 5.93301270189222
    endloop
  endfacet
  facet normal 0.45399049973954086 0 0.8910065241883708
    outer loop
      vertex 4.25 8 5.93301270189222
      vertex 4.25 11 5.93301270189222
      vertex 4.2033683215379005 8 5.9567727288213
    endloop
  endfacet
  facet normal 0.35836794954530027 0 0.9335804264972016
    outer loop
      vertex 4.2033683215379005 8 5.9567727288213
      vertex 4.2033683215379005 11 5.9567727288213
      vertex 4.154508497187473 8 5.975528258147577
    endloop
  endfacet
  facet normal 0.25881904510252335 0 0.9659258262890676
    outer loop
      vertex 4.154508497187473 8 5.975528258147577
      vertex 4.154508497187473 11 5.975528258147577
      vertex 4.10395584540888 8 5.989073800366903
    endloop
  endfacet
  facet normal 0.15643446504022948 0 0.987688340595138
    outer loop
      vertex 4.095629018404851 8 5.990392640201615
      vertex 4.10395584540888 8 5.989073800366903
      vertex 4.095629018404851 11 5.990392640201615
    endloop
  endfacet
  facet normal 0.9986295347545734 0 0.05233595624295048
    outer loop
      vertex 4.497260947684136 8 5.552264231633827
      vertex 4.5 10.5 5.5
      vertex 4.5 11 5.5
    endloop
  endfacet
  facet normal 0.9986295347545736 0 0.05233595624295049
    outer loop
      vertex 4.497260947684136 8 5.552264231633827
      vertex 4.5 11 5.5
      vertex 4.497260947684136 11 5.552264231633827
    endloop
  endfacet
  facet normal 0.9876883405951389 0 0.15643446504022374
    outer loop
      vertex 4.489073800366903 8 5.60395584540888
      vertex 4.497260947684136 11 5.552264231633827
      vertex 4.489073800366903 11 5.60395584540888
    endloop
  endfacet
  facet normal 0.9659258262890676 0 0.25881904510252335
    outer loop
      vertex 4.475528258147577 8 5.654508497187473
      vertex 4.489073800366903 11 5.60395584540888
      vertex 4.475528258147577 11 5.654508497187473
    endloop
  endfacet
  facet normal 0.9335804264972016 0 0.35836794954530027
    outer loop
      vertex 4.4567727288213 8 5.7033683215379005
      vertex 4.475528258147577 11 5.654508497187473
      vertex 4.4567727288213 11 5.7033683215379005
    endloop
  endfacet
  facet normal 0.8910065241883708 0 0.45399049973954086
    outer loop
      vertex 4.43301270189222 8 5.75
      vertex 4.4567727288213 11 5.7033683215379005
      vertex 4.43301270189222 11 5.75
    endloop
  endfacet
  facet normal 0.8386705679454183 0 0.5446390350150361
    outer loop
      vertex 4.404508497187473 8 5.793892626146237
      vertex 4.43301270189222 11 5.75
      vertex 4.404508497187473 11 5.793892626146237
    endloop
  endfacet
  facet normal 0.7771459614569765 0 0.6293203910498305
    outer loop
      vertex 4.371572412738697 8 5.83456530317943
      vertex 4.404508497187473 11 5.793892626146237
      vertex 4.371572412738697 11 5.83456530317943
    endloop
  endfacet
  facet normal 0.7071067811865476 0 0.7071067811865476
    outer loop
      vertex 4.33456530317943 8 5.871572412738697
      vertex 4.371572412738697 11 5.83456530317943
      vertex 4.33456530317943 11 5.871572412738697
    endloop
  endfacet
  facet normal 0.5446390350150361 0 0.8386705679454183
    outer loop
      vertex 4.25 8 5.93301270189222
      vertex 4.293892626146237 11 5.904508497187473
      vertex 4.25 11 5.93301270189222
    endloop
  endfacet
  facet normal 0.6293203910498305 0 0.7771459614569765
    outer loop
      vertex 4.293892626146237 8 5.904508497187473
      vertex 4.33456530317943 11 5.871572412738697
      vertex 4.293892626146237 11 5.904508497187473
    endloop
  endfacet
  facet normal 0.45399049973954086 0 0.8910065241883708
    outer loop
      vertex 4.2033683215379005 8 5.9567727288213
      vertex 4.25 11 5.93301270189222
      vertex 4.2033683215379005 11 5.9567727288213
    endloop
  endfacet
  facet normal 0.25881904510252335 0 0.9659258262890676
    outer loop
      vertex 4.10395584540888 8 5.989073800366903
      vertex 4.154508497187473 11 5.975528258147577
      vertex 4.10395584540888 11 5.989073800366903
    endloop
  endfacet
  facet normal 0.15643446504022948 0 0.987688340595138
    outer loop
      vertex 4.10395584540888 8 5.989073800366903
      vertex 4.10395584540888 11 5.989073800366903
      vertex 4.095629018404851 11 5.990392640201615
    endloop
  endfacet
  facet normal 0.35836794954530027 0 0.9335804264972016
    outer loop
      vertex 4.154508497187473 8 5.975528258147577
      vertex 4.2033683215379005 11 5.9567727288213
      vertex 4.154508497187473 11 5.975528258147577
    endloop
  endfacet
  facet normal 0.9986295347545734 0 0.05233595624295048
    outer loop
      vertex 4.5 11 5.5
      vertex 4.5 11.5 5.5
      vertex 4.497260947684136 11.002739052315864 5.552264231633827
    endloop
  endfacet
  facet normal 0.9876883405951389 0 0.15643446504022376
    outer loop
      vertex 4.497260947684136 11.002739052315864 5.552264231633827
      vertex 4.497260947684136 11.5 5.552264231633827
      vertex 4.489073800366903 11.010926199633097 5.60395584540888
    endloop
  endfacet
  facet normal 0.9986295347545735 0 0.05233595624295049
    outer loop
      vertex 4.497260947684136 11.002739052315864 5.552264231633827
      vertex 4.5 11.5 5.5
      vertex 4.497260947684136 11.5 5.552264231633827
    endloop
  endfacet
  facet normal 0.9659258262890676 0 0.2588190451025233
    outer loop
      vertex 4.489073800366903 11.010926199633097 5.60395584540888
      vertex 4.489073800366903 11.5 5.60395584540888
      vertex 4.475528258147577 11.024471741852423 5.654508497187473
    endloop
  endfacet
  facet normal 0.9876883405951389 0 0.15643446504022374
    outer loop
      vertex 4.489073800366903 11.010926199633097 5.60395584540888
      vertex 4.497260947684136 11.5 5.552264231633827
      vertex 4.489073800366903 11.5 5.60395584540888
    endloop
  endfacet
  facet normal 0.9659258262890675 0 0.2588190451025233
    outer loop
      vertex 4.475528258147577 11.024471741852423 5.654508497187473
      vertex 4.489073800366903 11.5 5.60395584540888
      vertex 4.475528258147577 11.5 5.654508497187473
    endloop
  endfacet
  facet normal 0.9335804264972019 0 0.3583679495453003
    outer loop
      vertex 4.475528258147577 11.024471741852423 5.654508497187473
      vertex 4.475528258147577 11.5 5.654508497187473
      vertex 4.4567727288213 11.043227271178699 5.7033683215379005
    endloop
  endfacet
  facet normal 0.8910065241883709 0 0.4539904997395409
    outer loop
      vertex 4.4567727288213 11.043227271178699 5.7033683215379005
      vertex 4.4567727288213 11.5 5.7033683215379005
      vertex 4.43301270189222 11.066987298107781 5.75
    endloop
  endfacet
  facet normal 0.8386705679454183 0 0.544639035015036
    outer loop
      vertex 4.43301270189222 11.066987298107781 5.75
      vertex 4.43301270189222 11.5 5.75
      vertex 4.404508497187473 11.095491502812527 5.793892626146237
    endloop
  endfacet
  facet normal 0.7071067811865476 0 0.7071067811865476
    outer loop
      vertex 4.371572412738697 11.128427587261303 5.83456530317943
      vertex 4.371572412738697 11.5 5.83456530317943
      vertex 4.33456530317943 11.16543469682057 5.871572412738697
    endloop
  endfacet
  facet normal 0.6293203910498305 0 0.7771459614569765
    outer loop
      vertex 4.33456530317943 11.16543469682057 5.871572412738697
      vertex 4.33456530317943 11.5 5.871572412738697
      vertex 4.293892626146237 11.206107373853763 5.904508497187473
    endloop
  endfacet
  facet normal 0.7771459614569765 0 0.6293203910498305
    outer loop
      vertex 4.404508497187473 11.095491502812527 5.793892626146237
      vertex 4.404508497187473 11.5 5.793892626146237
      vertex 4.371572412738697 11.128427587261303 5.83456530317943
    endloop
  endfacet
  facet normal 0.544639035015036 0 0.8386705679454183
    outer loop
      vertex 4.293892626146237 11.206107373853763 5.904508497187473
      vertex 4.293892626146237 11.5 5.904508497187473
      vertex 4.25 11.25 5.93301270189222
    endloop
  endfacet
  facet normal 0.9335804264972017 0 0.3583679495453003
    outer loop
      vertex 4.4567727288213 11.043227271178699 5.7033683215379005
      vertex 4.475528258147577 11.5 5.654508497187473
      vertex 4.4567727288213 11.5 5.7033683215379005
    endloop
  endfacet
  facet normal 0.8910065241883708 0 0.45399049973954086
    outer loop
      vertex 4.43301270189222 11.066987298107781 5.75
      vertex 4.4567727288213 11.5 5.7033683215379005
      vertex 4.43301270189222 11.5 5.75
    endloop
  endfacet
  facet normal 0.8386705679454182 0 0.544639035015036
    outer loop
      vertex 4.404508497187473 11.095491502812527 5.793892626146237
      vertex 4.43301270189222 11.5 5.75
      vertex 4.404508497187473 11.5 5.793892626146237
    endloop
  endfacet
  facet normal 0.7771459614569766 0 0.6293203910498306
    outer loop
      vertex 4.371572412738697 11.128427587261303 5.83456530317943
      vertex 4.404508497187473 11.5 5.793892626146237
      vertex 4.371572412738697 11.5 5.83456530317943
    endloop
  endfacet
  facet normal 0.7071067811865476 0 0.7071067811865476
    outer loop
      vertex 4.33456530317943 11.16543469682057 5.871572412738697
      vertex 4.371572412738697 11.5 5.83456530317943
      vertex 4.33456530317943 11.5 5.871572412738697
    endloop
  endfacet
  facet normal 0.544639035015036 0 0.8386705679454182
    outer loop
      vertex 4.25 11.25 5.93301270189222
      vertex 4.293892626146237 11.5 5.904508497187473
      vertex 4.25 11.5 5.93301270189222
    endloop
  endfacet
  facet normal 0.6293203910498305 0 0.7771459614569765
    outer loop
      vertex 4.293892626146237 11.206107373853763 5.904508497187473
      vertex 4.33456530317943 11.5 5.871572412738697
      vertex 4.293892626146237 11.5 5.904508497187473
    endloop
  endfacet
  facet normal 0.4539904997395409 0 0.8910065241883709
    outer loop
      vertex 4.25 11.25 5.93301270189222
      vertex 4.25 11.5 5.93301270189222
      vertex 4.2033683215379005 11.2966316784621 5.9567727288213
    endloop
  endfacet
  facet normal 0.35836794954530027 0 0.9335804264972016
    outer loop
      vertex 4.2033683215379005 11.2966316784621 5.9567727288213
      vertex 4.2033683215379005 11.5 5.9567727288213
      vertex 4.154508497187473 11.345491502812527 5.975528258147577
    endloop
  endfacet
  facet normal 0.45399049973954086 0 0.8910065241883708
    outer loop
      vertex 4.2033683215379005 11.2966316784621 5.9567727288213
      vertex 4.25 11.5 5.93301270189222
      vertex 4.2033683215379005 11.5 5.9567727288213
    endloop
  endfacet
  facet normal 0.25881904510252335 0 0.9659258262890675
    outer loop
      vertex 4.154508497187473 11.345491502812527 5.975528258147577
      vertex 4.154508497187473 11.5 5.975528258147577
      vertex 4.10395584540888 11.39604415459112 5.989073800366903
    endloop
  endfacet
  facet normal 0.15643446504022948 0 0.987688340595138
    outer loop
      vertex 4.095629018404851 11.40437098159515 5.990392640201615
      vertex 4.10395584540888 11.39604415459112 5.989073800366903
      vertex 4.095629018404851 11.5 5.990392640201615
    endloop
  endfacet
  facet normal 0.25881904510252335 0 0.9659258262890676
    outer loop
      vertex 4.10395584540888 11.39604415459112 5.989073800366903
      vertex 4.154508497187473 11.5 5.975528258147577
      vertex 4.10395584540888 11.5 5.989073800366903
    endloop
  endfacet
  facet normal 0.1564344650402295 0 0.987688340595138
    outer loop
      vertex 4.10395584540888 11.39604415459112 5.989073800366903
      vertex 4.10395584540888 11.5 5.989073800366903
      vertex 4.095629018404851 11.5 5.990392640201615
    endloop
  endfacet
  facet normal 0.35836794954530027 0 0.9335804264972016
    outer loop
      vertex 4.154508497187473 11.345491502812527 5.975528258147577
      vertex 4.2033683215379005 11.5 5.9567727288213
      vertex 4.154508497187473 11.5 5.975528258147577
    endloop
  endfacet
  facet normal 1 0 0
    outer loop
      vertex 54.5 7.5 0.009607359798384785
      vertex 54.5 7.595629018404851 0.009607359798384785
      vertex 54.5 7.60395584540888 0.010926199633097156
    endloop
  endfacet
  facet normal 0 1 0
    outer loop
      vertex 54.5 7.5 0.009607359798384785
      vertex 54.7966316784621 7.5 0.043227271178699844
      vertex 54.84549150281253 7.5 0.02447174185242318
    endloop
  endfacet
  facet normal 0 1 0
    outer loop
      vertex 54.5 7.5 0.009607359798384785
      vertex 54.896044154591124 7.5 0.010926199633097156
      vertex 54.90437098159515 7.5 0.009607359798384785
    endloop
  endfacet
  facet normal 0 1 0
    outer loop
      vertex 54.5 7.5 0.009607359798384785
      vertex 54.84549150281253 7.5 0.02447174185242318
      vertex 54.896044154591124 7.5 0.010926199633097156
    endloop
  endfacet
  facet normal 0 1 0
    outer loop
      vertex 54.5 7.5 0.009607359798384785
      vertex 54.6284275872613 7.5 0.16543469682057044
      vertex 54.66543469682057 7.5 0.128427587261303
    endloop
  endfacet
  facet normal 0 1 0
    outer loop
      vertex 54.5 7.5 0.009607359798384785
      vertex 54.75 7.5 0.06698729810778037
      vertex 54.7966316784621 7.5 0.043227271178699844
    endloop
  endfacet
  facet normal 0 1 0
    outer loop
      vertex 54.5 7.5 0.009607359798384785
      vertex 54.70610737385376 7.5 0.09549150281252672
      vertex 54.75 7.5 0.06698729810778037
    endloop
  endfacet
  facet normal 0 1 0
    outer loop
      vertex 54.5 7.5 0.009607359798384785
      vertex 54.66543469682057 7.5 0.128427587261303
      vertex 54.70610737385376 7.5 0.09549150281252672
    endloop
  endfacet
  facet normal 0 1 0
    outer loop
      vertex 54.5 7.5 0.009607359798384785
      vertex 54.59549150281253 7.5 0.20610737385376332
      vertex 54.6284275872613 7.5 0.16543469682057044
    endloop
  endfacet
  facet normal 0 1 0
    outer loop
      vertex 54.5 7.5 0.009607359798384785
      vertex 54.56698729810778 7.5 0.25
      vertex 54.59549150281253 7.5 0.20610737385376332
    endloop
  endfacet
  facet normal 0 1 0
    outer loop
      vertex 54.5 7.5 0.009607359798384785
      vertex 54.5432272711787 7.5 0.2966316784620995
      vertex 54.56698729810778 7.5 0.25
    endloop
  endfacet
  facet normal 1 0 0
    outer loop
      vertex 54.5 7.5 0.009607359798384785
      vertex 54.5 7.60395584540888 0.010926199633097156
      vertex 54.5 7.5 0.5
    endloop
  endfacet
  facet normal 1 0 0
    outer loop
      vertex 54.5 7.60395584540888 0.010926199633097156
      vertex 54.5 7.654508497187473 0.02447174185242318
      vertex 54.5 7.5 0.5
    endloop
  endfacet
  facet normal 1 0 0
    outer loop
      vertex 54.5 7.654508497187473 0.02447174185242318
      vertex 54.5 7.7033683215379005 0.043227271178699844
      vertex 54.5 7.5 0.5
    endloop
  endfacet
  facet normal 0 1 0
    outer loop
      vertex 54.5 7.5 0.009607359798384785
      vertex 54.52447174185242 7.5 0.3454915028125267
      vertex 54.5432272711787 7.5 0.2966316784620995
    endloop
  endfacet
  facet normal 0 1 0
    outer loop
      vertex 54.5 7.5 0.009607359798384785
      vertex 54.5109261996331 7.5 0.3960441545911202
      vertex 54.52447174185242 7.5 0.3454915028125267
    endloop
  endfacet
  facet normal 1 0 0
    outer loop
      vertex 54.5 7.7033683215379005 0.043227271178699844
      vertex 54.5 7.75 0.06698729810778037
      vertex 54.5 7.5 0.5
    endloop
  endfacet
  facet normal 1 0 0
    outer loop
      vertex 54.5 7.75 0.06698729810778037
      vertex 54.5 7.793892626146237 0.09549150281252672
      vertex 54.5 7.5 0.5
    endloop
  endfacet
  facet normal 1 0 0
    outer loop
      vertex 54.5 7.793892626146237 0.09549150281252672
      vertex 54.5 7.83456530317943 0.128427587261303
      vertex 54.5 7.5 0.5
    endloop
  endfacet
  facet normal 1 0 0
    outer loop
      vertex 54.5 7.83456530317943 0.128427587261303
      vertex 54.5 7.871572412738697 0.16543469682057044
      vertex 54.5 7.5 0.5
    endloop
  endfacet
  facet normal 0 1 0
    outer loop
      vertex 54.5 7.5 0.009607359798384785
      vertex 54.50273905231586 7.5 0.4477357683661731
      vertex 54.5109261996331 7.5 0.3960441545911202
    endloop
  endfacet
  facet normal 0 1 0
    outer loop
      vertex 54.5 7.5 0.009607359798384785
      vertex 54.5 7.5 0.5
      vertex 54.50273905231586 7.5 0.4477357683661731
    endloop
  endfacet
  facet normal 1 0 0
    outer loop
      vertex 54.5 7.871572412738697 0.16543469682057044
      vertex 54.5 7.904508497187473 0.20610737385376332
      vertex 54.5 7.5 0.5
    endloop
  endfacet
  facet normal 1 0 0
    outer loop
      vertex 54.5 7.5 0.5
      vertex 54.5 7.904508497187473 0.20610737385376332
      vertex 54.5 7.93301270189222 0.25
    endloop
  endfacet
  facet normal 1 0 0
    outer loop
      vertex 54.5 7.5 0.5
      vertex 54.5 7.93301270189222 0.25
      vertex 54.5 7.9567727288213 0.2966316784620995
    endloop
  endfacet
  facet normal 1 0 0
    outer loop
      vertex 54.5 7.5 0.5
      vertex 54.5 7.9567727288213 0.2966316784620995
      vertex 54.5 7.975528258147577 0.3454915028125267
    endloop
  endfacet
  facet normal 1 0 0
    outer loop
      vertex 54.5 7.5 0.5
      vertex 54.5 7.975528258147577 0.3454915028125267
      vertex 54.5 7.989073800366903 0.3960441545911202
    endloop
  endfacet
  facet normal 1 0 0
    outer loop
      vertex 54.5 7.5 0.5
      vertex 54.5 7.989073800366903 0.3960441545911202
      vertex 54.5 7.997260947684136 0.4477357683661731
    endloop
  endfacet
  facet normal 1 0 0
    outer loop
      vertex 54.5 7.5 0.5
      vertex 54.5 7.997260947684136 0.4477357683661731
      vertex 54.5 8 0.5
    endloop
  endfacet
  facet normal 1 0 0
    outer loop
      vertex 54.5 11.206107373853763 0.09549150281252672
      vertex 54.5 11.25 0.06698729810778037
      vertex 54.5 11.5 0.5
    endloop
  endfacet
  facet normal 1 0 0
    outer loop
      vertex 54.5 11.16543469682057 0.128427587261303
      vertex 54.5 11.5 0.5
      vertex 54.5 11.128427587261303 0.16543469682057044
    endloop
  endfacet
  facet normal 1 0 0
    outer loop
      vertex 54.5 11.206107373853763 0.09549150281252672
      vertex 54.5 11.5 0.5
      vertex 54.5 11.16543469682057 0.128427587261303
    endloop
  endfacet
  facet normal 1 0 0
    outer loop
      vertex 54.5 11.128427587261303 0.16543469682057044
      vertex 54.5 11.5 0.5
      vertex 54.5 11.095491502812527 0.20610737385376332
    endloop
  endfacet
  facet normal 1 0 0
    outer loop
      vertex 54.5 11.066987298107781 0.25
      vertex 54.5 11.095491502812527 0.20610737385376332
      vertex 54.5 11.5 0.5
    endloop
  endfacet
  facet normal 1 0 0
    outer loop
      vertex 54.5 11.066987298107781 0.25
      vertex 54.5 11.5 0.5
      vertex 54.5 11.043227271178699 0.2966316784620995
    endloop
  endfacet
  facet normal 1 0 0
    outer loop
      vertex 54.5 11.043227271178699 0.2966316784620995
      vertex 54.5 11.5 0.5
      vertex 54.5 11.024471741852423 0.3454915028125267
    endloop
  endfacet
  facet normal 1 0 0
    outer loop
      vertex 54.5 11.024471741852423 0.3454915028125267
      vertex 54.5 11.5 0.5
      vertex 54.5 11.010926199633097 0.3960441545911202
    endloop
  endfacet
  facet normal 1 0 0
    outer loop
      vertex 54.5 11.010926199633097 0.3960441545911202
      vertex 54.5 11.5 0.5
      vertex 54.5 11.002739052315864 0.4477357683661731
    endloop
  endfacet
  facet normal 1 0 0
    outer loop
      vertex 54.5 11.002739052315864 0.4477357683661731
      vertex 54.5 11.5 0.5
      vertex 54.5 11 0.5
    endloop
  endfacet
  facet normal 0 -1 0
    outer loop
      vertex 54.5 11.5 0.009607359798384785
      vertex 54.84549150281253 11.5 0.02447174185242318
      vertex 54.7966316784621 11.5 0.043227271178699844
    endloop
  endfacet
  facet normal 0 -1 0
    outer loop
      vertex 54.5 11.5 0.009607359798384785
      vertex 54.90437098159515 11.5 0.009607359798384785
      vertex 54.896044154591124 11.5 0.010926199633097156
    endloop
  endfacet
  facet normal 0 -1 0
    outer loop
      vertex 54.5 11.5 0.009607359798384785
      vertex 54.896044154591124 11.5 0.010926199633097156
      vertex 54.84549150281253 11.5 0.02447174185242318
    endloop
  endfacet
  facet normal 0 -1 0
    outer loop
      vertex 54.5 11.5 0.009607359798384785
      vertex 54.66543469682057 11.5 0.128427587261303
      vertex 54.6284275872613 11.5 0.16543469682057044
    endloop
  endfacet
  facet normal 0 -1 0
    outer loop
      vertex 54.5 11.5 0.009607359798384785
      vertex 54.7966316784621 11.5 0.043227271178699844
      vertex 54.75 11.5 0.06698729810778037
    endloop
  endfacet
  facet normal 0 -1 0
    outer loop
      vertex 54.5 11.5 0.009607359798384785
      vertex 54.75 11.5 0.06698729810778037
      vertex 54.70610737385376 11.5 0.09549150281252672
    endloop
  endfacet
  facet normal 0 -1 0
    outer loop
      vertex 54.5 11.5 0.009607359798384785
      vertex 54.70610737385376 11.5 0.09549150281252672
      vertex 54.66543469682057 11.5 0.128427587261303
    endloop
  endfacet
  facet normal 1 0 0
    outer loop
      vertex 54.5 11.345491502812527 0.02447174185242318
      vertex 54.5 11.5 0.5
      vertex 54.5 11.2966316784621 0.043227271178699844
    endloop
  endfacet
  facet normal 1 0 0
    outer loop
      vertex 54.5 11.40437098159515 0.009607359798384785
      vertex 54.5 11.5 0.009607359798384785
      vertex 54.5 11.5 0.5
    endloop
  endfacet
  facet normal 1 0 0
    outer loop
      vertex 54.5 11.39604415459112 0.010926199633097156
      vertex 54.5 11.40437098159515 0.009607359798384785
      vertex 54.5 11.5 0.5
    endloop
  endfacet
  facet normal 1 0 0
    outer loop
      vertex 54.5 11.345491502812527 0.02447174185242318
      vertex 54.5 11.39604415459112 0.010926199633097156
      vertex 54.5 11.5 0.5
    endloop
  endfacet
  facet normal 0 -1 0
    outer loop
      vertex 54.5 11.5 0.009607359798384785
      vertex 54.6284275872613 11.5 0.16543469682057044
      vertex 54.59549150281253 11.5 0.20610737385376332
    endloop
  endfacet
  facet normal 0 -1 0
    outer loop
      vertex 54.5 11.5 0.009607359798384785
      vertex 54.59549150281253 11.5 0.20610737385376332
      vertex 54.56698729810778 11.5 0.25
    endloop
  endfacet
  facet normal 0 -1 0
    outer loop
      vertex 54.5 11.5 0.009607359798384785
      vertex 54.56698729810778 11.5 0.25
      vertex 54.5432272711787 11.5 0.2966316784620995
    endloop
  endfacet
  facet normal 1 0 0
    outer loop
      vertex 54.5 11.25 0.06698729810778037
      vertex 54.5 11.2966316784621 0.043227271178699844
      vertex 54.5 11.5 0.5
    endloop
  endfacet
  facet normal 0 -1 0
    outer loop
      vertex 54.5 11.5 0.009607359798384785
      vertex 54.5432272711787 11.5 0.2966316784620995
      vertex 54.52447174185242 11.5 0.3454915028125267
    endloop
  endfacet
  facet normal 0 -1 0
    outer loop
      vertex 54.5 11.5 0.009607359798384785
      vertex 54.52447174185242 11.5 0.3454915028125267
      vertex 54.5109261996331 11.5 0.3960441545911202
    endloop
  endfacet
  facet normal 0 -1 0
    outer loop
      vertex 54.5 11.5 0.009607359798384785
      vertex 54.5109261996331 11.5 0.3960441545911202
      vertex 54.50273905231586 11.5 0.4477357683661731
    endloop
  endfacet
  facet normal 0 -1 0
    outer loop
      vertex 54.5 11.5 0.009607359798384785
      vertex 54.50273905231586 11.5 0.4477357683661731
      vertex 54.5 11.5 0.5
    endloop
  endfacet
  facet normal 0 1 0
    outer loop
      vertex 54.5 7.5 5.5
      vertex 54.5 7.5 5.990392640201615
      vertex 54.50273905231586 7.5 5.552264231633827
    endloop
  endfacet
  facet normal 0 1 0
    outer loop
      vertex 54.50273905231586 7.5 5.552264231633827
      vertex 54.5 7.5 5.990392640201615
      vertex 54.5109261996331 7.5 5.60395584540888
    endloop
  endfacet
  facet normal 0 1 0
    outer loop
      vertex 54.5109261996331 7.5 5.60395584540888
      vertex 54.5 7.5 5.990392640201615
      vertex 54.52447174185242 7.5 5.654508497187473
    endloop
  endfacet
  facet normal 0 1 0
    outer loop
      vertex 54.52447174185242 7.5 5.654508497187473
      vertex 54.5 7.5 5.990392640201615
      vertex 54.5432272711787 7.5 5.7033683215379005
    endloop
  endfacet
  facet normal 1 0 0
    outer loop
      vertex 54.5 7.5 5.5
      vertex 54.5 7.871572412738697 5.83456530317943
      vertex 54.5 7.83456530317943 5.871572412738697
    endloop
  endfacet
  facet normal 1 0 0
    outer loop
      vertex 54.5 7.5 5.5
      vertex 54.5 7.83456530317943 5.871572412738697
      vertex 54.5 7.793892626146237 5.904508497187473
    endloop
  endfacet
  facet normal 1 0 0
    outer loop
      vertex 54.5 7.5 5.5
      vertex 54.5 7.75 5.93301270189222
      vertex 54.5 7.7033683215379005 5.9567727288213
    endloop
  endfacet
  facet normal 1 0 0
    outer loop
      vertex 54.5 7.5 5.5
      vertex 54.5 7.793892626146237 5.904508497187473
      vertex 54.5 7.75 5.93301270189222
    endloop
  endfacet
  facet normal 1 0 0
    outer loop
      vertex 54.5 7.5 5.5
      vertex 54.5 8 5.5
      vertex 54.5 7.997260947684136 5.552264231633827
    endloop
  endfacet
  facet normal 1 0 0
    outer loop
      vertex 54.5 7.5 5.5
      vertex 54.5 7.997260947684136 5.552264231633827
      vertex 54.5 7.989073800366903 5.60395584540888
    endloop
  endfacet
  facet normal 1 0 0
    outer loop
      vertex 54.5 7.5 5.5
      vertex 54.5 7.989073800366903 5.60395584540888
      vertex 54.5 7.975528258147577 5.654508497187473
    endloop
  endfacet
  facet normal 1 0 0
    outer loop
      vertex 54.5 7.5 5.5
      vertex 54.5 7.9567727288213 5.7033683215379005
      vertex 54.5 7.93301270189222 5.75
    endloop
  endfacet
  facet normal 1 0 0
    outer loop
      vertex 54.5 7.5 5.5
      vertex 54.5 7.975528258147577 5.654508497187473
      vertex 54.5 7.9567727288213 5.7033683215379005
    endloop
  endfacet
  facet normal 1 0 0
    outer loop
      vertex 54.5 7.5 5.5
      vertex 54.5 7.93301270189222 5.75
      vertex 54.5 7.904508497187473 5.793892626146237
    endloop
  endfacet
  facet normal 1 0 0
    outer loop
      vertex 54.5 7.5 5.5
      vertex 54.5 7.904508497187473 5.793892626146237
      vertex 54.5 7.871572412738697 5.83456530317943
    endloop
  endfacet
  facet normal 0 1 0
    outer loop
      vertex 54.5432272711787 7.5 5.7033683215379005
      vertex 54.5 7.5 5.990392640201615
      vertex 54.56698729810778 7.5 5.75
    endloop
  endfacet
  facet normal 0 1 0
    outer loop
      vertex 54.56698729810778 7.5 5.75
      vertex 54.5 7.5 5.990392640201615
      vertex 54.59549150281253 7.5 5.793892626146237
    endloop
  endfacet
  facet normal 1 0 0
    outer loop
      vertex 54.5 7.5 5.5
      vertex 54.5 7.595629018404851 5.990392640201615
      vertex 54.5 7.5 5.990392640201615
    endloop
  endfacet
  facet normal 1 0 0
    outer loop
      vertex 54.5 7.5 5.5
      vertex 54.5 7.60395584540888 5.989073800366903
      vertex 54.5 7.595629018404851 5.990392640201615
    endloop
  endfacet
  facet normal 1 0 0
    outer loop
      vertex 54.5 7.5 5.5
      vertex 54.5 7.654508497187473 5.975528258147577
      vertex 54.5 7.60395584540888 5.989073800366903
    endloop
  endfacet
  facet normal 0 1 0
    outer loop
      vertex 54.59549150281253 7.5 5.793892626146237
      vertex 54.5 7.5 5.990392640201615
      vertex 54.6284275872613 7.5 5.83456530317943
    endloop
  endfacet
  facet normal 1 0 0
    outer loop
      vertex 54.5 7.5 5.5
      vertex 54.5 7.7033683215379005 5.9567727288213
      vertex 54.5 7.654508497187473 5.975528258147577
    endloop
  endfacet
  facet normal 0 1 0
    outer loop
      vertex 54.6284275872613 7.5 5.83456530317943
      vertex 54.5 7.5 5.990392640201615
      vertex 54.66543469682057 7.5 5.871572412738697
    endloop
  endfacet
  facet normal 0 1 0
    outer loop
      vertex 54.66543469682057 7.5 5.871572412738697
      vertex 54.5 7.5 5.990392640201615
      vertex 54.70610737385376 7.5 5.904508497187473
    endloop
  endfacet
  facet normal 0 1 0
    outer loop
      vertex 54.70610737385376 7.5 5.904508497187473
      vertex 54.5 7.5 5.990392640201615
      vertex 54.75 7.5 5.93301270189222
    endloop
  endfacet
  facet normal 0 1 0
    outer loop
      vertex 54.75 7.5 5.93301270189222
      vertex 54.5 7.5 5.990392640201615
      vertex 54.7966316784621 7.5 5.9567727288213
    endloop
  endfacet
  facet normal 0 1 0
    outer loop
      vertex 54.7966316784621 7.5 5.9567727288213
      vertex 54.5 7.5 5.990392640201615
      vertex 54.84549150281253 7.5 5.975528258147577
    endloop
  endfacet
  facet normal 0 1 0
    outer loop
      vertex 54.5 7.5 5.990392640201615
      vertex 54.896044154591124 7.5 5.989073800366903
      vertex 54.84549150281253 7.5 5.975528258147577
    endloop
  endfacet
  facet normal 0 1 0
    outer loop
      vertex 54.5 7.5 5.990392640201615
      vertex 54.90437098159515 7.5 5.990392640201615
      vertex 54.896044154591124 7.5 5.989073800366903
    endloop
  endfacet
  facet normal 1 0 0
    outer loop
      vertex 54.5 11 5.5
      vertex 54.5 11.5 5.5
      vertex 54.5 11.002739052315864 5.552264231633827
    endloop
  endfacet
  facet normal 1 0 0
    outer loop
      vertex 54.5 11.002739052315864 5.552264231633827
      vertex 54.5 11.5 5.5
      vertex 54.5 11.010926199633097 5.60395584540888
    endloop
  endfacet
  facet normal 1 0 0
    outer loop
      vertex 54.5 11.010926199633097 5.60395584540888
      vertex 54.5 11.5 5.5
      vertex 54.5 11.024471741852423 5.654508497187473
    endloop
  endfacet
  facet normal 1 0 0
    outer loop
      vertex 54.5 11.024471741852423 5.654508497187473
      vertex 54.5 11.5 5.5
      vertex 54.5 11.043227271178699 5.7033683215379005
    endloop
  endfacet
  facet normal 1 0 0
    outer loop
      vertex 54.5 11.043227271178699 5.7033683215379005
      vertex 54.5 11.5 5.5
      vertex 54.5 11.066987298107781 5.75
    endloop
  endfacet
  facet normal 1 0 0
    outer loop
      vertex 54.5 11.066987298107781 5.75
      vertex 54.5 11.5 5.5
      vertex 54.5 11.095491502812527 5.793892626146237
    endloop
  endfacet
  facet normal 1 0 0
    outer loop
      vertex 54.5 11.095491502812527 5.793892626146237
      vertex 54.5 11.5 5.5
      vertex 54.5 11.128427587261303 5.83456530317943
    endloop
  endfacet
  facet normal 1 0 0
    outer loop
      vertex 54.5 11.128427587261303 5.83456530317943
      vertex 54.5 11.5 5.5
      vertex 54.5 11.16543469682057 5.871572412738697
    endloop
  endfacet
  facet normal 1 0 0
    outer loop
      vertex 54.5 11.16543469682057 5.871572412738697
      vertex 54.5 11.5 5.5
      vertex 54.5 11.206107373853763 5.904508497187473
    endloop
  endfacet
  facet normal 1 0 0
    outer loop
      vertex 54.5 11.206107373853763 5.904508497187473
      vertex 54.5 11.5 5.5
      vertex 54.5 11.25 5.93301270189222
    endloop
  endfacet
  facet normal 0 -1 0
    outer loop
      vertex 54.5 11.5 5.5
      vertex 54.50273905231586 11.5 5.552264231633827
      vertex 54.5 11.5 5.990392640201615
    endloop
  endfacet
  facet normal 0 -1 0
    outer loop
      vertex 54.50273905231586 11.5 5.552264231633827
      vertex 54.5109261996331 11.5 5.60395584540888
      vertex 54.5 11.5 5.990392640201615
    endloop
  endfacet
  facet normal 1 0 0
    outer loop
      vertex 54.5 11.25 5.93301270189222
      vertex 54.5 11.5 5.5
      vertex 54.5 11.2966316784621 5.9567727288213
    endloop
  endfacet
  facet normal 0 -1 0
    outer loop
      vertex 54.5109261996331 11.5 5.60395584540888
      vertex 54.52447174185242 11.5 5.654508497187473
      vertex 54.5 11.5 5.990392640201615
    endloop
  endfacet
  facet normal 0 -1 0
    outer loop
      vertex 54.52447174185242 11.5 5.654508497187473
      vertex 54.5432272711787 11.5 5.7033683215379005
      vertex 54.5 11.5 5.990392640201615
    endloop
  endfacet
  facet normal 1 0 0
    outer loop
      vertex 54.5 11.2966316784621 5.9567727288213
      vertex 54.5 11.5 5.5
      vertex 54.5 11.345491502812527 5.975528258147577
    endloop
  endfacet
  facet normal 1 0 0
    outer loop
      vertex 54.5 11.345491502812527 5.975528258147577
      vertex 54.5 11.5 5.5
      vertex 54.5 11.39604415459112 5.989073800366903
    endloop
  endfacet
  facet normal 1 0 0
    outer loop
      vertex 54.5 11.5 5.5
      vertex 54.5 11.5 5.990392640201615
      vertex 54.5 11.39604415459112 5.989073800366903
    endloop
  endfacet
  facet normal 0 -1 0
    outer loop
      vertex 54.5432272711787 11.5 5.7033683215379005
      vertex 54.56698729810778 11.5 5.75
      vertex 54.5 11.5 5.990392640201615
    endloop
  endfacet
  facet normal 0 -1 0
    outer loop
      vertex 54.56698729810778 11.5 5.75
      vertex 54.59549150281253 11.5 5.793892626146237
      vertex 54.5 11.5 5.990392640201615
    endloop
  endfacet
  facet normal 0 -1 0
    outer loop
      vertex 54.59549150281253 11.5 5.793892626146237
      vertex 54.6284275872613 11.5 5.83456530317943
      vertex 54.5 11.5 5.990392640201615
    endloop
  endfacet
  facet normal 0 -1 0
    outer loop
      vertex 54.6284275872613 11.5 5.83456530317943
      vertex 54.66543469682057 11.5 5.871572412738697
      vertex 54.5 11.5 5.990392640201615
    endloop
  endfacet
  facet normal 0 -1 0
    outer loop
      vertex 54.66543469682057 11.5 5.871572412738697
      vertex 54.70610737385376 11.5 5.904508497187473
      vertex 54.5 11.5 5.990392640201615
    endloop
  endfacet
  facet normal 0 -1 0
    outer loop
      vertex 54.70610737385376 11.5 5.904508497187473
      vertex 54.75 11.5 5.93301270189222
      vertex 54.5 11.5 5.990392640201615
    endloop
  endfacet
  facet normal 0 -1 0
    outer loop
      vertex 54.75 11.5 5.93301270189222
      vertex 54.7966316784621 11.5 5.9567727288213
      vertex 54.5 11.5 5.990392640201615
    endloop
  endfacet
  facet normal 1 0 0
    outer loop
      vertex 54.5 11.39604415459112 5.989073800366903
      vertex 54.5 11.5 5.990392640201615
      vertex 54.5 11.40437098159515 5.990392640201615
    endloop
  endfacet
  facet normal 0 -1 0
    outer loop
      vertex 54.7966316784621 11.5 5.9567727288213
      vertex 54.84549150281253 11.5 5.975528258147577
      vertex 54.5 11.5 5.990392640201615
    endloop
  endfacet
  facet normal 0 -1 0
    outer loop
      vertex 54.5 11.5 5.990392640201615
      vertex 54.84549150281253 11.5 5.975528258147577
      vertex 54.896044154591124 11.5 5.989073800366903
    endloop
  endfacet
  facet normal 0 -1 0
    outer loop
      vertex 54.5 11.5 5.990392640201615
      vertex 54.896044154591124 11.5 5.989073800366903
      vertex 54.90437098159515 11.5 5.990392640201615
    endloop
  endfacet
  facet normal -0.3583679495452833 0 -0.9335804264972082
    outer loop
      vertex 54.84549150281253 7.5 0.02447174185242318
      vertex 54.7966316784621 7.5 0.043227271178699844
      vertex 54.84549150281253 7.654508497187473 0.02447174185242318
    endloop
  endfacet
  facet normal -0.25881904510251486 0 -0.9659258262890699
    outer loop
      vertex 54.896044154591124 7.5 0.010926199633097156
      vertex 54.84549150281253 7.5 0.02447174185242318
      vertex 54.896044154591124 7.60395584540888 0.010926199633097156
    endloop
  endfacet
  facet normal -0.1564344650402783 0 -0.9876883405951302
    outer loop
      vertex 54.896044154591124 7.5 0.010926199633097156
      vertex 54.90437098159515 7.595629018404851 0.009607359798384785
      vertex 54.90437098159515 7.5 0.009607359798384785
    endloop
  endfacet
  facet normal -0.1564344650402783 0 -0.9876883405951302
    outer loop
      vertex 54.896044154591124 7.5 0.010926199633097156
      vertex 54.896044154591124 7.60395584540888 0.010926199633097156
      vertex 54.90437098159515 7.595629018404851 0.009607359798384785
    endloop
  endfacet
  facet normal -0.25881904510251486 0 -0.9659258262890699
    outer loop
      vertex 54.84549150281253 7.5 0.02447174185242318
      vertex 54.84549150281253 7.654508497187473 0.02447174185242318
      vertex 54.896044154591124 7.60395584540888 0.010926199633097156
    endloop
  endfacet
  facet normal -0.45399049973954775 0 -0.8910065241883673
    outer loop
      vertex 54.7966316784621 7.5 0.043227271178699844
      vertex 54.75 7.5 0.06698729810778037
      vertex 54.7966316784621 7.7033683215379005 0.043227271178699844
    endloop
  endfacet
  facet normal -0.6293203910498305 0 -0.7771459614569765
    outer loop
      vertex 54.70610737385376 7.5 0.09549150281252672
      vertex 54.66543469682057 7.5 0.128427587261303
      vertex 54.70610737385376 7.793892626146237 0.09549150281252672
    endloop
  endfacet
  facet normal -0.5446390350150205 0 -0.8386705679454284
    outer loop
      vertex 54.75 7.5 0.06698729810778037
      vertex 54.70610737385376 7.5 0.09549150281252672
      vertex 54.75 7.75 0.06698729810778037
    endloop
  endfacet
  facet normal -0.3583679495452833 0 -0.9335804264972082
    outer loop
      vertex 54.84549150281253 7.654508497187473 0.02447174185242318
      vertex 54.7966316784621 7.5 0.043227271178699844
      vertex 54.7966316784621 7.7033683215379005 0.043227271178699844
    endloop
  endfacet
  facet normal -0.45399049973954775 0 -0.8910065241883673
    outer loop
      vertex 54.75 7.5 0.06698729810778037
      vertex 54.75 7.75 0.06698729810778037
      vertex 54.7966316784621 7.7033683215379005 0.043227271178699844
    endloop
  endfacet
  facet normal -0.5446390350150205 0 -0.8386705679454284
    outer loop
      vertex 54.70610737385376 7.5 0.09549150281252672
      vertex 54.70610737385376 7.793892626146237 0.09549150281252672
      vertex 54.75 7.75 0.06698729810778037
    endloop
  endfacet
  facet normal -0.7071067811865306 0 -0.7071067811865644
    outer loop
      vertex 54.66543469682057 7.5 0.128427587261303
      vertex 54.6284275872613 7.5 0.16543469682057044
      vertex 54.66543469682057 7.83456530317943 0.128427587261303
    endloop
  endfacet
  facet normal -0.6293203910498305 0 -0.7771459614569765
    outer loop
      vertex 54.66543469682057 7.5 0.128427587261303
      vertex 54.66543469682057 7.83456530317943 0.128427587261303
      vertex 54.70610737385376 7.793892626146237 0.09549150281252672
    endloop
  endfacet
  facet normal -0.7071067811865306 0 -0.7071067811865644
    outer loop
      vertex 54.6284275872613 7.5 0.16543469682057044
      vertex 54.6284275872613 7.871572412738697 0.16543469682057044
      vertex 54.66543469682057 7.83456530317943 0.128427587261303
    endloop
  endfacet
  facet normal -0.7771459614570263 0 -0.629320391049769
    outer loop
      vertex 54.6284275872613 7.5 0.16543469682057044
      vertex 54.59549150281253 7.5 0.20610737385376332
      vertex 54.6284275872613 7.871572412738697 0.16543469682057044
    endloop
  endfacet
  facet normal -0.7771459614570263 0 -0.629320391049769
    outer loop
      vertex 54.6284275872613 7.871572412738697 0.16543469682057044
      vertex 54.59549150281253 7.5 0.20610737385376332
      vertex 54.59549150281253 7.904508497187473 0.20610737385376332
    endloop
  endfacet
  facet normal -0.838670567945426 0 -0.5446390350150241
    outer loop
      vertex 54.59549150281253 7.5 0.20610737385376332
      vertex 54.56698729810778 7.5 0.25
      vertex 54.59549150281253 7.904508497187473 0.20610737385376332
    endloop
  endfacet
  facet normal -0.8910065241883571 0 -0.45399049973956784
    outer loop
      vertex 54.56698729810778 7.5 0.25
      vertex 54.5432272711787 7.5 0.2966316784620995
      vertex 54.56698729810778 7.93301270189222 0.25
    endloop
  endfacet
  facet normal -0.9335804264971961 0 -0.3583679495453151
    outer loop
      vertex 54.5432272711787 7.5 0.2966316784620995
      vertex 54.52447174185242 7.5 0.3454915028125267
      vertex 54.5432272711787 7.9567727288213 0.2966316784620995
    endloop
  endfacet
  facet normal -0.9659258262890675 0 -0.2588190451025233
    outer loop
      vertex 54.52447174185242 7.5 0.3454915028125267
      vertex 54.5109261996331 7.5 0.3960441545911202
      vertex 54.52447174185242 7.975528258147577 0.3454915028125267
    endloop
  endfacet
  facet normal -0.9876883405951284 0 -0.15643446504029
    outer loop
      vertex 54.5109261996331 7.5 0.3960441545911202
      vertex 54.50273905231586 7.5 0.4477357683661731
      vertex 54.5109261996331 7.989073800366903 0.3960441545911202
    endloop
  endfacet
  facet normal -0.9986295347545772 0 -0.0523359562428828
    outer loop
      vertex 54.50273905231586 7.5 0.4477357683661731
      vertex 54.5 7.5 0.5
      vertex 54.50273905231586 7.997260947684136 0.4477357683661731
    endloop
  endfacet
  facet normal -0.838670567945426 0 -0.5446390350150241
    outer loop
      vertex 54.56698729810778 7.5 0.25
      vertex 54.56698729810778 7.93301270189222 0.25
      vertex 54.59549150281253 7.904508497187473 0.20610737385376332
    endloop
  endfacet
  facet normal -0.8910065241883571 0 -0.45399049973956784
    outer loop
      vertex 54.5432272711787 7.5 0.2966316784620995
      vertex 54.5432272711787 7.9567727288213 0.2966316784620995
      vertex 54.56698729810778 7.93301270189222 0.25
    endloop
  endfacet
  facet normal -0.9335804264971961 0 -0.35836794954531515
    outer loop
      vertex 54.52447174185242 7.5 0.3454915028125267
      vertex 54.52447174185242 7.975528258147577 0.3454915028125267
      vertex 54.5432272711787 7.9567727288213 0.2966316784620995
    endloop
  endfacet
  facet normal -0.9659258262890676 0 -0.2588190451025233
    outer loop
      vertex 54.5109261996331 7.5 0.3960441545911202
      vertex 54.5109261996331 7.989073800366903 0.3960441545911202
      vertex 54.52447174185242 7.975528258147577 0.3454915028125267
    endloop
  endfacet
  facet normal -0.9876883405951283 0 -0.15643446504028996
    outer loop
      vertex 54.50273905231586 7.5 0.4477357683661731
      vertex 54.50273905231586 7.997260947684136 0.4477357683661731
      vertex 54.5109261996331 7.989073800366903 0.3960441545911202
    endloop
  endfacet
  facet normal -0.998629534754577 0 -0.052335956242882786
    outer loop
      vertex 54.5 7.5 0.5
      vertex 54.5 8 0.5
      vertex 54.50273905231586 7.997260947684136 0.4477357683661731
    endloop
  endfacet
  facet normal -0.3583679495452833 0 -0.9335804264972083
    outer loop
      vertex 54.84549150281253 8 0.02447174185242318
      vertex 54.7966316784621 8 0.043227271178699844
      vertex 54.84549150281253 11 0.02447174185242318
    endloop
  endfacet
  facet normal -0.2588190451025148 0 -0.9659258262890699
    outer loop
      vertex 54.896044154591124 8 0.010926199633097156
      vertex 54.84549150281253 8 0.02447174185242318
      vertex 54.896044154591124 11 0.010926199633097156
    endloop
  endfacet
  facet normal -0.1564344650402783 0 -0.9876883405951302
    outer loop
      vertex 54.896044154591124 8 0.010926199633097156
      vertex 54.90437098159515 11 0.009607359798384785
      vertex 54.90437098159515 8 0.009607359798384785
    endloop
  endfacet
  facet normal -0.4539904997395478 0 -0.8910065241883673
    outer loop
      vertex 54.7966316784621 8 0.043227271178699844
      vertex 54.75 8 0.06698729810778037
      vertex 54.7966316784621 11 0.043227271178699844
    endloop
  endfacet
  facet normal -0.6293203910498305 0 -0.7771459614569765
    outer loop
      vertex 54.70610737385376 8 0.09549150281252672
      vertex 54.66543469682057 8 0.128427587261303
      vertex 54.70610737385376 11 0.09549150281252672
    endloop
  endfacet
  facet normal -0.5446390350150205 0 -0.8386705679454284
    outer loop
      vertex 54.75 8 0.06698729810778037
      vertex 54.70610737385376 8 0.09549150281252672
      vertex 54.75 11 0.06698729810778037
    endloop
  endfacet
  facet normal -0.7071067811865306 0 -0.7071067811865646
    outer loop
      vertex 54.66543469682057 8 0.128427587261303
      vertex 54.6284275872613 8 0.16543469682057044
      vertex 54.66543469682057 11 0.128427587261303
    endloop
  endfacet
  facet normal -0.7771459614570263 0 -0.6293203910497691
    outer loop
      vertex 54.6284275872613 8 0.16543469682057044
      vertex 54.59549150281253 8 0.20610737385376332
      vertex 54.6284275872613 11 0.16543469682057044
    endloop
  endfacet
  facet normal -0.8386705679454259 0 -0.5446390350150241
    outer loop
      vertex 54.59549150281253 8 0.20610737385376332
      vertex 54.56698729810778 8 0.25
      vertex 54.59549150281253 11 0.20610737385376332
    endloop
  endfacet
  facet normal -0.8910065241883571 0 -0.45399049973956784
    outer loop
      vertex 54.56698729810778 8 0.25
      vertex 54.5432272711787 8 0.2966316784620995
      vertex 54.56698729810778 11 0.25
    endloop
  endfacet
  facet normal -0.9335804264971961 0 -0.3583679495453151
    outer loop
      vertex 54.5432272711787 8 0.2966316784620995
      vertex 54.52447174185242 8 0.3454915028125267
      vertex 54.5432272711787 11 0.2966316784620995
    endloop
  endfacet
  facet normal -0.9659258262890676 0 -0.25881904510252335
    outer loop
      vertex 54.52447174185242 8 0.3454915028125267
      vertex 54.5109261996331 8 0.3960441545911202
      vertex 54.52447174185242 11 0.3454915028125267
    endloop
  endfacet
  facet normal -0.9876883405951284 0 -0.15643446504028996
    outer loop
      vertex 54.5109261996331 8 0.3960441545911202
      vertex 54.50273905231586 8 0.4477357683661731
      vertex 54.5109261996331 11 0.3960441545911202
    endloop
  endfacet
  facet normal -0.998629534754577 0 -0.05233595624288279
    outer loop
      vertex 54.50273905231586 8 0.4477357683661731
      vertex 54.5 8 0.5
      vertex 54.50273905231586 11 0.4477357683661731
    endloop
  endfacet
  facet normal -0.998629534754577 0 -0.052335956242882786
    outer loop
      vertex 54.5 8 0.5
      vertex 54.5 8.5 0.5
      vertex 54.50273905231586 11 0.4477357683661731
    endloop
  endfacet
  facet normal -0.1564344650402783 0 -0.9876883405951302
    outer loop
      vertex 54.896044154591124 8 0.010926199633097156
      vertex 54.896044154591124 11 0.010926199633097156
      vertex 54.90437098159515 11 0.009607359798384785
    endloop
  endfacet
  facet normal -0.2588190451025148 0 -0.9659258262890699
    outer loop
      vertex 54.84549150281253 8 0.02447174185242318
      vertex 54.84549150281253 11 0.02447174185242318
      vertex 54.896044154591124 11 0.010926199633097156
    endloop
  endfacet
  facet normal -0.3583679495452833 0 -0.9335804264972083
    outer loop
      vertex 54.7966316784621 8 0.043227271178699844
      vertex 54.7966316784621 11 0.043227271178699844
      vertex 54.84549150281253 11 0.02447174185242318
    endloop
  endfacet
  facet normal -0.4539904997395478 0 -0.8910065241883673
    outer loop
      vertex 54.75 8 0.06698729810778037
      vertex 54.75 11 0.06698729810778037
      vertex 54.7966316784621 11 0.043227271178699844
    endloop
  endfacet
  facet normal -0.5446390350150205 0 -0.8386705679454284
    outer loop
      vertex 54.70610737385376 8 0.09549150281252672
      vertex 54.70610737385376 11 0.09549150281252672
      vertex 54.75 11 0.06698729810778037
    endloop
  endfacet
  facet normal -0.7771459614570263 0 -0.6293203910497691
    outer loop
      vertex 54.59549150281253 8 0.20610737385376332
      vertex 54.59549150281253 11 0.20610737385376332
      vertex 54.6284275872613 11 0.16543469682057044
    endloop
  endfacet
  facet normal -0.6293203910498305 0 -0.7771459614569765
    outer loop
      vertex 54.66543469682057 8 0.128427587261303
      vertex 54.66543469682057 11 0.128427587261303
      vertex 54.70610737385376 11 0.09549150281252672
    endloop
  endfacet
  facet normal -0.7071067811865306 0 -0.7071067811865646
    outer loop
      vertex 54.6284275872613 8 0.16543469682057044
      vertex 54.6284275872613 11 0.16543469682057044
      vertex 54.66543469682057 11 0.128427587261303
    endloop
  endfacet
  facet normal -0.8386705679454259 0 -0.5446390350150241
    outer loop
      vertex 54.56698729810778 8 0.25
      vertex 54.56698729810778 11 0.25
      vertex 54.59549150281253 11 0.20610737385376332
    endloop
  endfacet
  facet normal -0.8910065241883571 0 -0.45399049973956784
    outer loop
      vertex 54.5432272711787 8 0.2966316784620995
      vertex 54.5432272711787 11 0.2966316784620995
      vertex 54.56698729810778 11 0.25
    endloop
  endfacet
  facet normal -0.9335804264971961 0 -0.3583679495453151
    outer loop
      vertex 54.52447174185242 8 0.3454915028125267
      vertex 54.52447174185242 11 0.3454915028125267
      vertex 54.5432272711787 11 0.2966316784620995
    endloop
  endfacet
  facet normal -0.9659258262890676 0 -0.25881904510252335
    outer loop
      vertex 54.5109261996331 8 0.3960441545911202
      vertex 54.5109261996331 11 0.3960441545911202
      vertex 54.52447174185242 11 0.3454915028125267
    endloop
  endfacet
  facet normal -0.9876883405951284 0 -0.15643446504028996
    outer loop
      vertex 54.50273905231586 8 0.4477357683661731
      vertex 54.50273905231586 11 0.4477357683661731
      vertex 54.5109261996331 11 0.3960441545911202
    endloop
  endfacet
  facet normal -0.998629534754577 0 -0.052335956242882786
    outer loop
      vertex 54.5 8.5 0.5
      vertex 54.5 10.5 0.5
      vertex 54.50273905231586 11 0.4477357683661731
    endloop
  endfacet
  facet normal -0.5446390350150205 0 -0.8386705679454284
    outer loop
      vertex 54.70610737385376 11.206107373853763 0.09549150281252672
      vertex 54.70610737385376 11.5 0.09549150281252672
      vertex 54.75 11.25 0.06698729810778037
    endloop
  endfacet
  facet normal -0.7771459614570263 0 -0.629320391049769
    outer loop
      vertex 54.6284275872613 11.128427587261303 0.16543469682057044
      vertex 54.59549150281253 11.095491502812527 0.20610737385376332
      vertex 54.59549150281253 11.5 0.20610737385376332
    endloop
  endfacet
  facet normal -0.7071067811865306 0 -0.7071067811865644
    outer loop
      vertex 54.66543469682057 11.16543469682057 0.128427587261303
      vertex 54.6284275872613 11.128427587261303 0.16543469682057044
      vertex 54.6284275872613 11.5 0.16543469682057044
    endloop
  endfacet
  facet normal -0.6293203910498306 0 -0.7771459614569766
    outer loop
      vertex 54.70610737385376 11.206107373853763 0.09549150281252672
      vertex 54.66543469682057 11.16543469682057 0.128427587261303
      vertex 54.66543469682057 11.5 0.128427587261303
    endloop
  endfacet
  facet normal -0.8386705679454259 0 -0.5446390350150241
    outer loop
      vertex 54.56698729810778 11.066987298107781 0.25
      vertex 54.56698729810778 11.5 0.25
      vertex 54.59549150281253 11.095491502812527 0.20610737385376332
    endloop
  endfacet
  facet normal -0.891006524188357 0 -0.4539904997395679
    outer loop
      vertex 54.56698729810778 11.066987298107781 0.25
      vertex 54.5432272711787 11.043227271178699 0.2966316784620995
      vertex 54.5432272711787 11.5 0.2966316784620995
    endloop
  endfacet
  facet normal -0.9335804264971961 0 -0.35836794954531515
    outer loop
      vertex 54.5432272711787 11.043227271178699 0.2966316784620995
      vertex 54.52447174185242 11.024471741852423 0.3454915028125267
      vertex 54.52447174185242 11.5 0.3454915028125267
    endloop
  endfacet
  facet normal -0.998629534754577 0 -0.052335956242882786
    outer loop
      vertex 54.5 10.5 0.5
      vertex 54.5 11 0.5
      vertex 54.50273905231586 11 0.4477357683661731
    endloop
  endfacet
  facet normal -0.9659258262890676 0 -0.2588190451025233
    outer loop
      vertex 54.52447174185242 11.024471741852423 0.3454915028125267
      vertex 54.5109261996331 11.010926199633097 0.3960441545911202
      vertex 54.5109261996331 11.5 0.3960441545911202
    endloop
  endfacet
  facet normal -0.9659258262890675 0 -0.2588190451025233
    outer loop
      vertex 54.52447174185242 11.024471741852423 0.3454915028125267
      vertex 54.5109261996331 11.5 0.3960441545911202
      vertex 54.52447174185242 11.5 0.3454915028125267
    endloop
  endfacet
  facet normal -0.9876883405951284 0 -0.15643446504029
    outer loop
      vertex 54.5109261996331 11.010926199633097 0.3960441545911202
      vertex 54.50273905231586 11.5 0.4477357683661731
      vertex 54.5109261996331 11.5 0.3960441545911202
    endloop
  endfacet
  facet normal -0.9876883405951283 0 -0.15643446504028996
    outer loop
      vertex 54.5109261996331 11.010926199633097 0.3960441545911202
      vertex 54.50273905231586 11.002739052315864 0.4477357683661731
      vertex 54.50273905231586 11.5 0.4477357683661731
    endloop
  endfacet
  facet normal -0.998629534754577 0 -0.052335956242882786
    outer loop
      vertex 54.50273905231586 11.002739052315864 0.4477357683661731
      vertex 54.5 11 0.5
      vertex 54.5 11.5 0.5
    endloop
  endfacet
  facet normal -0.9986295347545772 0 -0.0523359562428828
    outer loop
      vertex 54.50273905231586 11.002739052315864 0.4477357683661731
      vertex 54.5 11.5 0.5
      vertex 54.50273905231586 11.5 0.4477357683661731
    endloop
  endfacet
  facet normal -0.3583679495452833 0 -0.9335804264972082
    outer loop
      vertex 54.84549150281253 11.345491502812527 0.02447174185242318
      vertex 54.7966316784621 11.5 0.043227271178699844
      vertex 54.84549150281253 11.5 0.02447174185242318
    endloop
  endfacet
  facet normal -0.1564344650402783 0 -0.9876883405951302
    outer loop
      vertex 54.896044154591124 11.39604415459112 0.010926199633097156
      vertex 54.896044154591124 11.5 0.010926199633097156
      vertex 54.90437098159515 11.5 0.009607359798384785
    endloop
  endfacet
  facet normal -0.25881904510251486 0 -0.9659258262890699
    outer loop
      vertex 54.896044154591124 11.39604415459112 0.010926199633097156
      vertex 54.84549150281253 11.5 0.02447174185242318
      vertex 54.896044154591124 11.5 0.010926199633097156
    endloop
  endfacet
  facet normal -0.15643446504027833 0 -0.9876883405951302
    outer loop
      vertex 54.896044154591124 11.39604415459112 0.010926199633097156
      vertex 54.90437098159515 11.5 0.009607359798384785
      vertex 54.90437098159515 11.40437098159515 0.009607359798384785
    endloop
  endfacet
  facet normal -0.25881904510251486 0 -0.9659258262890699
    outer loop
      vertex 54.84549150281253 11.345491502812527 0.02447174185242318
      vertex 54.84549150281253 11.5 0.02447174185242318
      vertex 54.896044154591124 11.39604415459112 0.010926199633097156
    endloop
  endfacet
  facet normal -0.3583679495452833 0 -0.9335804264972083
    outer loop
      vertex 54.84549150281253 11.345491502812527 0.02447174185242318
      vertex 54.7966316784621 11.2966316784621 0.043227271178699844
      vertex 54.7966316784621 11.5 0.043227271178699844
    endloop
  endfacet
  facet normal -0.45399049973954775 0 -0.8910065241883673
    outer loop
      vertex 54.75 11.25 0.06698729810778037
      vertex 54.75 11.5 0.06698729810778037
      vertex 54.7966316784621 11.2966316784621 0.043227271178699844
    endloop
  endfacet
  facet normal -0.45399049973954775 0 -0.8910065241883673
    outer loop
      vertex 54.7966316784621 11.2966316784621 0.043227271178699844
      vertex 54.75 11.5 0.06698729810778037
      vertex 54.7966316784621 11.5 0.043227271178699844
    endloop
  endfacet
  facet normal -0.6293203910498305 0 -0.7771459614569765
    outer loop
      vertex 54.70610737385376 11.206107373853763 0.09549150281252672
      vertex 54.66543469682057 11.5 0.128427587261303
      vertex 54.70610737385376 11.5 0.09549150281252672
    endloop
  endfacet
  facet normal -0.5446390350150205 0 -0.8386705679454284
    outer loop
      vertex 54.75 11.25 0.06698729810778037
      vertex 54.70610737385376 11.5 0.09549150281252672
      vertex 54.75 11.5 0.06698729810778037
    endloop
  endfacet
  facet normal -0.7071067811865306 0 -0.7071067811865644
    outer loop
      vertex 54.66543469682057 11.16543469682057 0.128427587261303
      vertex 54.6284275872613 11.5 0.16543469682057044
      vertex 54.66543469682057 11.5 0.128427587261303
    endloop
  endfacet
  facet normal -0.7771459614570263 0 -0.629320391049769
    outer loop
      vertex 54.6284275872613 11.128427587261303 0.16543469682057044
      vertex 54.59549150281253 11.5 0.20610737385376332
      vertex 54.6284275872613 11.5 0.16543469682057044
    endloop
  endfacet
  facet normal -0.838670567945426 0 -0.5446390350150241
    outer loop
      vertex 54.59549150281253 11.095491502812527 0.20610737385376332
      vertex 54.56698729810778 11.5 0.25
      vertex 54.59549150281253 11.5 0.20610737385376332
    endloop
  endfacet
  facet normal -0.8910065241883571 0 -0.4539904997395679
    outer loop
      vertex 54.56698729810778 11.066987298107781 0.25
      vertex 54.5432272711787 11.5 0.2966316784620995
      vertex 54.56698729810778 11.5 0.25
    endloop
  endfacet
  facet normal -0.933580426497196 0 -0.3583679495453151
    outer loop
      vertex 54.5432272711787 11.043227271178699 0.2966316784620995
      vertex 54.52447174185242 11.5 0.3454915028125267
      vertex 54.5432272711787 11.5 0.2966316784620995
    endloop
  endfacet
  facet normal -0.9986295347545772 0 0.0523359562428828
    outer loop
      vertex 54.5 7.5 5.5
      vertex 54.50273905231586 7.5 5.552264231633827
      vertex 54.50273905231586 7.997260947684136 5.552264231633827
    endloop
  endfacet
  facet normal -0.9876883405951284 0 0.15643446504029
    outer loop
      vertex 54.50273905231586 7.5 5.552264231633827
      vertex 54.5109261996331 7.5 5.60395584540888
      vertex 54.5109261996331 7.989073800366903 5.60395584540888
    endloop
  endfacet
  facet normal -0.9659258262890675 0 0.2588190451025233
    outer loop
      vertex 54.5109261996331 7.5 5.60395584540888
      vertex 54.52447174185242 7.5 5.654508497187473
      vertex 54.52447174185242 7.975528258147577 5.654508497187473
    endloop
  endfacet
  facet normal -0.9335804264971961 0 0.3583679495453151
    outer loop
      vertex 54.52447174185242 7.5 5.654508497187473
      vertex 54.5432272711787 7.5 5.7033683215379005
      vertex 54.5432272711787 7.9567727288213 5.7033683215379005
    endloop
  endfacet
  facet normal -0.8910065241883571 0 0.45399049973956784
    outer loop
      vertex 54.5432272711787 7.5 5.7033683215379005
      vertex 54.56698729810778 7.5 5.75
      vertex 54.56698729810778 7.93301270189222 5.75
    endloop
  endfacet
  facet normal -0.838670567945426 0 0.5446390350150241
    outer loop
      vertex 54.56698729810778 7.5 5.75
      vertex 54.59549150281253 7.5 5.793892626146237
      vertex 54.59549150281253 7.904508497187473 5.793892626146237
    endloop
  endfacet
  facet normal -0.998629534754577 0 0.052335956242882786
    outer loop
      vertex 54.5 7.5 5.5
      vertex 54.50273905231586 7.997260947684136 5.552264231633827
      vertex 54.5 8 5.5
    endloop
  endfacet
  facet normal -0.9876883405951283 0 0.15643446504028996
    outer loop
      vertex 54.50273905231586 7.5 5.552264231633827
      vertex 54.5109261996331 7.989073800366903 5.60395584540888
      vertex 54.50273905231586 7.997260947684136 5.552264231633827
    endloop
  endfacet
  facet normal -0.9659258262890676 0 0.2588190451025233
    outer loop
      vertex 54.5109261996331 7.5 5.60395584540888
      vertex 54.52447174185242 7.975528258147577 5.654508497187473
      vertex 54.5109261996331 7.989073800366903 5.60395584540888
    endloop
  endfacet
  facet normal -0.9335804264971961 0 0.35836794954531515
    outer loop
      vertex 54.52447174185242 7.5 5.654508497187473
      vertex 54.5432272711787 7.9567727288213 5.7033683215379005
      vertex 54.52447174185242 7.975528258147577 5.654508497187473
    endloop
  endfacet
  facet normal -0.8910065241883571 0 0.45399049973956784
    outer loop
      vertex 54.5432272711787 7.5 5.7033683215379005
      vertex 54.56698729810778 7.93301270189222 5.75
      vertex 54.5432272711787 7.9567727288213 5.7033683215379005
    endloop
  endfacet
  facet normal -0.838670567945426 0 0.5446390350150241
    outer loop
      vertex 54.56698729810778 7.5 5.75
      vertex 54.59549150281253 7.904508497187473 5.793892626146237
      vertex 54.56698729810778 7.93301270189222 5.75
    endloop
  endfacet
  facet normal -0.7771459614570263 0 0.629320391049769
    outer loop
      vertex 54.59549150281253 7.5 5.793892626146237
      vertex 54.6284275872613 7.5 5.83456530317943
      vertex 54.6284275872613 7.871572412738697 5.83456530317943
    endloop
  endfacet
  facet normal -0.7071067811865306 0 0.7071067811865644
    outer loop
      vertex 54.6284275872613 7.5 5.83456530317943
      vertex 54.66543469682057 7.5 5.871572412738697
      vertex 54.66543469682057 7.83456530317943 5.871572412738697
    endloop
  endfacet
  facet normal -0.7071067811865306 0 0.7071067811865644
    outer loop
      vertex 54.6284275872613 7.5 5.83456530317943
      vertex 54.66543469682057 7.83456530317943 5.871572412738697
      vertex 54.6284275872613 7.871572412738697 5.83456530317943
    endloop
  endfacet
  facet normal -0.6293203910498305 0 0.7771459614569765
    outer loop
      vertex 54.66543469682057 7.5 5.871572412738697
      vertex 54.70610737385376 7.793892626146237 5.904508497187473
      vertex 54.66543469682057 7.83456530317943 5.871572412738697
    endloop
  endfacet
  facet normal -0.6293203910498305 0 0.7771459614569765
    outer loop
      vertex 54.66543469682057 7.5 5.871572412738697
      vertex 54.70610737385376 7.5 5.904508497187473
      vertex 54.70610737385376 7.793892626146237 5.904508497187473
    endloop
  endfacet
  facet normal -0.5446390350150205 0 0.8386705679454284
    outer loop
      vertex 54.70610737385376 7.5 5.904508497187473
      vertex 54.75 7.5 5.93301270189222
      vertex 54.75 7.75 5.93301270189222
    endloop
  endfacet
  facet normal -0.45399049973954775 0 0.8910065241883673
    outer loop
      vertex 54.75 7.5 5.93301270189222
      vertex 54.7966316784621 7.5 5.9567727288213
      vertex 54.7966316784621 7.7033683215379005 5.9567727288213
    endloop
  endfacet
  facet normal -0.5446390350150205 0 0.8386705679454284
    outer loop
      vertex 54.70610737385376 7.5 5.904508497187473
      vertex 54.75 7.75 5.93301270189222
      vertex 54.70610737385376 7.793892626146237 5.904508497187473
    endloop
  endfacet
  facet normal -0.45399049973954775 0 0.8910065241883673
    outer loop
      vertex 54.75 7.5 5.93301270189222
      vertex 54.7966316784621 7.7033683215379005 5.9567727288213
      vertex 54.75 7.75 5.93301270189222
    endloop
  endfacet
  facet normal -0.3583679495452832 0 0.9335804264972082
    outer loop
      vertex 54.7966316784621 7.5 5.9567727288213
      vertex 54.84549150281253 7.654508497187473 5.975528258147577
      vertex 54.7966316784621 7.7033683215379005 5.9567727288213
    endloop
  endfacet
  facet normal -0.3583679495452833 0 0.9335804264972082
    outer loop
      vertex 54.7966316784621 7.5 5.9567727288213
      vertex 54.84549150281253 7.5 5.975528258147577
      vertex 54.84549150281253 7.654508497187473 5.975528258147577
    endloop
  endfacet
  facet normal -0.25881904510251486 0 0.9659258262890699
    outer loop
      vertex 54.84549150281253 7.5 5.975528258147577
      vertex 54.896044154591124 7.5 5.989073800366903
      vertex 54.896044154591124 7.60395584540888 5.989073800366903
    endloop
  endfacet
  facet normal -0.1564344650402783 0 0.9876883405951302
    outer loop
      vertex 54.896044154591124 7.5 5.989073800366903
      vertex 54.90437098159515 7.5 5.990392640201615
      vertex 54.896044154591124 7.60395584540888 5.989073800366903
    endloop
  endfacet
  facet normal -0.25881904510251486 0 0.9659258262890699
    outer loop
      vertex 54.84549150281253 7.5 5.975528258147577
      vertex 54.896044154591124 7.60395584540888 5.989073800366903
      vertex 54.84549150281253 7.654508497187473 5.975528258147577
    endloop
  endfacet
  facet normal -0.1564344650402783 0 0.9876883405951302
    outer loop
      vertex 54.90437098159515 7.5 5.990392640201615
      vertex 54.90437098159515 7.595629018404851 5.990392640201615
      vertex 54.896044154591124 7.60395584540888 5.989073800366903
    endloop
  endfacet
  facet normal -0.7771459614570262 0 0.6293203910497691
    outer loop
      vertex 54.59549150281253 7.5 5.793892626146237
      vertex 54.6284275872613 7.871572412738697 5.83456530317943
      vertex 54.59549150281253 7.904508497187473 5.793892626146237
    endloop
  endfacet
  facet normal -0.998629534754577 0 0.05233595624288279
    outer loop
      vertex 54.5 8 5.5
      vertex 54.50273905231586 8 5.552264231633827
      vertex 54.50273905231586 11 5.552264231633827
    endloop
  endfacet
  facet normal -0.9876883405951284 0 0.15643446504028996
    outer loop
      vertex 54.50273905231586 8 5.552264231633827
      vertex 54.5109261996331 8 5.60395584540888
      vertex 54.5109261996331 11 5.60395584540888
    endloop
  endfacet
  facet normal -0.9659258262890676 0 0.25881904510252335
    outer loop
      vertex 54.5109261996331 8 5.60395584540888
      vertex 54.52447174185242 8 5.654508497187473
      vertex 54.52447174185242 11 5.654508497187473
    endloop
  endfacet
  facet normal -0.998629534754577 0 0.052335956242882786
    outer loop
      vertex 54.5 8 5.5
      vertex 54.50273905231586 11 5.552264231633827
      vertex 54.5 8.5 5.5
    endloop
  endfacet
  facet normal -0.9335804264971961 0 0.3583679495453151
    outer loop
      vertex 54.52447174185242 8 5.654508497187473
      vertex 54.5432272711787 8 5.7033683215379005
      vertex 54.5432272711787 11 5.7033683215379005
    endloop
  endfacet
  facet normal -0.8910065241883571 0 0.45399049973956784
    outer loop
      vertex 54.5432272711787 8 5.7033683215379005
      vertex 54.56698729810778 8 5.75
      vertex 54.56698729810778 11 5.75
    endloop
  endfacet
  facet normal -0.8386705679454259 0 0.5446390350150241
    outer loop
      vertex 54.56698729810778 8 5.75
      vertex 54.59549150281253 8 5.793892626146237
      vertex 54.59549150281253 11 5.793892626146237
    endloop
  endfacet
  facet normal -0.7771459614570263 0 0.6293203910497691
    outer loop
      vertex 54.59549150281253 8 5.793892626146237
      vertex 54.6284275872613 8 5.83456530317943
      vertex 54.6284275872613 11 5.83456530317943
    endloop
  endfacet
  facet normal -0.7071067811865306 0 0.7071067811865646
    outer loop
      vertex 54.6284275872613 8 5.83456530317943
      vertex 54.66543469682057 8 5.871572412738697
      vertex 54.66543469682057 11 5.871572412738697
    endloop
  endfacet
  facet normal -0.6293203910498305 0 0.7771459614569765
    outer loop
      vertex 54.66543469682057 8 5.871572412738697
      vertex 54.70610737385376 8 5.904508497187473
      vertex 54.70610737385376 11 5.904508497187473
    endloop
  endfacet
  facet normal -0.5446390350150205 0 0.8386705679454284
    outer loop
      vertex 54.70610737385376 8 5.904508497187473
      vertex 54.75 8 5.93301270189222
      vertex 54.75 11 5.93301270189222
    endloop
  endfacet
  facet normal -0.4539904997395478 0 0.8910065241883673
    outer loop
      vertex 54.75 8 5.93301270189222
      vertex 54.7966316784621 8 5.9567727288213
      vertex 54.7966316784621 11 5.9567727288213
    endloop
  endfacet
  facet normal -0.3583679495452833 0 0.9335804264972083
    outer loop
      vertex 54.7966316784621 8 5.9567727288213
      vertex 54.84549150281253 8 5.975528258147577
      vertex 54.84549150281253 11 5.975528258147577
    endloop
  endfacet
  facet normal -0.2588190451025148 0 0.9659258262890699
    outer loop
      vertex 54.84549150281253 8 5.975528258147577
      vertex 54.896044154591124 8 5.989073800366903
      vertex 54.896044154591124 11 5.989073800366903
    endloop
  endfacet
  facet normal -0.1564344650402783 0 0.9876883405951302
    outer loop
      vertex 54.896044154591124 8 5.989073800366903
      vertex 54.90437098159515 8 5.990392640201615
      vertex 54.896044154591124 11 5.989073800366903
    endloop
  endfacet
  facet normal -0.998629534754577 0 0.052335956242882786
    outer loop
      vertex 54.5 8.5 5.5
      vertex 54.50273905231586 11 5.552264231633827
      vertex 54.5 10.5 5.5
    endloop
  endfacet
  facet normal -0.9876883405951284 0 0.15643446504028996
    outer loop
      vertex 54.50273905231586 8 5.552264231633827
      vertex 54.5109261996331 11 5.60395584540888
      vertex 54.50273905231586 11 5.552264231633827
    endloop
  endfacet
  facet normal -0.9659258262890676 0 0.25881904510252335
    outer loop
      vertex 54.5109261996331 8 5.60395584540888
      vertex 54.52447174185242 11 5.654508497187473
      vertex 54.5109261996331 11 5.60395584540888
    endloop
  endfacet
  facet normal -0.9335804264971961 0 0.3583679495453151
    outer loop
      vertex 54.52447174185242 8 5.654508497187473
      vertex 54.5432272711787 11 5.7033683215379005
      vertex 54.52447174185242 11 5.654508497187473
    endloop
  endfacet
  facet normal -0.8910065241883571 0 0.45399049973956784
    outer loop
      vertex 54.5432272711787 8 5.7033683215379005
      vertex 54.56698729810778 11 5.75
      vertex 54.5432272711787 11 5.7033683215379005
    endloop
  endfacet
  facet normal -0.8386705679454259 0 0.5446390350150241
    outer loop
      vertex 54.56698729810778 8 5.75
      vertex 54.59549150281253 11 5.793892626146237
      vertex 54.56698729810778 11 5.75
    endloop
  endfacet
  facet normal -0.7771459614570263 0 0.6293203910497691
    outer loop
      vertex 54.59549150281253 8 5.793892626146237
      vertex 54.6284275872613 11 5.83456530317943
      vertex 54.59549150281253 11 5.793892626146237
    endloop
  endfacet
  facet normal -0.7071067811865306 0 0.7071067811865646
    outer loop
      vertex 54.6284275872613 8 5.83456530317943
      vertex 54.66543469682057 11 5.871572412738697
      vertex 54.6284275872613 11 5.83456530317943
    endloop
  endfacet
  facet normal -0.6293203910498305 0 0.7771459614569765
    outer loop
      vertex 54.66543469682057 8 5.871572412738697
      vertex 54.70610737385376 11 5.904508497187473
      vertex 54.66543469682057 11 5.871572412738697
    endloop
  endfacet
  facet normal -0.5446390350150205 0 0.8386705679454284
    outer loop
      vertex 54.70610737385376 8 5.904508497187473
      vertex 54.75 11 5.93301270189222
      vertex 54.70610737385376 11 5.904508497187473
    endloop
  endfacet
  facet normal -0.4539904997395478 0 0.8910065241883673
    outer loop
      vertex 54.75 8 5.93301270189222
      vertex 54.7966316784621 11 5.9567727288213
      vertex 54.75 11 5.93301270189222
    endloop
  endfacet
  facet normal -0.3583679495452833 0 0.9335804264972083
    outer loop
      vertex 54.7966316784621 8 5.9567727288213
      vertex 54.84549150281253 11 5.975528258147577
      vertex 54.7966316784621 11 5.9567727288213
    endloop
  endfacet
  facet normal -0.2588190451025148 0 0.9659258262890699
    outer loop
      vertex 54.84549150281253 8 5.975528258147577
      vertex 54.896044154591124 11 5.989073800366903
      vertex 54.84549150281253 11 5.975528258147577
    endloop
  endfacet
  facet normal -0.1564344650402783 0 0.9876883405951302
    outer loop
      vertex 54.90437098159515 8 5.990392640201615
      vertex 54.90437098159515 11 5.990392640201615
      vertex 54.896044154591124 11 5.989073800366903
    endloop
  endfacet
  facet normal -0.998629534754577 0 0.052335956242882786
    outer loop
      vertex 54.5 10.5 5.5
      vertex 54.50273905231586 11 5.552264231633827
      vertex 54.5 11 5.5
    endloop
  endfacet
  facet normal -0.998629534754577 0 0.052335956242882786
    outer loop
      vertex 54.5 11 5.5
      vertex 54.50273905231586 11.002739052315864 5.552264231633827
      vertex 54.5 11.5 5.5
    endloop
  endfacet
  facet normal -0.9876883405951283 0 0.15643446504028996
    outer loop
      vertex 54.50273905231586 11.002739052315864 5.552264231633827
      vertex 54.5109261996331 11.010926199633097 5.60395584540888
      vertex 54.50273905231586 11.5 5.552264231633827
    endloop
  endfacet
  facet normal -0.9986295347545772 0 0.0523359562428828
    outer loop
      vertex 54.50273905231586 11.002739052315864 5.552264231633827
      vertex 54.50273905231586 11.5 5.552264231633827
      vertex 54.5 11.5 5.5
    endloop
  endfacet
  facet normal -0.9659258262890676 0 0.2588190451025233
    outer loop
      vertex 54.5109261996331 11.010926199633097 5.60395584540888
      vertex 54.52447174185242 11.024471741852423 5.654508497187473
      vertex 54.5109261996331 11.5 5.60395584540888
    endloop
  endfacet
  facet normal -0.9876883405951284 0 0.15643446504029
    outer loop
      vertex 54.5109261996331 11.010926199633097 5.60395584540888
      vertex 54.5109261996331 11.5 5.60395584540888
      vertex 54.50273905231586 11.5 5.552264231633827
    endloop
  endfacet
  facet normal -0.9659258262890675 0 0.2588190451025233
    outer loop
      vertex 54.52447174185242 11.024471741852423 5.654508497187473
      vertex 54.52447174185242 11.5 5.654508497187473
      vertex 54.5109261996331 11.5 5.60395584540888
    endloop
  endfacet
  facet normal -0.9335804264971961 0 0.35836794954531515
    outer loop
      vertex 54.52447174185242 11.024471741852423 5.654508497187473
      vertex 54.5432272711787 11.043227271178699 5.7033683215379005
      vertex 54.52447174185242 11.5 5.654508497187473
    endloop
  endfacet
  facet normal -0.8910065241883572 0 0.45399049973956784
    outer loop
      vertex 54.5432272711787 11.043227271178699 5.7033683215379005
      vertex 54.56698729810778 11.066987298107781 5.75
      vertex 54.5432272711787 11.5 5.7033683215379005
    endloop
  endfacet
  facet normal -0.8386705679454259 0 0.5446390350150241
    outer loop
      vertex 54.56698729810778 11.066987298107781 5.75
      vertex 54.59549150281253 11.095491502812527 5.793892626146237
      vertex 54.56698729810778 11.5 5.75
    endloop
  endfacet
  facet normal -0.7771459614570262 0 0.6293203910497691
    outer loop
      vertex 54.59549150281253 11.095491502812527 5.793892626146237
      vertex 54.6284275872613 11.128427587261303 5.83456530317943
      vertex 54.59549150281253 11.5 5.793892626146237
    endloop
  endfacet
  facet normal -0.7071067811865306 0 0.7071067811865644
    outer loop
      vertex 54.6284275872613 11.128427587261303 5.83456530317943
      vertex 54.66543469682057 11.16543469682057 5.871572412738697
      vertex 54.6284275872613 11.5 5.83456530317943
    endloop
  endfacet
  facet normal -0.6293203910498305 0 0.7771459614569765
    outer loop
      vertex 54.66543469682057 11.16543469682057 5.871572412738697
      vertex 54.70610737385376 11.206107373853763 5.904508497187473
      vertex 54.66543469682057 11.5 5.871572412738697
    endloop
  endfacet
  facet normal -0.5446390350150205 0 0.8386705679454284
    outer loop
      vertex 54.70610737385376 11.206107373853763 5.904508497187473
      vertex 54.75 11.25 5.93301270189222
      vertex 54.70610737385376 11.5 5.904508497187473
    endloop
  endfacet
  facet normal -0.933580426497196 0 0.3583679495453151
    outer loop
      vertex 54.5432272711787 11.043227271178699 5.7033683215379005
      vertex 54.5432272711787 11.5 5.7033683215379005
      vertex 54.52447174185242 11.5 5.654508497187473
    endloop
  endfacet
  facet normal -0.8910065241883571 0 0.4539904997395679
    outer loop
      vertex 54.56698729810778 11.066987298107781 5.75
      vertex 54.56698729810778 11.5 5.75
      vertex 54.5432272711787 11.5 5.7033683215379005
    endloop
  endfacet
  facet normal -0.838670567945426 0 0.5446390350150241
    outer loop
      vertex 54.59549150281253 11.095491502812527 5.793892626146237
      vertex 54.59549150281253 11.5 5.793892626146237
      vertex 54.56698729810778 11.5 5.75
    endloop
  endfacet
  facet normal -0.7771459614570263 0 0.629320391049769
    outer loop
      vertex 54.6284275872613 11.128427587261303 5.83456530317943
      vertex 54.6284275872613 11.5 5.83456530317943
      vertex 54.59549150281253 11.5 5.793892626146237
    endloop
  endfacet
  facet normal -0.7071067811865306 0 0.7071067811865644
    outer loop
      vertex 54.66543469682057 11.16543469682057 5.871572412738697
      vertex 54.66543469682057 11.5 5.871572412738697
      vertex 54.6284275872613 11.5 5.83456530317943
    endloop
  endfacet
  facet normal -0.6293203910498305 0 0.7771459614569765
    outer loop
      vertex 54.70610737385376 11.206107373853763 5.904508497187473
      vertex 54.70610737385376 11.5 5.904508497187473
      vertex 54.66543469682057 11.5 5.871572412738697
    endloop
  endfacet
  facet normal -0.5446390350150205 0 0.8386705679454284
    outer loop
      vertex 54.75 11.25 5.93301270189222
      vertex 54.75 11.5 5.93301270189222
      vertex 54.70610737385376 11.5 5.904508497187473
    endloop
  endfacet
  facet normal -0.45399049973954775 0 0.8910065241883673
    outer loop
      vertex 54.75 11.25 5.93301270189222
      vertex 54.7966316784621 11.2966316784621 5.9567727288213
      vertex 54.75 11.5 5.93301270189222
    endloop
  endfacet
  facet normal -0.3583679495452833 0 0.9335804264972083
    outer loop
      vertex 54.7966316784621 11.2966316784621 5.9567727288213
      vertex 54.84549150281253 11.345491502812527 5.975528258147577
      vertex 54.7966316784621 11.5 5.9567727288213
    endloop
  endfacet
  facet normal -0.45399049973954775 0 0.8910065241883673
    outer loop
      vertex 54.7966316784621 11.2966316784621 5.9567727288213
      vertex 54.7966316784621 11.5 5.9567727288213
      vertex 54.75 11.5 5.93301270189222
    endloop
  endfacet
  facet normal -0.3583679495452833 0 0.9335804264972082
    outer loop
      vertex 54.84549150281253 11.345491502812527 5.975528258147577
      vertex 54.84549150281253 11.5 5.975528258147577
      vertex 54.7966316784621 11.5 5.9567727288213
    endloop
  endfacet
  facet normal -0.25881904510251486 0 0.9659258262890699
    outer loop
      vertex 54.84549150281253 11.345491502812527 5.975528258147577
      vertex 54.896044154591124 11.39604415459112 5.989073800366903
      vertex 54.84549150281253 11.5 5.975528258147577
    endloop
  endfacet
  facet normal -0.1564344650402783 0 0.9876883405951302
    outer loop
      vertex 54.896044154591124 11.39604415459112 5.989073800366903
      vertex 54.90437098159515 11.40437098159515 5.990392640201615
      vertex 54.896044154591124 11.5 5.989073800366903
    endloop
  endfacet
  facet normal -0.25881904510251486 0 0.9659258262890699
    outer loop
      vertex 54.896044154591124 11.39604415459112 5.989073800366903
      vertex 54.896044154591124 11.5 5.989073800366903
      vertex 54.84549150281253 11.5 5.975528258147577
    endloop
  endfacet
  facet normal -0.15643446504027833 0 0.9876883405951302
    outer loop
      vertex 54.90437098159515 11.40437098159515 5.990392640201615
      vertex 54.90437098159515 11.5 5.990392640201615
      vertex 54.896044154591124 11.5 5.989073800366903
    endloop
  endfacet
  facet normal 0.777145973885521 0.629320375701856 0
    outer loop
      vertex 4.595491506159306 8.2061073705554 0.5
      vertex 4.595491506159306 8.2061073705554 5.5
      vertex 4.628427587449551 8.165434695780277 0.5
    endloop
  endfacet
  facet normal 0.8386705602339225 0.5446390468896978 0
    outer loop
      vertex 4.595491506159306 8.2061073705554 0.5
      vertex 4.566987298429012 8.25 0.5
      vertex 4.566987298429012 8.25 5.5
    endloop
  endfacet
  facet normal 0.5446390468896978 0.8386705602339225 0
    outer loop
      vertex 4.706107370555401 8.095491506159306 0.5
      vertex 4.706107370555401 8.095491506159306 5.5
      vertex 4.75 8.066987298429012 0.5
    endloop
  endfacet
  facet normal 0.629320375701856 0.777145973885521 0
    outer loop
      vertex 4.706107370555401 8.095491506159306 0.5
      vertex 4.665434695780277 8.12842758744955 0.5
      vertex 4.665434695780277 8.12842758744955 5.5
    endloop
  endfacet
  facet normal 0.453990515082469 0.8910065163707585 0
    outer loop
      vertex 4.796631678938866 8.043227270245552 0.5
      vertex 4.75 8.066987298429012 0.5
      vertex 4.75 8.066987298429012 5.5
    endloop
  endfacet
  facet normal 0.35836786498923967 0.9335804589552279 0
    outer loop
      vertex 4.845491506159306 8.024471744894981 0.5
      vertex 4.796631678938866 8.043227270245552 0.5
      vertex 4.796631678938866 8.043227270245552 5.5
    endloop
  endfacet
  facet normal 0.7071067811865476 0.7071067811865476 0
    outer loop
      vertex 4.665434695780277 8.12842758744955 0.5
      vertex 4.628427587449551 8.165434695780277 0.5
      vertex 4.628427587449551 8.165434695780277 5.5
    endloop
  endfacet
  facet normal 0.2588190605772019 0.9659258221426399 0
    outer loop
      vertex 4.845491506159306 8.024471744894981 0.5
      vertex 4.845491506159306 8.024471744894981 5.5
      vertex 4.896044157445431 8.010926201939583 0.5
    endloop
  endfacet
  facet normal 0.15643455969239403 0.9876883256037032 0
    outer loop
      vertex 4.896044157445431 8.010926201939583 0.5
      vertex 4.896044157445431 8.010926201939583 5.5
      vertex 4.947735771536827 8.002739049494267 0.5
    endloop
  endfacet
  facet normal 0.05233590564375934 0.9986295374063635 0
    outer loop
      vertex 4.947735771536827 8.002739049494267 0.5
      vertex 4.947735771536827 8.002739049494267 5.5
      vertex 5 8 0.5
    endloop
  endfacet
  facet normal 0.8910065163707585 0.453990515082469 0
    outer loop
      vertex 4.566987298429012 8.25 0.5
      vertex 4.543227270245552 8.296631678938866 0.5
      vertex 4.543227270245552 8.296631678938866 5.5
    endloop
  endfacet
  facet normal 0.9335804589552279 0.35836786498923967 0
    outer loop
      vertex 4.543227270245552 8.296631678938866 0.5
      vertex 4.524471744894981 8.345491506159306 0.5
      vertex 4.524471744894981 8.345491506159306 5.5
    endloop
  endfacet
  facet normal 0.9659258221426399 0.2588190605772019 0
    outer loop
      vertex 4.524471744894981 8.345491506159306 0.5
      vertex 4.510926201939583 8.39604415744543 0.5
      vertex 4.510926201939583 8.39604415744543 5.5
    endloop
  endfacet
  facet normal 0.9986295374063635 0.05233590564375934 0
    outer loop
      vertex 4.5 8.5 0.5
      vertex 4.5 8.5 5.5
      vertex 4.5027390494942665 8.447735771536827 0.5
    endloop
  endfacet
  facet normal 0.9876883256037032 0.15643455969239403 0
    outer loop
      vertex 4.510926201939583 8.39604415744543 0.5
      vertex 4.5027390494942665 8.447735771536827 0.5
      vertex 4.5027390494942665 8.447735771536827 5.5
    endloop
  endfacet
  facet normal 1 0 0
    outer loop
      vertex 4.5 8.5 0.5
      vertex 4.5 10.5 0.5
      vertex 4.5 10.5 5.5
    endloop
  endfacet
  facet normal 0.9986295374063635 -0.05233590564375934 0
    outer loop
      vertex 4.5 10.5 0.5
      vertex 4.5027390494942665 10.552264228463173 0.5
      vertex 4.5027390494942665 10.552264228463173 5.5
    endloop
  endfacet
  facet normal 0.9876883256037032 -0.15643455969239403 0
    outer loop
      vertex 4.5027390494942665 10.552264228463173 0.5
      vertex 4.510926201939583 10.60395584255457 0.5
      vertex 4.510926201939583 10.60395584255457 5.5
    endloop
  endfacet
  facet normal 0.9659258221426399 -0.2588190605772019 0
    outer loop
      vertex 4.510926201939583 10.60395584255457 0.5
      vertex 4.524471744894981 10.654508493840694 0.5
      vertex 4.524471744894981 10.654508493840694 5.5
    endloop
  endfacet
  facet normal 0.9335804589552279 -0.35836786498923967 0
    outer loop
      vertex 4.524471744894981 10.654508493840694 0.5
      vertex 4.543227270245552 10.703368321061134 0.5
      vertex 4.543227270245552 10.703368321061134 5.5
    endloop
  endfacet
  facet normal 0.8910065163707585 -0.453990515082469 0
    outer loop
      vertex 4.543227270245552 10.703368321061134 0.5
      vertex 4.566987298429012 10.75 0.5
      vertex 4.566987298429012 10.75 5.5
    endloop
  endfacet
  facet normal 0.8386705602339225 -0.5446390468896978 0
    outer loop
      vertex 4.566987298429012 10.75 0.5
      vertex 4.595491506159306 10.7938926294446 0.5
      vertex 4.595491506159306 10.7938926294446 5.5
    endloop
  endfacet
  facet normal 0.777145973885521 -0.629320375701856 0
    outer loop
      vertex 4.595491506159306 10.7938926294446 0.5
      vertex 4.628427587449551 10.834565304219723 0.5
      vertex 4.628427587449551 10.834565304219723 5.5
    endloop
  endfacet
  facet normal 0.7071067811865476 -0.7071067811865476 0
    outer loop
      vertex 4.628427587449551 10.834565304219723 0.5
      vertex 4.665434695780277 10.87157241255045 0.5
      vertex 4.665434695780277 10.87157241255045 5.5
    endloop
  endfacet
  facet normal 0.629320375701856 -0.777145973885521 0
    outer loop
      vertex 4.665434695780277 10.87157241255045 0.5
      vertex 4.706107370555401 10.904508493840694 0.5
      vertex 4.706107370555401 10.904508493840694 5.5
    endloop
  endfacet
  facet normal 0.5446390468896978 -0.8386705602339225 0
    outer loop
      vertex 4.706107370555401 10.904508493840694 0.5
      vertex 4.75 10.933012701570988 0.5
      vertex 4.75 10.933012701570988 5.5
    endloop
  endfacet
  facet normal 0.453990515082469 -0.8910065163707585 0
    outer loop
      vertex 4.75 10.933012701570988 0.5
      vertex 4.796631678938866 10.956772729754448 0.5
      vertex 4.796631678938866 10.956772729754448 5.5
    endloop
  endfacet
  facet normal 0.35836786498923967 -0.9335804589552279 0
    outer loop
      vertex 4.796631678938866 10.956772729754448 0.5
      vertex 4.845491506159306 10.975528255105019 0.5
      vertex 4.845491506159306 10.975528255105019 5.5
    endloop
  endfacet
  facet normal 0.2588190605772019 -0.9659258221426399 0
    outer loop
      vertex 4.845491506159306 10.975528255105019 0.5
      vertex 4.896044157445431 10.989073798060417 0.5
      vertex 4.896044157445431 10.989073798060417 5.5
    endloop
  endfacet
  facet normal 0.15643455969239403 -0.9876883256037032 0
    outer loop
      vertex 4.896044157445431 10.989073798060417 0.5
      vertex 4.947735771536827 10.997260950505733 0.5
      vertex 4.947735771536827 10.997260950505733 5.5
    endloop
  endfacet
  facet normal 0.05233590564375934 -0.9986295374063635 0
    outer loop
      vertex 4.947735771536827 10.997260950505733 0.5
      vertex 5 11 0.5
      vertex 5 11 5.5
    endloop
  endfacet
  facet normal 0 1 0
    outer loop
      vertex 5 8 0.5
      vertex 5 8 5.5
      vertex 54 8 0.5
    endloop
  endfacet
  facet normal 0.777145973885521 0.629320375701856 0
    outer loop
      vertex 4.628427587449551 8.165434695780277 0.5
      vertex 4.595491506159306 8.2061073705554 5.5
      vertex 4.628427587449551 8.165434695780277 5.5
    endloop
  endfacet
  facet normal 0.8386705602339225 0.5446390468896978 0
    outer loop
      vertex 4.595491506159306 8.2061073705554 0.5
      vertex 4.566987298429012 8.25 5.5
      vertex 4.595491506159306 8.2061073705554 5.5
    endloop
  endfacet
  facet normal 0.629320375701856 0.777145973885521 0
    outer loop
      vertex 4.706107370555401 8.095491506159306 0.5
      vertex 4.665434695780277 8.12842758744955 5.5
      vertex 4.706107370555401 8.095491506159306 5.5
    endloop
  endfacet
  facet normal 0.453990515082469 0.8910065163707585 0
    outer loop
      vertex 4.796631678938866 8.043227270245552 0.5
      vertex 4.75 8.066987298429012 5.5
      vertex 4.796631678938866 8.043227270245552 5.5
    endloop
  endfacet
  facet normal 0.35836786498923967 0.9335804589552279 0
    outer loop
      vertex 4.845491506159306 8.024471744894981 0.5
      vertex 4.796631678938866 8.043227270245552 5.5
      vertex 4.845491506159306 8.024471744894981 5.5
    endloop
  endfacet
  facet normal 0.5446390468896978 0.8386705602339225 0
    outer loop
      vertex 4.75 8.066987298429012 0.5
      vertex 4.706107370555401 8.095491506159306 5.5
      vertex 4.75 8.066987298429012 5.5
    endloop
  endfacet
  facet normal 0.7071067811865476 0.7071067811865476 0
    outer loop
      vertex 4.665434695780277 8.12842758744955 0.5
      vertex 4.628427587449551 8.165434695780277 5.5
      vertex 4.665434695780277 8.12842758744955 5.5
    endloop
  endfacet
  facet normal 0.2588190605772019 0.9659258221426399 0
    outer loop
      vertex 4.896044157445431 8.010926201939583 0.5
      vertex 4.845491506159306 8.024471744894981 5.5
      vertex 4.896044157445431 8.010926201939583 5.5
    endloop
  endfacet
  facet normal 0.15643455969239403 0.9876883256037032 0
    outer loop
      vertex 4.947735771536827 8.002739049494267 0.5
      vertex 4.896044157445431 8.010926201939583 5.5
      vertex 4.947735771536827 8.002739049494267 5.5
    endloop
  endfacet
  facet normal 0.05233590564375934 0.9986295374063635 0
    outer loop
      vertex 5 8 0.5
      vertex 4.947735771536827 8.002739049494267 5.5
      vertex 5 8 5.5
    endloop
  endfacet
  facet normal 0.8910065163707585 0.453990515082469 0
    outer loop
      vertex 4.566987298429012 8.25 0.5
      vertex 4.543227270245552 8.296631678938866 5.5
      vertex 4.566987298429012 8.25 5.5
    endloop
  endfacet
  facet normal 0.9335804589552279 0.35836786498923967 0
    outer loop
      vertex 4.543227270245552 8.296631678938866 0.5
      vertex 4.524471744894981 8.345491506159306 5.5
      vertex 4.543227270245552 8.296631678938866 5.5
    endloop
  endfacet
  facet normal 0.9659258221426399 0.2588190605772019 0
    outer loop
      vertex 4.524471744894981 8.345491506159306 0.5
      vertex 4.510926201939583 8.39604415744543 5.5
      vertex 4.524471744894981 8.345491506159306 5.5
    endloop
  endfacet
  facet normal 0.9986295374063635 0.05233590564375934 0
    outer loop
      vertex 4.5027390494942665 8.447735771536827 0.5
      vertex 4.5 8.5 5.5
      vertex 4.5027390494942665 8.447735771536827 5.5
    endloop
  endfacet
  facet normal 0.9876883256037032 0.15643455969239403 0
    outer loop
      vertex 4.510926201939583 8.39604415744543 0.5
      vertex 4.5027390494942665 8.447735771536827 5.5
      vertex 4.510926201939583 8.39604415744543 5.5
    endloop
  endfacet
  facet normal 1 0 0
    outer loop
      vertex 4.5 8.5 0.5
      vertex 4.5 10.5 5.5
      vertex 4.5 8.5 5.5
    endloop
  endfacet
  facet normal 0.9986295374063635 -0.05233590564375934 0
    outer loop
      vertex 4.5 10.5 0.5
      vertex 4.5027390494942665 10.552264228463173 5.5
      vertex 4.5 10.5 5.5
    endloop
  endfacet
  facet normal 0.9876883256037032 -0.15643455969239403 0
    outer loop
      vertex 4.5027390494942665 10.552264228463173 0.5
      vertex 4.510926201939583 10.60395584255457 5.5
      vertex 4.5027390494942665 10.552264228463173 5.5
    endloop
  endfacet
  facet normal 0.9659258221426399 -0.2588190605772019 0
    outer loop
      vertex 4.510926201939583 10.60395584255457 0.5
      vertex 4.524471744894981 10.654508493840694 5.5
      vertex 4.510926201939583 10.60395584255457 5.5
    endloop
  endfacet
  facet normal 0.9335804589552279 -0.35836786498923967 0
    outer loop
      vertex 4.524471744894981 10.654508493840694 0.5
      vertex 4.543227270245552 10.703368321061134 5.5
      vertex 4.524471744894981 10.654508493840694 5.5
    endloop
  endfacet
  facet normal 0.8910065163707585 -0.453990515082469 0
    outer loop
      vertex 4.543227270245552 10.703368321061134 0.5
      vertex 4.566987298429012 10.75 5.5
      vertex 4.543227270245552 10.703368321061134 5.5
    endloop
  endfacet
  facet normal 0.8386705602339225 -0.5446390468896978 0
    outer loop
      vertex 4.566987298429012 10.75 0.5
      vertex 4.595491506159306 10.7938926294446 5.5
      vertex 4.566987298429012 10.75 5.5
    endloop
  endfacet
  facet normal 0.777145973885521 -0.629320375701856 0
    outer loop
      vertex 4.595491506159306 10.7938926294446 0.5
      vertex 4.628427587449551 10.834565304219723 5.5
      vertex 4.595491506159306 10.7938926294446 5.5
    endloop
  endfacet
  facet normal 0.7071067811865476 -0.7071067811865476 0
    outer loop
      vertex 4.628427587449551 10.834565304219723 0.5
      vertex 4.665434695780277 10.87157241255045 5.5
      vertex 4.628427587449551 10.834565304219723 5.5
    endloop
  endfacet
  facet normal 0.629320375701856 -0.777145973885521 0
    outer loop
      vertex 4.665434695780277 10.87157241255045 0.5
      vertex 4.706107370555401 10.904508493840694 5.5
      vertex 4.665434695780277 10.87157241255045 5.5
    endloop
  endfacet
  facet normal 0.5446390468896978 -0.8386705602339225 0
    outer loop
      vertex 4.706107370555401 10.904508493840694 0.5
      vertex 4.75 10.933012701570988 5.5
      vertex 4.706107370555401 10.904508493840694 5.5
    endloop
  endfacet
  facet normal 0.453990515082469 -0.8910065163707585 0
    outer loop
      vertex 4.75 10.933012701570988 0.5
      vertex 4.796631678938866 10.956772729754448 5.5
      vertex 4.75 10.933012701570988 5.5
    endloop
  endfacet
  facet normal 0.35836786498923967 -0.9335804589552279 0
    outer loop
      vertex 4.796631678938866 10.956772729754448 0.5
      vertex 4.845491506159306 10.975528255105019 5.5
      vertex 4.796631678938866 10.956772729754448 5.5
    endloop
  endfacet
  facet normal 0.2588190605772019 -0.9659258221426399 0
    outer loop
      vertex 4.845491506159306 10.975528255105019 0.5
      vertex 4.896044157445431 10.989073798060417 5.5
      vertex 4.845491506159306 10.975528255105019 5.5
    endloop
  endfacet
  facet normal 0.15643455969239403 -0.9876883256037032 0
    outer loop
      vertex 4.896044157445431 10.989073798060417 0.5
      vertex 4.947735771536827 10.997260950505733 5.5
      vertex 4.896044157445431 10.989073798060417 5.5
    endloop
  endfacet
  facet normal 0.05233590564375934 -0.9986295374063635 0
    outer loop
      vertex 4.947735771536827 10.997260950505733 0.5
      vertex 5 11 5.5
      vertex 4.947735771536827 10.997260950505733 5.5
    endloop
  endfacet
  facet normal 0 -1 0
    outer loop
      vertex 5 11 0.5
      vertex 54 11 5.5
      vertex 5 11 5.5
    endloop
  endfacet
  facet normal 0 -1 0
    outer loop
      vertex 5 11 0.5
      vertex 54 11 0.5
      vertex 54 11 5.5
    endloop
  endfacet
  facet normal -0.05233590564375934 0.9986295374063635 0
    outer loop
      vertex 54 8 0.5
      vertex 54 8 5.5
      vertex 54.05226422846317 8.002739049494267 0.5
    endloop
  endfacet
  facet normal -0.15643455969239403 0.9876883256037032 0
    outer loop
      vertex 54.05226422846317 8.002739049494267 0.5
      vertex 54.05226422846317 8.002739049494267 5.5
      vertex 54.10395584255457 8.010926201939583 0.5
    endloop
  endfacet
  facet normal -0.2588190605772019 0.9659258221426399 0
    outer loop
      vertex 54.10395584255457 8.010926201939583 0.5
      vertex 54.10395584255457 8.010926201939583 5.5
      vertex 54.154508493840694 8.024471744894981 0.5
    endloop
  endfacet
  facet normal -0.35836786498923967 0.9335804589552279 0
    outer loop
      vertex 54.154508493840694 8.024471744894981 0.5
      vertex 54.154508493840694 8.024471744894981 5.5
      vertex 54.203368321061134 8.043227270245552 0.5
    endloop
  endfacet
  facet normal -0.453990515082469 0.8910065163707585 0
    outer loop
      vertex 54.203368321061134 8.043227270245552 0.5
      vertex 54.203368321061134 8.043227270245552 5.5
      vertex 54.25 8.066987298429012 0.5
    endloop
  endfacet
  facet normal -0.5446390468896978 0.8386705602339225 0
    outer loop
      vertex 54.25 8.066987298429012 0.5
      vertex 54.25 8.066987298429012 5.5
      vertex 54.2938926294446 8.095491506159306 0.5
    endloop
  endfacet
  facet normal -0.629320375701856 0.777145973885521 0
    outer loop
      vertex 54.2938926294446 8.095491506159306 0.5
      vertex 54.2938926294446 8.095491506159306 5.5
      vertex 54.33456530421972 8.12842758744955 0.5
    endloop
  endfacet
  facet normal -0.7071067811865476 0.7071067811865476 0
    outer loop
      vertex 54.33456530421972 8.12842758744955 0.5
      vertex 54.33456530421972 8.12842758744955 5.5
      vertex 54.37157241255045 8.165434695780277 0.5
    endloop
  endfacet
  facet normal -0.777145973885521 0.629320375701856 0
    outer loop
      vertex 54.37157241255045 8.165434695780277 0.5
      vertex 54.37157241255045 8.165434695780277 5.5
      vertex 54.404508493840694 8.2061073705554 0.5
    endloop
  endfacet
  facet normal -0.8386705602339225 0.5446390468896978 0
    outer loop
      vertex 54.404508493840694 8.2061073705554 0.5
      vertex 54.404508493840694 8.2061073705554 5.5
      vertex 54.43301270157099 8.25 0.5
    endloop
  endfacet
  facet normal -0.8910065163707585 0.453990515082469 0
    outer loop
      vertex 54.43301270157099 8.25 0.5
      vertex 54.43301270157099 8.25 5.5
      vertex 54.45677272975445 8.296631678938866 0.5
    endloop
  endfacet
  facet normal -0.9335804589552279 0.35836786498923967 0
    outer loop
      vertex 54.45677272975445 8.296631678938866 0.5
      vertex 54.45677272975445 8.296631678938866 5.5
      vertex 54.47552825510502 8.345491506159306 0.5
    endloop
  endfacet
  facet normal -0.9659258221426399 0.2588190605772019 0
    outer loop
      vertex 54.47552825510502 8.345491506159306 0.5
      vertex 54.47552825510502 8.345491506159306 5.5
      vertex 54.48907379806042 8.39604415744543 0.5
    endloop
  endfacet
  facet normal -0.9876883256037032 0.15643455969239403 0
    outer loop
      vertex 54.48907379806042 8.39604415744543 0.5
      vertex 54.48907379806042 8.39604415744543 5.5
      vertex 54.49726095050573 8.447735771536827 0.5
    endloop
  endfacet
  facet normal -0.9986295374063635 0.05233590564375934 0
    outer loop
      vertex 54.49726095050573 8.447735771536827 0.5
      vertex 54.49726095050573 8.447735771536827 5.5
      vertex 54.5 8.5 0.5
    endloop
  endfacet
  facet normal -1 0 0
    outer loop
      vertex 54.5 8.5 0.5
      vertex 54.5 8.5 5.5
      vertex 54.5 10.5 0.5
    endloop
  endfacet
  facet normal -0.05233590564375934 -0.9986295374063635 0
    outer loop
      vertex 54 11 0.5
      vertex 54.05226422846317 10.997260950505733 0.5
      vertex 54.05226422846317 10.997260950505733 5.5
    endloop
  endfacet
  facet normal -0.15643455969239403 -0.9876883256037032 0
    outer loop
      vertex 54.05226422846317 10.997260950505733 0.5
      vertex 54.10395584255457 10.989073798060417 0.5
      vertex 54.10395584255457 10.989073798060417 5.5
    endloop
  endfacet
  facet normal -0.2588190605772019 -0.9659258221426399 0
    outer loop
      vertex 54.10395584255457 10.989073798060417 0.5
      vertex 54.154508493840694 10.975528255105019 0.5
      vertex 54.154508493840694 10.975528255105019 5.5
    endloop
  endfacet
  facet normal -0.453990515082469 -0.8910065163707585 0
    outer loop
      vertex 54.203368321061134 10.956772729754448 0.5
      vertex 54.25 10.933012701570988 0.5
      vertex 54.25 10.933012701570988 5.5
    endloop
  endfacet
  facet normal -0.629320375701856 -0.777145973885521 0
    outer loop
      vertex 54.33456530421972 10.87157241255045 0.5
      vertex 54.33456530421972 10.87157241255045 5.5
      vertex 54.2938926294446 10.904508493840694 0.5
    endloop
  endfacet
  facet normal -0.7071067811865476 -0.7071067811865476 0
    outer loop
      vertex 54.37157241255045 10.834565304219723 0.5
      vertex 54.37157241255045 10.834565304219723 5.5
      vertex 54.33456530421972 10.87157241255045 0.5
    endloop
  endfacet
  facet normal -0.5446390468896978 -0.8386705602339225 0
    outer loop
      vertex 54.25 10.933012701570988 0.5
      vertex 54.2938926294446 10.904508493840694 0.5
      vertex 54.2938926294446 10.904508493840694 5.5
    endloop
  endfacet
  facet normal -0.35836786498923967 -0.9335804589552279 0
    outer loop
      vertex 54.203368321061134 10.956772729754448 0.5
      vertex 54.203368321061134 10.956772729754448 5.5
      vertex 54.154508493840694 10.975528255105019 0.5
    endloop
  endfacet
  facet normal -0.9876883256037032 -0.15643455969239403 0
    outer loop
      vertex 54.49726095050573 10.552264228463173 0.5
      vertex 54.49726095050573 10.552264228463173 5.5
      vertex 54.48907379806042 10.60395584255457 0.5
    endloop
  endfacet
  facet normal -0.9986295374063635 -0.05233590564375934 0
    outer loop
      vertex 54.49726095050573 10.552264228463173 0.5
      vertex 54.5 10.5 0.5
      vertex 54.5 10.5 5.5
    endloop
  endfacet
  facet normal -0.9659258221426399 -0.2588190605772019 0
    outer loop
      vertex 54.48907379806042 10.60395584255457 0.5
      vertex 54.48907379806042 10.60395584255457 5.5
      vertex 54.47552825510502 10.654508493840694 0.5
    endloop
  endfacet
  facet normal -0.9335804589552279 -0.35836786498923967 0
    outer loop
      vertex 54.47552825510502 10.654508493840694 0.5
      vertex 54.47552825510502 10.654508493840694 5.5
      vertex 54.45677272975445 10.703368321061134 0.5
    endloop
  endfacet
  facet normal -0.8386705602339225 -0.5446390468896978 0
    outer loop
      vertex 54.43301270157099 10.75 0.5
      vertex 54.43301270157099 10.75 5.5
      vertex 54.404508493840694 10.7938926294446 0.5
    endloop
  endfacet
  facet normal -0.8910065163707585 -0.453990515082469 0
    outer loop
      vertex 54.43301270157099 10.75 0.5
      vertex 54.45677272975445 10.703368321061134 0.5
      vertex 54.45677272975445 10.703368321061134 5.5
    endloop
  endfacet
  facet normal -0.777145973885521 -0.629320375701856 0
    outer loop
      vertex 54.37157241255045 10.834565304219723 0.5
      vertex 54.404508493840694 10.7938926294446 0.5
      vertex 54.404508493840694 10.7938926294446 5.5
    endloop
  endfacet
  facet normal 0 1 0
    outer loop
      vertex 5 8 5.5
      vertex 54 8 5.5
      vertex 54 8 0.5
    endloop
  endfacet
  facet normal -0.05233590564375934 0.9986295374063635 0
    outer loop
      vertex 54.05226422846317 8.002739049494267 0.5
      vertex 54 8 5.5
      vertex 54.05226422846317 8.002739049494267 5.5
    endloop
  endfacet
  facet normal -0.15643455969239403 0.9876883256037032 0
    outer loop
      vertex 54.10395584255457 8.010926201939583 0.5
      vertex 54.05226422846317 8.002739049494267 5.5
      vertex 54.10395584255457 8.010926201939583 5.5
    endloop
  endfacet
  facet normal -0.2588190605772019 0.9659258221426399 0
    outer loop
      vertex 54.154508493840694 8.024471744894981 0.5
      vertex 54.10395584255457 8.010926201939583 5.5
      vertex 54.154508493840694 8.024471744894981 5.5
    endloop
  endfacet
  facet normal -0.35836786498923967 0.9335804589552279 0
    outer loop
      vertex 54.203368321061134 8.043227270245552 0.5
      vertex 54.154508493840694 8.024471744894981 5.5
      vertex 54.203368321061134 8.043227270245552 5.5
    endloop
  endfacet
  facet normal -0.453990515082469 0.8910065163707585 0
    outer loop
      vertex 54.25 8.066987298429012 0.5
      vertex 54.203368321061134 8.043227270245552 5.5
      vertex 54.25 8.066987298429012 5.5
    endloop
  endfacet
  facet normal -0.5446390468896978 0.8386705602339225 0
    outer loop
      vertex 54.2938926294446 8.095491506159306 0.5
      vertex 54.25 8.066987298429012 5.5
      vertex 54.2938926294446 8.095491506159306 5.5
    endloop
  endfacet
  facet normal -0.629320375701856 0.777145973885521 0
    outer loop
      vertex 54.33456530421972 8.12842758744955 0.5
      vertex 54.2938926294446 8.095491506159306 5.5
      vertex 54.33456530421972 8.12842758744955 5.5
    endloop
  endfacet
  facet normal -0.7071067811865476 0.7071067811865476 0
    outer loop
      vertex 54.37157241255045 8.165434695780277 0.5
      vertex 54.33456530421972 8.12842758744955 5.5
      vertex 54.37157241255045 8.165434695780277 5.5
    endloop
  endfacet
  facet normal -0.777145973885521 0.629320375701856 0
    outer loop
      vertex 54.404508493840694 8.2061073705554 0.5
      vertex 54.37157241255045 8.165434695780277 5.5
      vertex 54.404508493840694 8.2061073705554 5.5
    endloop
  endfacet
  facet normal -0.8386705602339225 0.5446390468896978 0
    outer loop
      vertex 54.43301270157099 8.25 0.5
      vertex 54.404508493840694 8.2061073705554 5.5
      vertex 54.43301270157099 8.25 5.5
    endloop
  endfacet
  facet normal -0.8910065163707585 0.453990515082469 0
    outer loop
      vertex 54.45677272975445 8.296631678938866 0.5
      vertex 54.43301270157099 8.25 5.5
      vertex 54.45677272975445 8.296631678938866 5.5
    endloop
  endfacet
  facet normal -0.9335804589552279 0.35836786498923967 0
    outer loop
      vertex 54.47552825510502 8.345491506159306 0.5
      vertex 54.45677272975445 8.296631678938866 5.5
      vertex 54.47552825510502 8.345491506159306 5.5
    endloop
  endfacet
  facet normal -0.9659258221426399 0.2588190605772019 0
    outer loop
      vertex 54.48907379806042 8.39604415744543 0.5
      vertex 54.47552825510502 8.345491506159306 5.5
      vertex 54.48907379806042 8.39604415744543 5.5
    endloop
  endfacet
  facet normal -0.9876883256037032 0.15643455969239403 0
    outer loop
      vertex 54.49726095050573 8.447735771536827 0.5
      vertex 54.48907379806042 8.39604415744543 5.5
      vertex 54.49726095050573 8.447735771536827 5.5
    endloop
  endfacet
  facet normal -0.9986295374063635 0.05233590564375934 0
    outer loop
      vertex 54.5 8.5 0.5
      vertex 54.49726095050573 8.447735771536827 5.5
      vertex 54.5 8.5 5.5
    endloop
  endfacet
  facet normal -1 0 0
    outer loop
      vertex 54.5 10.5 0.5
      vertex 54.5 8.5 5.5
      vertex 54.5 10.5 5.5
    endloop
  endfacet
  facet normal -0.05233590564375934 -0.9986295374063635 0
    outer loop
      vertex 54 11 0.5
      vertex 54.05226422846317 10.997260950505733 5.5
      vertex 54 11 5.5
    endloop
  endfacet
  facet normal -0.15643455969239403 -0.9876883256037032 0
    outer loop
      vertex 54.05226422846317 10.997260950505733 0.5
      vertex 54.10395584255457 10.989073798060417 5.5
      vertex 54.05226422846317 10.997260950505733 5.5
    endloop
  endfacet
  facet normal -0.2588190605772019 -0.9659258221426399 0
    outer loop
      vertex 54.10395584255457 10.989073798060417 0.5
      vertex 54.154508493840694 10.975528255105019 5.5
      vertex 54.10395584255457 10.989073798060417 5.5
    endloop
  endfacet
  facet normal -0.5446390468896978 -0.8386705602339225 0
    outer loop
      vertex 54.25 10.933012701570988 0.5
      vertex 54.2938926294446 10.904508493840694 5.5
      vertex 54.25 10.933012701570988 5.5
    endloop
  endfacet
  facet normal -0.453990515082469 -0.8910065163707585 0
    outer loop
      vertex 54.203368321061134 10.956772729754448 0.5
      vertex 54.25 10.933012701570988 5.5
      vertex 54.203368321061134 10.956772729754448 5.5
    endloop
  endfacet
  facet normal -0.629320375701856 -0.777145973885521 0
    outer loop
      vertex 54.2938926294446 10.904508493840694 0.5
      vertex 54.33456530421972 10.87157241255045 5.5
      vertex 54.2938926294446 10.904508493840694 5.5
    endloop
  endfacet
  facet normal -0.7071067811865476 -0.7071067811865476 0
    outer loop
      vertex 54.33456530421972 10.87157241255045 0.5
      vertex 54.37157241255045 10.834565304219723 5.5
      vertex 54.33456530421972 10.87157241255045 5.5
    endloop
  endfacet
  facet normal -0.35836786498923967 -0.9335804589552279 0
    outer loop
      vertex 54.154508493840694 10.975528255105019 0.5
      vertex 54.203368321061134 10.956772729754448 5.5
      vertex 54.154508493840694 10.975528255105019 5.5
    endloop
  endfacet
  facet normal -0.9986295374063635 -0.05233590564375934 0
    outer loop
      vertex 54.49726095050573 10.552264228463173 0.5
      vertex 54.5 10.5 5.5
      vertex 54.49726095050573 10.552264228463173 5.5
    endloop
  endfacet
  facet normal -0.9876883256037032 -0.15643455969239403 0
    outer loop
      vertex 54.48907379806042 10.60395584255457 0.5
      vertex 54.49726095050573 10.552264228463173 5.5
      vertex 54.48907379806042 10.60395584255457 5.5
    endloop
  endfacet
  facet normal -0.9659258221426399 -0.2588190605772019 0
    outer loop
      vertex 54.47552825510502 10.654508493840694 0.5
      vertex 54.48907379806042 10.60395584255457 5.5
      vertex 54.47552825510502 10.654508493840694 5.5
    endloop
  endfacet
  facet normal -0.9335804589552279 -0.35836786498923967 0
    outer loop
      vertex 54.45677272975445 10.703368321061134 0.5
      vertex 54.47552825510502 10.654508493840694 5.5
      vertex 54.45677272975445 10.703368321061134 5.5
    endloop
  endfacet
  facet normal -0.8910065163707585 -0.453990515082469 0
    outer loop
      vertex 54.43301270157099 10.75 0.5
      vertex 54.45677272975445 10.703368321061134 5.5
      vertex 54.43301270157099 10.75 5.5
    endloop
  endfacet
  facet normal -0.8386705602339225 -0.5446390468896978 0
    outer loop
      vertex 54.404508493840694 10.7938926294446 0.5
      vertex 54.43301270157099 10.75 5.5
      vertex 54.404508493840694 10.7938926294446 5.5
    endloop
  endfacet
  facet normal -0.777145973885521 -0.629320375701856 0
    outer loop
      vertex 54.37157241255045 10.834565304219723 0.5
      vertex 54.404508493840694 10.7938926294446 5.5
      vertex 54.37157241255045 10.834565304219723 5.5
    endloop
  endfacet
  facet normal 0 0 -1
    outer loop
      vertex 4.5 8 0.5
      vertex 4.628427587449551 8.165434695780277 0.5
      vertex 4.665434695780277 8.12842758744955 0.5
    endloop
  endfacet
  facet normal 0 0 -1
    outer loop
      vertex 4.5 8 0.5
      vertex 4.595491506159306 8.2061073705554 0.5
      vertex 4.628427587449551 8.165434695780277 0.5
    endloop
  endfacet
  facet normal 0 0 -1
    outer loop
      vertex 4.5 8 0.5
      vertex 4.566987298429012 8.25 0.5
      vertex 4.595491506159306 8.2061073705554 0.5
    endloop
  endfacet
  facet normal 0 0 -1
    outer loop
      vertex 4.5 8 0.5
      vertex 4.543227270245552 8.296631678938866 0.5
      vertex 4.566987298429012 8.25 0.5
    endloop
  endfacet
  facet normal 0 0 -1
    outer loop
      vertex 4.5 8 0.5
      vertex 4.524471744894981 8.345491506159306 0.5
      vertex 4.543227270245552 8.296631678938866 0.5
    endloop
  endfacet
  facet normal 0 0 -1
    outer loop
      vertex 4.5 8 0.5
      vertex 4.510926201939583 8.39604415744543 0.5
      vertex 4.524471744894981 8.345491506159306 0.5
    endloop
  endfacet
  facet normal 0 0 -1
    outer loop
      vertex 4.5 8 0.5
      vertex 4.706107370555401 8.095491506159306 0.5
      vertex 4.75 8.066987298429012 0.5
    endloop
  endfacet
  facet normal 0 0 -1
    outer loop
      vertex 4.5 8 0.5
      vertex 4.796631678938866 8.043227270245552 0.5
      vertex 4.845491506159306 8.024471744894981 0.5
    endloop
  endfacet
  facet normal 0 0 -1
    outer loop
      vertex 4.5 8 0.5
      vertex 4.75 8.066987298429012 0.5
      vertex 4.796631678938866 8.043227270245552 0.5
    endloop
  endfacet
  facet normal 0 0 -1
    outer loop
      vertex 4.5 8 0.5
      vertex 4.665434695780277 8.12842758744955 0.5
      vertex 4.706107370555401 8.095491506159306 0.5
    endloop
  endfacet
  facet normal 0 0 -1
    outer loop
      vertex 4.5 8 0.5
      vertex 4.896044157445431 8.010926201939583 0.5
      vertex 4.947735771536827 8.002739049494267 0.5
    endloop
  endfacet
  facet normal 0 0 -1
    outer loop
      vertex 4.5 8 0.5
      vertex 4.845491506159306 8.024471744894981 0.5
      vertex 4.896044157445431 8.010926201939583 0.5
    endloop
  endfacet
  facet normal 0 0 -1
    outer loop
      vertex 4.5 8 0.5
      vertex 4.947735771536827 8.002739049494267 0.5
      vertex 5 8 0.5
    endloop
  endfacet
  facet normal 0 0 -1
    outer loop
      vertex 4.5 8 0.5
      vertex 4.5 8.5 0.5
      vertex 4.5027390494942665 8.447735771536827 0.5
    endloop
  endfacet
  facet normal 0 0 -1
    outer loop
      vertex 4.5 8 0.5
      vertex 4.5027390494942665 8.447735771536827 0.5
      vertex 4.510926201939583 8.39604415744543 0.5
    endloop
  endfacet
  facet normal 0 0 -1
    outer loop
      vertex 4.5 10.5 0.5
      vertex 4.5 11 0.5
      vertex 4.5027390494942665 10.552264228463173 0.5
    endloop
  endfacet
  facet normal 0 0 -1
    outer loop
      vertex 4.5027390494942665 10.552264228463173 0.5
      vertex 4.5 11 0.5
      vertex 4.510926201939583 10.60395584255457 0.5
    endloop
  endfacet
  facet normal 0 0 -1
    outer loop
      vertex 4.510926201939583 10.60395584255457 0.5
      vertex 4.5 11 0.5
      vertex 4.524471744894981 10.654508493840694 0.5
    endloop
  endfacet
  facet normal 0 0 -1
    outer loop
      vertex 4.524471744894981 10.654508493840694 0.5
      vertex 4.5 11 0.5
      vertex 4.543227270245552 10.703368321061134 0.5
    endloop
  endfacet
  facet normal 0 0 -1
    outer loop
      vertex 4.543227270245552 10.703368321061134 0.5
      vertex 4.5 11 0.5
      vertex 4.566987298429012 10.75 0.5
    endloop
  endfacet
  facet normal 0 0 -1
    outer loop
      vertex 4.566987298429012 10.75 0.5
      vertex 4.5 11 0.5
      vertex 4.595491506159306 10.7938926294446 0.5
    endloop
  endfacet
  facet normal 0 0 -1
    outer loop
      vertex 4.595491506159306 10.7938926294446 0.5
      vertex 4.5 11 0.5
      vertex 4.628427587449551 10.834565304219723 0.5
    endloop
  endfacet
  facet normal 0 0 -1
    outer loop
      vertex 4.5 11 0.5
      vertex 4.665434695780277 10.87157241255045 0.5
      vertex 4.628427587449551 10.834565304219723 0.5
    endloop
  endfacet
  facet normal 0 0 -1
    outer loop
      vertex 4.5 11 0.5
      vertex 4.706107370555401 10.904508493840694 0.5
      vertex 4.665434695780277 10.87157241255045 0.5
    endloop
  endfacet
  facet normal 0 0 -1
    outer loop
      vertex 4.5 11 0.5
      vertex 4.75 10.933012701570988 0.5
      vertex 4.706107370555401 10.904508493840694 0.5
    endloop
  endfacet
  facet normal 0 0 -1
    outer loop
      vertex 4.5 11 0.5
      vertex 4.796631678938866 10.956772729754448 0.5
      vertex 4.75 10.933012701570988 0.5
    endloop
  endfacet
  facet normal 0 0 -1
    outer loop
      vertex 4.5 11 0.5
      vertex 4.845491506159306 10.975528255105019 0.5
      vertex 4.796631678938866 10.956772729754448 0.5
    endloop
  endfacet
  facet normal 0 0 -1
    outer loop
      vertex 4.5 11 0.5
      vertex 4.896044157445431 10.989073798060417 0.5
      vertex 4.845491506159306 10.975528255105019 0.5
    endloop
  endfacet
  facet normal 0 0 -1
    outer loop
      vertex 4.5 11 0.5
      vertex 4.947735771536827 10.997260950505733 0.5
      vertex 4.896044157445431 10.989073798060417 0.5
    endloop
  endfacet
  facet normal 0 0 -1
    outer loop
      vertex 4.5 11 0.5
      vertex 5 11 0.5
      vertex 4.947735771536827 10.997260950505733 0.5
    endloop
  endfacet
  facet normal 0 0 -1
    outer loop
      vertex 54 8 0.5
      vertex 54.05226422846317 8.002739049494267 0.5
      vertex 54.5 8 0.5
    endloop
  endfacet
  facet normal 0 0 -1
    outer loop
      vertex 54.05226422846317 8.002739049494267 0.5
      vertex 54.10395584255457 8.010926201939583 0.5
      vertex 54.5 8 0.5
    endloop
  endfacet
  facet normal 0 0 -1
    outer loop
      vertex 54.10395584255457 8.010926201939583 0.5
      vertex 54.154508493840694 8.024471744894981 0.5
      vertex 54.5 8 0.5
    endloop
  endfacet
  facet normal 0 0 -1
    outer loop
      vertex 54.154508493840694 8.024471744894981 0.5
      vertex 54.203368321061134 8.043227270245552 0.5
      vertex 54.5 8 0.5
    endloop
  endfacet
  facet normal 0 0 -1
    outer loop
      vertex 54.203368321061134 8.043227270245552 0.5
      vertex 54.25 8.066987298429012 0.5
      vertex 54.5 8 0.5
    endloop
  endfacet
  facet normal 0 0 -1
    outer loop
      vertex 54.25 8.066987298429012 0.5
      vertex 54.2938926294446 8.095491506159306 0.5
      vertex 54.5 8 0.5
    endloop
  endfacet
  facet normal 0 0 -1
    outer loop
      vertex 54.2938926294446 8.095491506159306 0.5
      vertex 54.33456530421972 8.12842758744955 0.5
      vertex 54.5 8 0.5
    endloop
  endfacet
  facet normal 0 0 -1
    outer loop
      vertex 54.33456530421972 8.12842758744955 0.5
      vertex 54.37157241255045 8.165434695780277 0.5
      vertex 54.5 8 0.5
    endloop
  endfacet
  facet normal 0 0 -1
    outer loop
      vertex 54.37157241255045 8.165434695780277 0.5
      vertex 54.404508493840694 8.2061073705554 0.5
      vertex 54.5 8 0.5
    endloop
  endfacet
  facet normal 0 0 -1
    outer loop
      vertex 54.5 8 0.5
      vertex 54.404508493840694 8.2061073705554 0.5
      vertex 54.43301270157099 8.25 0.5
    endloop
  endfacet
  facet normal 0 0 -1
    outer loop
      vertex 54.5 8 0.5
      vertex 54.43301270157099 8.25 0.5
      vertex 54.45677272975445 8.296631678938866 0.5
    endloop
  endfacet
  facet normal 0 0 -1
    outer loop
      vertex 54.5 8 0.5
      vertex 54.45677272975445 8.296631678938866 0.5
      vertex 54.47552825510502 8.345491506159306 0.5
    endloop
  endfacet
  facet normal 0 0 -1
    outer loop
      vertex 54.5 8 0.5
      vertex 54.47552825510502 8.345491506159306 0.5
      vertex 54.48907379806042 8.39604415744543 0.5
    endloop
  endfacet
  facet normal 0 0 -1
    outer loop
      vertex 54.5 8 0.5
      vertex 54.48907379806042 8.39604415744543 0.5
      vertex 54.49726095050573 8.447735771536827 0.5
    endloop
  endfacet
  facet normal 0 0 -1
    outer loop
      vertex 54.5 8 0.5
      vertex 54.49726095050573 8.447735771536827 0.5
      vertex 54.5 8.5 0.5
    endloop
  endfacet
  facet normal 0 0 -1
    outer loop
      vertex 54.33456530421972 10.87157241255045 0.5
      vertex 54.2938926294446 10.904508493840694 0.5
      vertex 54.5 11 0.5
    endloop
  endfacet
  facet normal 0 0 -1
    outer loop
      vertex 54.25 10.933012701570988 0.5
      vertex 54.5 11 0.5
      vertex 54.2938926294446 10.904508493840694 0.5
    endloop
  endfacet
  facet normal 0 0 -1
    outer loop
      vertex 54 11 0.5
      vertex 54.5 11 0.5
      vertex 54.05226422846317 10.997260950505733 0.5
    endloop
  endfacet
  facet normal 0 0 -1
    outer loop
      vertex 54.10395584255457 10.989073798060417 0.5
      vertex 54.5 11 0.5
      vertex 54.154508493840694 10.975528255105019 0.5
    endloop
  endfacet
  facet normal 0 0 -1
    outer loop
      vertex 54.05226422846317 10.997260950505733 0.5
      vertex 54.5 11 0.5
      vertex 54.10395584255457 10.989073798060417 0.5
    endloop
  endfacet
  facet normal 0 0 -1
    outer loop
      vertex 54.203368321061134 10.956772729754448 0.5
      vertex 54.5 11 0.5
      vertex 54.25 10.933012701570988 0.5
    endloop
  endfacet
  facet normal 0 0 -1
    outer loop
      vertex 54.203368321061134 10.956772729754448 0.5
      vertex 54.154508493840694 10.975528255105019 0.5
      vertex 54.5 11 0.5
    endloop
  endfacet
  facet normal 0 0 -1
    outer loop
      vertex 54.49726095050573 10.552264228463173 0.5
      vertex 54.5 11 0.5
      vertex 54.5 10.5 0.5
    endloop
  endfacet
  facet normal 0 0 -1
    outer loop
      vertex 54.49726095050573 10.552264228463173 0.5
      vertex 54.48907379806042 10.60395584255457 0.5
      vertex 54.5 11 0.5
    endloop
  endfacet
  facet normal 0 0 -1
    outer loop
      vertex 54.48907379806042 10.60395584255457 0.5
      vertex 54.47552825510502 10.654508493840694 0.5
      vertex 54.5 11 0.5
    endloop
  endfacet
  facet normal 0 0 -1
    outer loop
      vertex 54.47552825510502 10.654508493840694 0.5
      vertex 54.45677272975445 10.703368321061134 0.5
      vertex 54.5 11 0.5
    endloop
  endfacet
  facet normal 0 0 -1
    outer loop
      vertex 54.43301270157099 10.75 0.5
      vertex 54.5 11 0.5
      vertex 54.45677272975445 10.703368321061134 0.5
    endloop
  endfacet
  facet normal 0 0 -1
    outer loop
      vertex 54.37157241255045 10.834565304219723 0.5
      vertex 54.5 11 0.5
      vertex 54.404508493840694 10.7938926294446 0.5
    endloop
  endfacet
  facet normal 0 0 -1
    outer loop
      vertex 54.43301270157099 10.75 0.5
      vertex 54.404508493840694 10.7938926294446 0.5
      vertex 54.5 11 0.5
    endloop
  endfacet
  facet normal 0 0 -1
    outer loop
      vertex 54.37157241255045 10.834565304219723 0.5
      vertex 54.33456530421972 10.87157241255045 0.5
      vertex 54.5 11 0.5
    endloop
  endfacet
  facet normal 0 0 1
    outer loop
      vertex 4.5 8 5.5
      vertex 4.665434695780277 8.12842758744955 5.5
      vertex 4.628427587449551 8.165434695780277 5.5
    endloop
  endfacet
  facet normal 0 0 1
    outer loop
      vertex 4.5 8 5.5
      vertex 4.628427587449551 8.165434695780277 5.5
      vertex 4.595491506159306 8.2061073705554 5.5
    endloop
  endfacet
  facet normal 0 0 1
    outer loop
      vertex 4.5 8 5.5
      vertex 4.595491506159306 8.2061073705554 5.5
      vertex 4.566987298429012 8.25 5.5
    endloop
  endfacet
  facet normal 0 0 1
    outer loop
      vertex 4.5 8 5.5
      vertex 4.566987298429012 8.25 5.5
      vertex 4.543227270245552 8.296631678938866 5.5
    endloop
  endfacet
  facet normal 0 0 1
    outer loop
      vertex 4.5 8 5.5
      vertex 4.543227270245552 8.296631678938866 5.5
      vertex 4.524471744894981 8.345491506159306 5.5
    endloop
  endfacet
  facet normal 0 0 1
    outer loop
      vertex 4.5 8 5.5
      vertex 4.524471744894981 8.345491506159306 5.5
      vertex 4.510926201939583 8.39604415744543 5.5
    endloop
  endfacet
  facet normal 0 0 1
    outer loop
      vertex 4.5 8 5.5
      vertex 4.75 8.066987298429012 5.5
      vertex 4.706107370555401 8.095491506159306 5.5
    endloop
  endfacet
  facet normal 0 0 1
    outer loop
      vertex 4.5 8 5.5
      vertex 4.845491506159306 8.024471744894981 5.5
      vertex 4.796631678938866 8.043227270245552 5.5
    endloop
  endfacet
  facet normal 0 0 1
    outer loop
      vertex 4.5 8 5.5
      vertex 4.796631678938866 8.043227270245552 5.5
      vertex 4.75 8.066987298429012 5.5
    endloop
  endfacet
  facet normal 0 0 1
    outer loop
      vertex 4.5 8 5.5
      vertex 4.706107370555401 8.095491506159306 5.5
      vertex 4.665434695780277 8.12842758744955 5.5
    endloop
  endfacet
  facet normal 0 0 1
    outer loop
      vertex 4.5 8 5.5
      vertex 4.947735771536827 8.002739049494267 5.5
      vertex 4.896044157445431 8.010926201939583 5.5
    endloop
  endfacet
  facet normal 0 0 1
    outer loop
      vertex 4.5 8 5.5
      vertex 4.896044157445431 8.010926201939583 5.5
      vertex 4.845491506159306 8.024471744894981 5.5
    endloop
  endfacet
  facet normal 0 0 1
    outer loop
      vertex 4.5 8 5.5
      vertex 5 8 5.5
      vertex 4.947735771536827 8.002739049494267 5.5
    endloop
  endfacet
  facet normal 0 0 1
    outer loop
      vertex 4.5 8 5.5
      vertex 4.5027390494942665 8.447735771536827 5.5
      vertex 4.5 8.5 5.5
    endloop
  endfacet
  facet normal 0 0 1
    outer loop
      vertex 4.5 8 5.5
      vertex 4.510926201939583 8.39604415744543 5.5
      vertex 4.5027390494942665 8.447735771536827 5.5
    endloop
  endfacet
  facet normal 0 0 1
    outer loop
      vertex 4.5 10.5 5.5
      vertex 4.5027390494942665 10.552264228463173 5.5
      vertex 4.5 11 5.5
    endloop
  endfacet
  facet normal 0 0 1
    outer loop
      vertex 4.5027390494942665 10.552264228463173 5.5
      vertex 4.510926201939583 10.60395584255457 5.5
      vertex 4.5 11 5.5
    endloop
  endfacet
  facet normal 0 0 1
    outer loop
      vertex 4.510926201939583 10.60395584255457 5.5
      vertex 4.524471744894981 10.654508493840694 5.5
      vertex 4.5 11 5.5
    endloop
  endfacet
  facet normal 0 0 1
    outer loop
      vertex 4.524471744894981 10.654508493840694 5.5
      vertex 4.543227270245552 10.703368321061134 5.5
      vertex 4.5 11 5.5
    endloop
  endfacet
  facet normal 0 0 1
    outer loop
      vertex 4.543227270245552 10.703368321061134 5.5
      vertex 4.566987298429012 10.75 5.5
      vertex 4.5 11 5.5
    endloop
  endfacet
  facet normal 0 0 1
    outer loop
      vertex 4.566987298429012 10.75 5.5
      vertex 4.595491506159306 10.7938926294446 5.5
      vertex 4.5 11 5.5
    endloop
  endfacet
  facet normal 0 0 1
    outer loop
      vertex 4.595491506159306 10.7938926294446 5.5
      vertex 4.628427587449551 10.834565304219723 5.5
      vertex 4.5 11 5.5
    endloop
  endfacet
  facet normal 0 0 1
    outer loop
      vertex 4.5 11 5.5
      vertex 4.628427587449551 10.834565304219723 5.5
      vertex 4.665434695780277 10.87157241255045 5.5
    endloop
  endfacet
  facet normal 0 0 1
    outer loop
      vertex 4.5 11 5.5
      vertex 4.665434695780277 10.87157241255045 5.5
      vertex 4.706107370555401 10.904508493840694 5.5
    endloop
  endfacet
  facet normal 0 0 1
    outer loop
      vertex 4.5 11 5.5
      vertex 4.706107370555401 10.904508493840694 5.5
      vertex 4.75 10.933012701570988 5.5
    endloop
  endfacet
  facet normal 0 0 1
    outer loop
      vertex 4.5 11 5.5
      vertex 4.75 10.933012701570988 5.5
      vertex 4.796631678938866 10.956772729754448 5.5
    endloop
  endfacet
  facet normal 0 0 1
    outer loop
      vertex 4.5 11 5.5
      vertex 4.796631678938866 10.956772729754448 5.5
      vertex 4.845491506159306 10.975528255105019 5.5
    endloop
  endfacet
  facet normal 0 0 1
    outer loop
      vertex 4.5 11 5.5
      vertex 4.845491506159306 10.975528255105019 5.5
      vertex 4.896044157445431 10.989073798060417 5.5
    endloop
  endfacet
  facet normal 0 0 1
    outer loop
      vertex 4.5 11 5.5
      vertex 4.896044157445431 10.989073798060417 5.5
      vertex 4.947735771536827 10.997260950505733 5.5
    endloop
  endfacet
  facet normal 0 0 1
    outer loop
      vertex 4.5 11 5.5
      vertex 4.947735771536827 10.997260950505733 5.5
      vertex 5 11 5.5
    endloop
  endfacet
  facet normal 0 0 1
    outer loop
      vertex 54 8 5.5
      vertex 54.5 8 5.5
      vertex 54.05226422846317 8.002739049494267 5.5
    endloop
  endfacet
  facet normal 0 0 1
    outer loop
      vertex 54.05226422846317 8.002739049494267 5.5
      vertex 54.5 8 5.5
      vertex 54.10395584255457 8.010926201939583 5.5
    endloop
  endfacet
  facet normal 0 0 1
    outer loop
      vertex 54.10395584255457 8.010926201939583 5.5
      vertex 54.5 8 5.5
      vertex 54.154508493840694 8.024471744894981 5.5
    endloop
  endfacet
  facet normal 0 0 1
    outer loop
      vertex 54.154508493840694 8.024471744894981 5.5
      vertex 54.5 8 5.5
      vertex 54.203368321061134 8.043227270245552 5.5
    endloop
  endfacet
  facet normal 0 0 1
    outer loop
      vertex 54.203368321061134 8.043227270245552 5.5
      vertex 54.5 8 5.5
      vertex 54.25 8.066987298429012 5.5
    endloop
  endfacet
  facet normal 0 0 1
    outer loop
      vertex 54.25 8.066987298429012 5.5
      vertex 54.5 8 5.5
      vertex 54.2938926294446 8.095491506159306 5.5
    endloop
  endfacet
  facet normal 0 0 1
    outer loop
      vertex 54.2938926294446 8.095491506159306 5.5
      vertex 54.5 8 5.5
      vertex 54.33456530421972 8.12842758744955 5.5
    endloop
  endfacet
  facet normal 0 0 1
    outer loop
      vertex 54.33456530421972 8.12842758744955 5.5
      vertex 54.5 8 5.5
      vertex 54.37157241255045 8.165434695780277 5.5
    endloop
  endfacet
  facet normal 0 0 1
    outer loop
      vertex 54.37157241255045 8.165434695780277 5.5
      vertex 54.5 8 5.5
      vertex 54.404508493840694 8.2061073705554 5.5
    endloop
  endfacet
  facet normal 0 0 1
    outer loop
      vertex 54.5 8 5.5
      vertex 54.43301270157099 8.25 5.5
      vertex 54.404508493840694 8.2061073705554 5.5
    endloop
  endfacet
  facet normal 0 0 1
    outer loop
      vertex 54.5 8 5.5
      vertex 54.45677272975445 8.296631678938866 5.5
      vertex 54.43301270157099 8.25 5.5
    endloop
  endfacet
  facet normal 0 0 1
    outer loop
      vertex 54.5 8 5.5
      vertex 54.47552825510502 8.345491506159306 5.5
      vertex 54.45677272975445 8.296631678938866 5.5
    endloop
  endfacet
  facet normal 0 0 1
    outer loop
      vertex 54.5 8 5.5
      vertex 54.48907379806042 8.39604415744543 5.5
      vertex 54.47552825510502 8.345491506159306 5.5
    endloop
  endfacet
  facet normal 0 0 1
    outer loop
      vertex 54.5 8 5.5
      vertex 54.49726095050573 8.447735771536827 5.5
      vertex 54.48907379806042 8.39604415744543 5.5
    endloop
  endfacet
  facet normal 0 0 1
    outer loop
      vertex 54.5 8 5.5
      vertex 54.5 8.5 5.5
      vertex 54.49726095050573 8.447735771536827 5.5
    endloop
  endfacet
  facet normal 0 0 1
    outer loop
      vertex 54.33456530421972 10.87157241255045 5.5
      vertex 54.5 11 5.5
      vertex 54.2938926294446 10.904508493840694 5.5
    endloop
  endfacet
  facet normal 0 0 1
    outer loop
      vertex 54.25 10.933012701570988 5.5
      vertex 54.2938926294446 10.904508493840694 5.5
      vertex 54.5 11 5.5
    endloop
  endfacet
  facet normal 0 0 1
    outer loop
      vertex 54 11 5.5
      vertex 54.05226422846317 10.997260950505733 5.5
      vertex 54.5 11 5.5
    endloop
  endfacet
  facet normal 0 0 1
    outer loop
      vertex 54.10395584255457 10.989073798060417 5.5
      vertex 54.154508493840694 10.975528255105019 5.5
      vertex 54.5 11 5.5
    endloop
  endfacet
  facet normal 0 0 1
    outer loop
      vertex 54.05226422846317 10.997260950505733 5.5
      vertex 54.10395584255457 10.989073798060417 5.5
      vertex 54.5 11 5.5
    endloop
  endfacet
  facet normal 0 0 1
    outer loop
      vertex 54.203368321061134 10.956772729754448 5.5
      vertex 54.25 10.933012701570988 5.5
      vertex 54.5 11 5.5
    endloop
  endfacet
  facet normal 0 0 1
    outer loop
      vertex 54.203368321061134 10.956772729754448 5.5
      vertex 54.5 11 5.5
      vertex 54.154508493840694 10.975528255105019 5.5
    endloop
  endfacet
  facet normal 0 0 1
    outer loop
      vertex 54.49726095050573 10.552264228463173 5.5
      vertex 54.5 10.5 5.5
      vertex 54.5 11 5.5
    endloop
  endfacet
  facet normal 0 0 1
    outer loop
      vertex 54.49726095050573 10.552264228463173 5.5
      vertex 54.5 11 5.5
      vertex 54.48907379806042 10.60395584255457 5.5
    endloop
  endfacet
  facet normal 0 0 1
    outer loop
      vertex 54.48907379806042 10.60395584255457 5.5
      vertex 54.5 11 5.5
      vertex 54.47552825510502 10.654508493840694 5.5
    endloop
  endfacet
  facet normal 0 0 1
    outer loop
      vertex 54.47552825510502 10.654508493840694 5.5
      vertex 54.5 11 5.5
      vertex 54.45677272975445 10.703368321061134 5.5
    endloop
  endfacet
  facet normal 0 0 1
    outer loop
      vertex 54.43301270157099 10.75 5.5
      vertex 54.45677272975445 10.703368321061134 5.5
      vertex 54.5 11 5.5
    endloop
  endfacet
  facet normal 0 0 1
    outer loop
      vertex 54.37157241255045 10.834565304219723 5.5
      vertex 54.404508493840694 10.7938926294446 5.5
      vertex 54.5 11 5.5
    endloop
  endfacet
  facet normal 0 0 1
    outer loop
      vertex 54.43301270157099 10.75 5.5
      vertex 54.5 11 5.5
      vertex 54.404508493840694 10.7938926294446 5.5
    endloop
  endfacet
  facet normal 0 0 1
    outer loop
      vertex 54.37157241255045 10.834565304219723 5.5
      vertex 54.5 11 5.5
      vertex 54.33456530421972 10.87157241255045 5.5
    endloop
  endfacet
  facet normal -0.21614744150488122 -0.32348750654160335 -0.9212144791753927
    outer loop
      vertex 6.962671082974829 19.40988002224913 0.009607359798384785
      vertex 6.803576260403225 19.303576260403226 0.08426519384872738
      vertex 6.931025155179264 19.431025155179263 0.009607359798384785
    endloop
  endfacet
  facet normal -0.3234875065416048 -0.21614744150486706 -0.9212144791753956
    outer loop
      vertex 6.909880022249132 19.46267108297483 0.009607359798384785
      vertex 6.931025155179264 19.431025155179263 0.009607359798384785
      vertex 6.743360016420332 19.393696238154092 0.08426519384872738
    endloop
  endfacet
  facet normal -0.3815795311289148 -0.07590088788047321 -0.9212144791753947
    outer loop
      vertex 6.909880022249132 19.46267108297483 0.009607359798384785
      vertex 6.743360016420332 19.393696238154092 0.08426519384872738
      vertex 6.902454838991936 19.5 0.009607359798384785
    endloop
  endfacet
  facet normal -0.07590088788045538 -0.3815795311289165 -0.9212144791753953
    outer loop
      vertex 6.962671082974829 19.40988002224913 0.009607359798384785
      vertex 7 19.402454838991936 0.009607359798384785
      vertex 7 19.2222148834902 0.08426519384872738
    endloop
  endfacet
  facet normal -0.21614744150488058 -0.3234875065416042 -0.9212144791753926
    outer loop
      vertex 6.962671082974829 19.40988002224913 0.009607359798384785
      vertex 6.893696238154093 19.243360016420333 0.08426519384872738
      vertex 6.803576260403225 19.303576260403226 0.08426519384872738
    endloop
  endfacet
  facet normal -0.5936131960091001 -0.3966396567602831 -0.7002145072825515
    outer loop
      vertex 6.743360016420332 19.393696238154092 0.08426519384872738
      vertex 6.70603109939516 19.20603109939516 0.2222148834901989
      vertex 6.615911121644292 19.340905177428397 0.2222148834901989
    endloop
  endfacet
  facet normal -0.13928132531715856 -0.7002145072825481 -0.700214507282557
    outer loop
      vertex 6.893696238154093 19.243360016420333 0.08426519384872738
      vertex 7 19.084265193848726 0.2222148834901989
      vertex 6.840905177428396 19.11591112164429 0.2222148834901989
    endloop
  endfacet
  facet normal -0.5936131960090928 -0.3966396567602874 -0.7002145072825553
    outer loop
      vertex 6.803576260403225 19.303576260403226 0.08426519384872738
      vertex 6.70603109939516 19.20603109939516 0.2222148834901989
      vertex 6.743360016420332 19.393696238154092 0.08426519384872738
    endloop
  endfacet
  facet normal -0.3966396567602817 -0.593613196009096 -0.700214507282556
    outer loop
      vertex 6.803576260403225 19.303576260403226 0.08426519384872738
      vertex 6.893696238154093 19.243360016420333 0.08426519384872738
      vertex 6.840905177428396 19.11591112164429 0.2222148834901989
    endloop
  endfacet
  facet normal -0.3966396567602852 -0.5936131960090953 -0.7002145072825542
    outer loop
      vertex 6.803576260403225 19.303576260403226 0.08426519384872738
      vertex 6.840905177428396 19.11591112164429 0.2222148834901989
      vertex 6.70603109939516 19.20603109939516 0.2222148834901989
    endloop
  endfacet
  facet normal -0.32348750654160086 -0.21614744150488252 -0.9212144791753932
    outer loop
      vertex 6.931025155179264 19.431025155179263 0.009607359798384785
      vertex 6.803576260403225 19.303576260403226 0.08426519384872738
      vertex 6.743360016420332 19.393696238154092 0.08426519384872738
    endloop
  endfacet
  facet normal -0.38157953112891607 -0.07590088788047102 -0.9212144791753941
    outer loop
      vertex 6.902454838991936 19.5 0.009607359798384785
      vertex 6.743360016420332 19.393696238154092 0.08426519384872738
      vertex 6.722214883490199 19.5 0.08426519384872738
    endloop
  endfacet
  facet normal -0.7002145072825534 -0.13928132531715265 -0.7002145072825532
    outer loop
      vertex 6.743360016420332 19.393696238154092 0.08426519384872738
      vertex 6.615911121644292 19.340905177428397 0.2222148834901989
      vertex 6.5842651938487275 19.5 0.2222148834901989
    endloop
  endfacet
  facet normal -0.7002145072825529 -0.13928132531715043 -0.7002145072825541
    outer loop
      vertex 6.743360016420332 19.393696238154092 0.08426519384872738
      vertex 6.5842651938487275 19.5 0.2222148834901989
      vertex 6.722214883490199 19.5 0.08426519384872738
    endloop
  endfacet
  facet normal -0.07590088788047548 -0.3815795311289193 -0.9212144791753925
    outer loop
      vertex 6.962671082974829 19.40988002224913 0.009607359798384785
      vertex 7 19.2222148834902 0.08426519384872738
      vertex 6.893696238154093 19.243360016420333 0.08426519384872738
    endloop
  endfacet
  facet normal -0.13928132531715642 -0.7002145072825476 -0.700214507282558
    outer loop
      vertex 6.893696238154093 19.243360016420333 0.08426519384872738
      vertex 7 19.2222148834902 0.08426519384872738
      vertex 7 19.084265193848726 0.2222148834901989
    endloop
  endfacet
  facet normal -0.18074437515937272 -0.9086633352183321 -0.37638067707859946
    outer loop
      vertex 6.812334861241068 19.046936276823555 0.4024548389919359
      vertex 7 19.084265193848726 0.2222148834901989
      vertex 7 19.009607359798384 0.4024548389919359
    endloop
  endfacet
  facet normal -0.19509032201612675 -0.9807852804032308 0
    outer loop
      vertex 6.812334861241068 19.046936276823555 0.4024548389919359
      vertex 7 19.009607359798384 0.5
      vertex 6.812334861241068 19.046936276823555 0.5
    endloop
  endfacet
  facet normal -0.19509032201612675 -0.9807852804032308 0
    outer loop
      vertex 6.812334861241068 19.046936276823555 0.4024548389919359
      vertex 7 19.009607359798384 0.4024548389919359
      vertex 7 19.009607359798384 0.5
    endloop
  endfacet
  facet normal -0.7703275794849826 -0.5147164328119472 -0.37638067707860884
    outer loop
      vertex 6.70603109939516 19.20603109939516 0.2222148834901989
      vertex 6.546936276823556 19.312334861241066 0.4024548389919359
      vertex 6.615911121644292 19.340905177428397 0.2222148834901989
    endloop
  endfacet
  facet normal -0.7703275794849814 -0.5147164328119516 -0.3763806770786052
    outer loop
      vertex 6.70603109939516 19.20603109939516 0.2222148834901989
      vertex 6.6532400386694635 19.153240038669463 0.4024548389919359
      vertex 6.546936276823556 19.312334861241066 0.4024548389919359
    endloop
  endfacet
  facet normal -0.514716432811952 -0.7703275794849795 -0.37638067707860856
    outer loop
      vertex 6.840905177428396 19.11591112164429 0.2222148834901989
      vertex 6.6532400386694635 19.153240038669463 0.4024548389919359
      vertex 6.70603109939516 19.20603109939516 0.2222148834901989
    endloop
  endfacet
  facet normal -0.18074437515938124 -0.9086633352183271 -0.3763806770786073
    outer loop
      vertex 6.812334861241068 19.046936276823555 0.4024548389919359
      vertex 6.840905177428396 19.11591112164429 0.2222148834901989
      vertex 7 19.084265193848726 0.2222148834901989
    endloop
  endfacet
  facet normal -0.5147164328119496 -0.7703275794849828 -0.3763806770786054
    outer loop
      vertex 6.812334861241068 19.046936276823555 0.4024548389919359
      vertex 6.6532400386694635 19.153240038669463 0.4024548389919359
      vertex 6.840905177428396 19.11591112164429 0.2222148834901989
    endloop
  endfacet
  facet normal -0.9086633352183298 -0.18074437515937264 -0.37638067707860506
    outer loop
      vertex 6.615911121644292 19.340905177428397 0.2222148834901989
      vertex 6.546936276823556 19.312334861241066 0.4024548389919359
      vertex 6.5842651938487275 19.5 0.2222148834901989
    endloop
  endfacet
  facet normal -0.9086633352183309 -0.1807443751593708 -0.37638067707860345
    outer loop
      vertex 6.5842651938487275 19.5 0.2222148834901989
      vertex 6.546936276823556 19.312334861241066 0.4024548389919359
      vertex 6.509607359798385 19.5 0.4024548389919359
    endloop
  endfacet
  facet normal -0.8314696123025421 -0.5555702330196068 0
    outer loop
      vertex 6.6532400386694635 19.153240038669463 0.4024548389919359
      vertex 6.6532400386694635 19.153240038669463 0.5
      vertex 6.546936276823556 19.312334861241066 0.4024548389919359
    endloop
  endfacet
  facet normal -0.8314696123025421 -0.5555702330196068 0
    outer loop
      vertex 6.546936276823556 19.312334861241066 0.4024548389919359
      vertex 6.6532400386694635 19.153240038669463 0.5
      vertex 6.546936276823556 19.312334861241066 0.5
    endloop
  endfacet
  facet normal -0.5555702330196047 -0.8314696123025436 0
    outer loop
      vertex 6.812334861241068 19.046936276823555 0.4024548389919359
      vertex 6.812334861241068 19.046936276823555 0.5
      vertex 6.6532400386694635 19.153240038669463 0.4024548389919359
    endloop
  endfacet
  facet normal -0.5555702330196047 -0.8314696123025436 0
    outer loop
      vertex 6.812334861241068 19.046936276823555 0.5
      vertex 6.6532400386694635 19.153240038669463 0.5
      vertex 6.6532400386694635 19.153240038669463 0.4024548389919359
    endloop
  endfacet
  facet normal -0.9807852804032311 -0.19509032201612497 0
    outer loop
      vertex 6.546936276823556 19.312334861241066 0.4024548389919359
      vertex 6.546936276823556 19.312334861241066 0.5
      vertex 6.509607359798385 19.5 0.4024548389919359
    endloop
  endfacet
  facet normal -0.9807852804032311 -0.19509032201612497 0
    outer loop
      vertex 6.546936276823556 19.312334861241066 0.5
      vertex 6.509607359798385 19.5 0.5
      vertex 6.509607359798385 19.5 0.4024548389919359
    endloop
  endfacet
  facet normal 0 0 -1
    outer loop
      vertex 6.909880022249132 19.46267108297483 0.009607359798384785
      vertex 6.909880022249132 20.03732891702517 0.009607359798384785
      vertex 6.931025155179264 19.431025155179263 0.009607359798384785
    endloop
  endfacet
  facet normal 0 0 -1
    outer loop
      vertex 6.909880022249132 19.46267108297483 0.009607359798384785
      vertex 6.902454838991936 19.5 0.009607359798384785
      vertex 6.909880022249132 20.03732891702517 0.009607359798384785
    endloop
  endfacet
  facet normal -0.38268343236509034 0 -0.9238795325112865
    outer loop
      vertex 6.902454838991936 19.5 0.009607359798384785
      vertex 6.722214883490199 19.5 0.08426519384872738
      vertex 6.902454838991936 20 0.009607359798384785
    endloop
  endfacet
  facet normal 0 0 -1
    outer loop
      vertex 6.902454838991936 19.5 0.009607359798384785
      vertex 6.902454838991936 20 0.009607359798384785
      vertex 6.909880022249132 20.03732891702517 0.009607359798384785
    endloop
  endfacet
  facet normal -0.3815795311289148 0.07590088788047321 -0.9212144791753947
    outer loop
      vertex 6.902454838991936 20 0.009607359798384785
      vertex 6.743360016420332 20.106303761845908 0.08426519384872738
      vertex 6.909880022249132 20.03732891702517 0.009607359798384785
    endloop
  endfacet
  facet normal -0.3234875065416048 0.21614744150486706 -0.9212144791753956
    outer loop
      vertex 6.909880022249132 20.03732891702517 0.009607359798384785
      vertex 6.743360016420332 20.106303761845908 0.08426519384872738
      vertex 6.931025155179264 20.068974844820737 0.009607359798384785
    endloop
  endfacet
  facet normal 0 0 -1
    outer loop
      vertex 6.962671082974829 19.40988002224913 0.009607359798384785
      vertex 6.909880022249132 20.03732891702517 0.009607359798384785
      vertex 7 19.402454838991936 0.009607359798384785
    endloop
  endfacet
  facet normal 0 0 -1
    outer loop
      vertex 6.962671082974829 19.40988002224913 0.009607359798384785
      vertex 6.931025155179264 19.431025155179263 0.009607359798384785
      vertex 6.909880022249132 20.03732891702517 0.009607359798384785
    endloop
  endfacet
  facet normal 0 0 -1
    outer loop
      vertex 6.909880022249132 20.03732891702517 0.009607359798384785
      vertex 7 20 0.009607359798384785
      vertex 7 19.402454838991936 0.009607359798384785
    endloop
  endfacet
  facet normal 0 0 -1
    outer loop
      vertex 6.909880022249132 20.03732891702517 0.009607359798384785
      vertex 6.931025155179264 20.068974844820737 0.009607359798384785
      vertex 6.962671082974829 20.09011997775087 0.009607359798384785
    endloop
  endfacet
  facet normal 0 0 -1
    outer loop
      vertex 6.909880022249132 20.03732891702517 0.009607359798384785
      vertex 6.962671082974829 20.09011997775087 0.009607359798384785
      vertex 7 20.097545161008064 0.009607359798384785
    endloop
  endfacet
  facet normal -0.38268343236509034 0 -0.9238795325112865
    outer loop
      vertex 6.722214883490199 19.5 0.08426519384872738
      vertex 6.722214883490199 20 0.08426519384872738
      vertex 6.902454838991936 20 0.009607359798384785
    endloop
  endfacet
  facet normal -0.7071067811865468 0 -0.7071067811865482
    outer loop
      vertex 6.722214883490199 19.5 0.08426519384872738
      vertex 6.5842651938487275 19.5 0.2222148834901989
      vertex 6.5842651938487275 20 0.2222148834901989
    endloop
  endfacet
  facet normal -0.7071067811865468 0 -0.7071067811865482
    outer loop
      vertex 6.722214883490199 19.5 0.08426519384872738
      vertex 6.5842651938487275 20 0.2222148834901989
      vertex 6.722214883490199 20 0.08426519384872738
    endloop
  endfacet
  facet normal -0.38157953112891607 0.07590088788047102 -0.9212144791753941
    outer loop
      vertex 6.902454838991936 20 0.009607359798384785
      vertex 6.722214883490199 20 0.08426519384872738
      vertex 6.743360016420332 20.106303761845908 0.08426519384872738
    endloop
  endfacet
  facet normal -0.7002145072825526 0.1392813253171504 -0.7002145072825541
    outer loop
      vertex 6.722214883490199 20 0.08426519384872738
      vertex 6.5842651938487275 20 0.2222148834901989
      vertex 6.743360016420332 20.106303761845908 0.08426519384872738
    endloop
  endfacet
  facet normal -0.7002145072825534 0.13928132531715265 -0.7002145072825532
    outer loop
      vertex 6.743360016420332 20.106303761845908 0.08426519384872738
      vertex 6.5842651938487275 20 0.2222148834901989
      vertex 6.615911121644292 20.159094822571603 0.2222148834901989
    endloop
  endfacet
  facet normal -0.21614744150488122 0.32348750654160335 -0.9212144791753927
    outer loop
      vertex 6.931025155179264 20.068974844820737 0.009607359798384785
      vertex 6.803576260403225 20.196423739596774 0.08426519384872738
      vertex 6.962671082974829 20.09011997775087 0.009607359798384785
    endloop
  endfacet
  facet normal -0.07590088788045538 0.3815795311289165 -0.9212144791753953
    outer loop
      vertex 6.962671082974829 20.09011997775087 0.009607359798384785
      vertex 7 20.2777851165098 0.08426519384872738
      vertex 7 20.097545161008064 0.009607359798384785
    endloop
  endfacet
  facet normal -0.32348750654160086 0.21614744150488252 -0.9212144791753932
    outer loop
      vertex 6.931025155179264 20.068974844820737 0.009607359798384785
      vertex 6.743360016420332 20.106303761845908 0.08426519384872738
      vertex 6.803576260403225 20.196423739596774 0.08426519384872738
    endloop
  endfacet
  facet normal -0.21614744150488058 0.3234875065416042 -0.9212144791753926
    outer loop
      vertex 6.962671082974829 20.09011997775087 0.009607359798384785
      vertex 6.803576260403225 20.196423739596774 0.08426519384872738
      vertex 6.893696238154093 20.256639983579667 0.08426519384872738
    endloop
  endfacet
  facet normal -0.5936131960091001 0.3966396567602831 -0.7002145072825515
    outer loop
      vertex 6.743360016420332 20.106303761845908 0.08426519384872738
      vertex 6.615911121644292 20.159094822571603 0.2222148834901989
      vertex 6.70603109939516 20.29396890060484 0.2222148834901989
    endloop
  endfacet
  facet normal -0.5936131960090928 0.3966396567602874 -0.7002145072825553
    outer loop
      vertex 6.743360016420332 20.106303761845908 0.08426519384872738
      vertex 6.70603109939516 20.29396890060484 0.2222148834901989
      vertex 6.803576260403225 20.196423739596774 0.08426519384872738
    endloop
  endfacet
  facet normal -0.3966396567602817 0.593613196009096 -0.700214507282556
    outer loop
      vertex 6.803576260403225 20.196423739596774 0.08426519384872738
      vertex 6.840905177428396 20.38408887835571 0.2222148834901989
      vertex 6.893696238154093 20.256639983579667 0.08426519384872738
    endloop
  endfacet
  facet normal -0.3966396567602852 0.5936131960090953 -0.7002145072825542
    outer loop
      vertex 6.803576260403225 20.196423739596774 0.08426519384872738
      vertex 6.70603109939516 20.29396890060484 0.2222148834901989
      vertex 6.840905177428396 20.38408887835571 0.2222148834901989
    endloop
  endfacet
  facet normal -0.13928132531715856 0.7002145072825481 -0.700214507282557
    outer loop
      vertex 6.893696238154093 20.256639983579667 0.08426519384872738
      vertex 6.840905177428396 20.38408887835571 0.2222148834901989
      vertex 7 20.415734806151274 0.2222148834901989
    endloop
  endfacet
  facet normal -0.07590088788047548 0.3815795311289193 -0.9212144791753925
    outer loop
      vertex 6.962671082974829 20.09011997775087 0.009607359798384785
      vertex 6.893696238154093 20.256639983579667 0.08426519384872738
      vertex 7 20.2777851165098 0.08426519384872738
    endloop
  endfacet
  facet normal -0.13928132531715642 0.7002145072825476 -0.700214507282558
    outer loop
      vertex 6.893696238154093 20.256639983579667 0.08426519384872738
      vertex 7 20.415734806151274 0.2222148834901989
      vertex 7 20.2777851165098 0.08426519384872738
    endloop
  endfacet
  facet normal -0.9238795325112865 0 -0.38268343236509045
    outer loop
      vertex 6.5842651938487275 19.5 0.2222148834901989
      vertex 6.509607359798385 19.5 0.4024548389919359
      vertex 6.5842651938487275 20 0.2222148834901989
    endloop
  endfacet
  facet normal -0.9238795325112865 0 -0.38268343236509045
    outer loop
      vertex 6.509607359798385 19.5 0.4024548389919359
      vertex 6.509607359798385 20 0.4024548389919359
      vertex 6.5842651938487275 20 0.2222148834901989
    endloop
  endfacet
  facet normal -0.9086633352183309 0.1807443751593708 -0.37638067707860345
    outer loop
      vertex 6.5842651938487275 20 0.2222148834901989
      vertex 6.509607359798385 20 0.4024548389919359
      vertex 6.546936276823556 20.187665138758934 0.4024548389919359
    endloop
  endfacet
  facet normal -0.9086633352183298 0.18074437515937264 -0.3763806770786051
    outer loop
      vertex 6.5842651938487275 20 0.2222148834901989
      vertex 6.546936276823556 20.187665138758934 0.4024548389919359
      vertex 6.615911121644292 20.159094822571603 0.2222148834901989
    endloop
  endfacet
  facet normal -0.7703275794849826 0.5147164328119472 -0.3763806770786088
    outer loop
      vertex 6.615911121644292 20.159094822571603 0.2222148834901989
      vertex 6.546936276823556 20.187665138758934 0.4024548389919359
      vertex 6.70603109939516 20.29396890060484 0.2222148834901989
    endloop
  endfacet
  facet normal -0.7703275794849814 0.5147164328119516 -0.3763806770786052
    outer loop
      vertex 6.70603109939516 20.29396890060484 0.2222148834901989
      vertex 6.546936276823556 20.187665138758934 0.4024548389919359
      vertex 6.6532400386694635 20.346759961330537 0.4024548389919359
    endloop
  endfacet
  facet normal -0.514716432811952 0.7703275794849795 -0.3763806770786086
    outer loop
      vertex 6.70603109939516 20.29396890060484 0.2222148834901989
      vertex 6.6532400386694635 20.346759961330537 0.4024548389919359
      vertex 6.840905177428396 20.38408887835571 0.2222148834901989
    endloop
  endfacet
  facet normal -0.18074437515938127 0.9086633352183272 -0.3763806770786073
    outer loop
      vertex 6.840905177428396 20.38408887835571 0.2222148834901989
      vertex 6.812334861241068 20.453063723176445 0.4024548389919359
      vertex 7 20.415734806151274 0.2222148834901989
    endloop
  endfacet
  facet normal -0.5147164328119495 0.7703275794849826 -0.3763806770786054
    outer loop
      vertex 6.840905177428396 20.38408887835571 0.2222148834901989
      vertex 6.6532400386694635 20.346759961330537 0.4024548389919359
      vertex 6.812334861241068 20.453063723176445 0.4024548389919359
    endloop
  endfacet
  facet normal -0.18074437515937272 0.9086633352183321 -0.37638067707859946
    outer loop
      vertex 7 20.415734806151274 0.2222148834901989
      vertex 6.812334861241068 20.453063723176445 0.4024548389919359
      vertex 7 20.490392640201616 0.4024548389919359
    endloop
  endfacet
  facet normal -0.980785280403231 0.19509032201612495 0
    outer loop
      vertex 6.509607359798385 20 0.4024548389919359
      vertex 6.546936276823556 20.187665138758934 6.312334861241069
      vertex 6.546936276823556 20.187665138758934 0.4024548389919359
    endloop
  endfacet
  facet normal -0.8314696123025421 0.5555702330196068 0
    outer loop
      vertex 6.546936276823556 20.187665138758934 0.4024548389919359
      vertex 6.6532400386694635 20.346759961330537 6.1532400386694635
      vertex 6.6532400386694635 20.346759961330537 0.4024548389919359
    endloop
  endfacet
  facet normal -0.5555702330196047 0.8314696123025437 0
    outer loop
      vertex 6.6532400386694635 20.346759961330537 0.4024548389919359
      vertex 6.812334861241068 20.453063723176445 6.046936276823557
      vertex 6.812334861241068 20.453063723176445 0.4024548389919359
    endloop
  endfacet
  facet normal -0.19509032201612675 0.9807852804032308 1.3339273277636606e-16
    outer loop
      vertex 6.812334861241068 20.453063723176445 0.4024548389919359
      vertex 6.902454838991936 20.47098970129907 6.009607359798385
      vertex 7 20.490392640201616 0.4024548389919359
    endloop
  endfacet
  facet normal -1 0 0
    outer loop
      vertex 6.509607359798385 19.5 0.4024548389919359
      vertex 6.509607359798385 19.5 0.5
      vertex 6.509607359798385 20 6.402454838991936
    endloop
  endfacet
  facet normal -1 0 0
    outer loop
      vertex 6.509607359798385 19.5 0.4024548389919359
      vertex 6.509607359798385 20 6.402454838991936
      vertex 6.509607359798385 20 0.4024548389919359
    endloop
  endfacet
  facet normal -0.21614744150488038 -0.32348750654160396 -0.9212144791753926
    outer loop
      vertex 6.803576260403225 27.303576260403226 -1.9157348061512727
      vertex 6.962671082974829 27.40988002224913 -1.9903926402016152
      vertex 6.893696238154093 27.243360016420333 -1.9157348061512727
    endloop
  endfacet
  facet normal -0.593613196009093 -0.39663965676028745 -0.7002145072825552
    outer loop
      vertex 6.803576260403225 27.303576260403226 -1.9157348061512727
      vertex 6.70603109939516 27.20603109939516 -1.777785116509801
      vertex 6.743360016420332 27.393696238154092 -1.9157348061512727
    endloop
  endfacet
  facet normal -0.39663965676028173 -0.5936131960090961 -0.7002145072825559
    outer loop
      vertex 6.803576260403225 27.303576260403226 -1.9157348061512727
      vertex 6.893696238154093 27.243360016420333 -1.9157348061512727
      vertex 6.840905177428396 27.11591112164429 -1.777785116509801
    endloop
  endfacet
  facet normal -0.07590088788047544 -0.3815795311289191 -0.9212144791753927
    outer loop
      vertex 6.893696238154093 27.243360016420333 -1.9157348061512727
      vertex 6.962671082974829 27.40988002224913 -1.9903926402016152
      vertex 7 27.2222148834902 -1.9157348061512727
    endloop
  endfacet
  facet normal -0.13928132531715645 -0.7002145072825477 -0.7002145072825579
    outer loop
      vertex 6.893696238154093 27.243360016420333 -1.9157348061512727
      vertex 7 27.2222148834902 -1.9157348061512727
      vertex 7 27.084265193848726 -1.777785116509801
    endloop
  endfacet
  facet normal -0.5936131960091002 -0.3966396567602832 -0.7002145072825513
    outer loop
      vertex 6.70603109939516 27.20603109939516 -1.777785116509801
      vertex 6.615911121644292 27.340905177428397 -1.777785116509801
      vertex 6.743360016420332 27.393696238154092 -1.9157348061512727
    endloop
  endfacet
  facet normal -0.13928132531715867 -0.7002145072825483 -0.700214507282557
    outer loop
      vertex 6.893696238154093 27.243360016420333 -1.9157348061512727
      vertex 7 27.084265193848726 -1.777785116509801
      vertex 6.840905177428396 27.11591112164429 -1.777785116509801
    endloop
  endfacet
  facet normal -0.39663965676028534 -0.5936131960090956 -0.7002145072825542
    outer loop
      vertex 6.803576260403225 27.303576260403226 -1.9157348061512727
      vertex 6.840905177428396 27.11591112164429 -1.777785116509801
      vertex 6.70603109939516 27.20603109939516 -1.777785116509801
    endloop
  endfacet
  facet normal -0.7703275794849825 -0.5147164328119472 -0.376380677078609
    outer loop
      vertex 6.70603109939516 27.20603109939516 -1.777785116509801
      vertex 6.546936276823556 27.312334861241066 -1.5975451610080642
      vertex 6.615911121644292 27.340905177428397 -1.777785116509801
    endloop
  endfacet
  facet normal -0.5147164328119519 -0.7703275794849795 -0.3763806770786087
    outer loop
      vertex 6.840905177428396 27.11591112164429 -1.777785116509801
      vertex 6.6532400386694635 27.153240038669463 -1.5975451610080642
      vertex 6.70603109939516 27.20603109939516 -1.777785116509801
    endloop
  endfacet
  facet normal -0.18074437515938124 -0.9086633352183271 -0.37638067707860745
    outer loop
      vertex 6.840905177428396 27.11591112164429 -1.777785116509801
      vertex 7 27.084265193848726 -1.777785116509801
      vertex 6.812334861241068 27.046936276823555 -1.5975451610080642
    endloop
  endfacet
  facet normal -0.21614744150488108 -0.32348750654160335 -0.9212144791753928
    outer loop
      vertex 6.803576260403225 27.303576260403226 -1.9157348061512727
      vertex 6.931025155179264 27.431025155179263 -1.9903926402016152
      vertex 6.962671082974829 27.40988002224913 -1.9903926402016152
    endloop
  endfacet
  facet normal -0.3234875065416046 -0.21614744150486692 -0.9212144791753957
    outer loop
      vertex 6.743360016420332 27.393696238154092 -1.9157348061512727
      vertex 6.909880022249132 27.46267108297483 -1.9903926402016152
      vertex 6.931025155179264 27.431025155179263 -1.9903926402016152
    endloop
  endfacet
  facet normal -0.32348750654160063 -0.21614744150488244 -0.9212144791753933
    outer loop
      vertex 6.803576260403225 27.303576260403226 -1.9157348061512727
      vertex 6.743360016420332 27.393696238154092 -1.9157348061512727
      vertex 6.931025155179264 27.431025155179263 -1.9903926402016152
    endloop
  endfacet
  facet normal -0.38157953112891463 -0.07590088788047315 -0.9212144791753947
    outer loop
      vertex 6.743360016420332 27.393696238154092 -1.9157348061512727
      vertex 6.902454838991936 27.5 -1.9903926402016152
      vertex 6.909880022249132 27.46267108297483 -1.9903926402016152
    endloop
  endfacet
  facet normal -0.38157953112891585 -0.07590088788047096 -0.9212144791753943
    outer loop
      vertex 6.743360016420332 27.393696238154092 -1.9157348061512727
      vertex 6.722214883490199 27.5 -1.9157348061512727
      vertex 6.902454838991936 27.5 -1.9903926402016152
    endloop
  endfacet
  facet normal -0.700214507282553 -0.13928132531715048 -0.700214507282554
    outer loop
      vertex 6.743360016420332 27.393696238154092 -1.9157348061512727
      vertex 6.5842651938487275 27.5 -1.777785116509801
      vertex 6.722214883490199 27.5 -1.9157348061512727
    endloop
  endfacet
  facet normal -0.07590088788045544 -0.3815795311289163 -0.9212144791753955
    outer loop
      vertex 7 27.2222148834902 -1.9157348061512727
      vertex 6.962671082974829 27.40988002224913 -1.9903926402016152
      vertex 7 27.402454838991936 -1.9903926402016152
    endloop
  endfacet
  facet normal 0 0 -1
    outer loop
      vertex 6.909880022249132 27.46267108297483 -1.9903926402016152
      vertex 7 27.402454838991936 -1.9903926402016152
      vertex 6.962671082974829 27.40988002224913 -1.9903926402016152
    endloop
  endfacet
  facet normal 0 0 -1
    outer loop
      vertex 6.909880022249132 27.46267108297483 -1.9903926402016152
      vertex 6.962671082974829 27.40988002224913 -1.9903926402016152
      vertex 6.931025155179264 27.431025155179263 -1.9903926402016152
    endloop
  endfacet
  facet normal -0.7002145072825534 -0.13928132531715273 -0.700214507282553
    outer loop
      vertex 6.743360016420332 27.393696238154092 -1.9157348061512727
      vertex 6.615911121644292 27.340905177428397 -1.777785116509801
      vertex 6.5842651938487275 27.5 -1.777785116509801
    endloop
  endfacet
  facet normal -0.9086633352183296 -0.18074437515937264 -0.37638067707860534
    outer loop
      vertex 6.615911121644292 27.340905177428397 -1.777785116509801
      vertex 6.546936276823556 27.312334861241066 -1.5975451610080642
      vertex 6.5842651938487275 27.5 -1.777785116509801
    endloop
  endfacet
  facet normal -0.7703275794849814 -0.5147164328119516 -0.3763806770786054
    outer loop
      vertex 6.70603109939516 27.20603109939516 -1.777785116509801
      vertex 6.6532400386694635 27.153240038669463 -1.5975451610080642
      vertex 6.546936276823556 27.312334861241066 -1.5975451610080642
    endloop
  endfacet
  facet normal -0.5147164328119495 -0.7703275794849826 -0.3763806770786056
    outer loop
      vertex 6.840905177428396 27.11591112164429 -1.777785116509801
      vertex 6.812334861241068 27.046936276823555 -1.5975451610080642
      vertex 6.6532400386694635 27.153240038669463 -1.5975451610080642
    endloop
  endfacet
  facet normal -0.18074437515937272 -0.908663335218332 -0.3763806770785997
    outer loop
      vertex 7 27.084265193848726 -1.777785116509801
      vertex 7 27.009607359798384 -1.5975451610080642
      vertex 6.812334861241068 27.046936276823555 -1.5975451610080642
    endloop
  endfacet
  facet normal -0.9086633352183308 -0.18074437515937078 -0.3763806770786037
    outer loop
      vertex 6.5842651938487275 27.5 -1.777785116509801
      vertex 6.546936276823556 27.312334861241066 -1.5975451610080642
      vertex 6.509607359798385 27.5 -1.5975451610080642
    endloop
  endfacet
  facet normal -0.8314696123025421 -0.5555702330196068 0
    outer loop
      vertex 6.6532400386694635 27.153240038669463 -1.5975451610080642
      vertex 6.546936276823556 27.312334861241066 -0.4024548389919359
      vertex 6.546936276823556 27.312334861241066 -1.5975451610080642
    endloop
  endfacet
  facet normal -0.5555702330196046 -0.8314696123025436 0
    outer loop
      vertex 6.812334861241068 27.046936276823555 -1.5975451610080642
      vertex 6.812334861241068 27.046936276823555 -0.4024548389919359
      vertex 6.6532400386694635 27.153240038669463 -1.5975451610080642
    endloop
  endfacet
  facet normal -0.19509032201612675 -0.9807852804032308 0
    outer loop
      vertex 6.812334861241068 27.046936276823555 -1.5975451610080642
      vertex 7 27.009607359798384 -1.5975451610080642
      vertex 7 27.009607359798384 -0.4024548389919359
    endloop
  endfacet
  facet normal -0.9807852804032311 -0.19509032201612497 0
    outer loop
      vertex 6.546936276823556 27.312334861241066 -1.5975451610080642
      vertex 6.546936276823556 27.312334861241066 -0.4024548389919359
      vertex 6.509607359798385 27.5 -1.5975451610080642
    endloop
  endfacet
  facet normal -0.19509032201612675 -0.9807852804032308 0
    outer loop
      vertex 6.812334861241068 27.046936276823555 -1.5975451610080642
      vertex 7 27.009607359798384 -0.4024548389919359
      vertex 6.812334861241068 27.046936276823555 -0.4024548389919359
    endloop
  endfacet
  facet normal -0.8314696123025421 -0.5555702330196068 0
    outer loop
      vertex 6.6532400386694635 27.153240038669463 -1.5975451610080642
      vertex 6.6532400386694635 27.153240038669463 -0.4024548389919359
      vertex 6.546936276823556 27.312334861241066 -0.4024548389919359
    endloop
  endfacet
  facet normal -0.5555702330196046 -0.8314696123025436 0
    outer loop
      vertex 6.6532400386694635 27.153240038669463 -1.5975451610080642
      vertex 6.812334861241068 27.046936276823555 -0.4024548389919359
      vertex 6.6532400386694635 27.153240038669463 -0.4024548389919359
    endloop
  endfacet
  facet normal -0.9807852804032311 -0.19509032201612497 0
    outer loop
      vertex 6.509607359798385 27.5 -1.5975451610080642
      vertex 6.546936276823556 27.312334861241066 -0.4024548389919359
      vertex 6.509607359798385 27.5 -0.4024548389919359
    endloop
  endfacet
  facet normal -1 0 0
    outer loop
      vertex 6.509607359798385 27.5 -1.5975451610080642
      vertex 6.509607359798385 27.5 -0.4024548389919359
      vertex 6.509607359798385 31.5 -0.5975451610080641
    endloop
  endfacet
  facet normal -0.7703275794849814 -0.5147164328119516 0.3763806770786052
    outer loop
      vertex 6.6532400386694635 27.153240038669463 -0.4024548389919359
      vertex 6.70603109939516 27.20603109939516 -0.2222148834901989
      vertex 6.546936276823556 27.312334861241066 -0.4024548389919359
    endloop
  endfacet
  facet normal -0.7703275794849826 -0.5147164328119472 0.37638067707860884
    outer loop
      vertex 6.546936276823556 27.312334861241066 -0.4024548389919359
      vertex 6.70603109939516 27.20603109939516 -0.2222148834901989
      vertex 6.615911121644292 27.340905177428397 -0.2222148834901989
    endloop
  endfacet
  facet normal -0.5147164328119496 -0.7703275794849828 0.3763806770786054
    outer loop
      vertex 6.812334861241068 27.046936276823555 -0.4024548389919359
      vertex 6.840905177428396 27.11591112164429 -0.2222148834901989
      vertex 6.6532400386694635 27.153240038669463 -0.4024548389919359
    endloop
  endfacet
  facet normal -0.514716432811952 -0.7703275794849795 0.37638067707860856
    outer loop
      vertex 6.6532400386694635 27.153240038669463 -0.4024548389919359
      vertex 6.840905177428396 27.11591112164429 -0.2222148834901989
      vertex 6.70603109939516 27.20603109939516 -0.2222148834901989
    endloop
  endfacet
  facet normal -0.18074437515938124 -0.9086633352183271 0.3763806770786073
    outer loop
      vertex 6.812334861241068 27.046936276823555 -0.4024548389919359
      vertex 7 27.084265193848726 -0.2222148834901989
      vertex 6.840905177428396 27.11591112164429 -0.2222148834901989
    endloop
  endfacet
  facet normal -0.18074437515937272 -0.9086633352183321 0.37638067707859946
    outer loop
      vertex 6.812334861241068 27.046936276823555 -0.4024548389919359
      vertex 7 27.009607359798384 -0.4024548389919359
      vertex 7 27.084265193848726 -0.2222148834901989
    endloop
  endfacet
  facet normal -0.5936131960091001 -0.3966396567602832 0.7002145072825515
    outer loop
      vertex 6.70603109939516 27.20603109939516 -0.2222148834901989
      vertex 6.743360016420332 27.393696238154092 -0.08426519384872738
      vertex 6.615911121644292 27.340905177428397 -0.2222148834901989
    endloop
  endfacet
  facet normal -0.13928132531715862 -0.7002145072825481 0.7002145072825569
    outer loop
      vertex 6.840905177428396 27.11591112164429 -0.2222148834901989
      vertex 7 27.084265193848726 -0.2222148834901989
      vertex 6.893696238154093 27.243360016420333 -0.08426519384872738
    endloop
  endfacet
  facet normal -0.39663965676028523 -0.5936131960090955 0.7002145072825542
    outer loop
      vertex 6.840905177428396 27.11591112164429 -0.2222148834901989
      vertex 6.803576260403225 27.303576260403226 -0.08426519384872738
      vertex 6.70603109939516 27.20603109939516 -0.2222148834901989
    endloop
  endfacet
  facet normal -0.5936131960090929 -0.39663965676028745 0.7002145072825553
    outer loop
      vertex 6.70603109939516 27.20603109939516 -0.2222148834901989
      vertex 6.803576260403225 27.303576260403226 -0.08426519384872738
      vertex 6.743360016420332 27.393696238154092 -0.08426519384872738
    endloop
  endfacet
  facet normal -0.3966396567602817 -0.5936131960090959 0.700214507282556
    outer loop
      vertex 6.840905177428396 27.11591112164429 -0.2222148834901989
      vertex 6.893696238154093 27.243360016420333 -0.08426519384872738
      vertex 6.803576260403225 27.303576260403226 -0.08426519384872738
    endloop
  endfacet
  facet normal -0.13928132531715645 -0.7002145072825476 0.7002145072825581
    outer loop
      vertex 7 27.084265193848726 -0.2222148834901989
      vertex 7 27.2222148834902 -0.08426519384872738
      vertex 6.893696238154093 27.243360016420333 -0.08426519384872738
    endloop
  endfacet
  facet normal -0.9086633352183309 -0.18074437515937078 0.3763806770786034
    outer loop
      vertex 6.546936276823556 27.312334861241066 -0.4024548389919359
      vertex 6.5842651938487275 27.5 -0.2222148834901989
      vertex 6.509607359798385 27.5 -0.4024548389919359
    endloop
  endfacet
  facet normal -0.9086633352183299 -0.18074437515937264 0.37638067707860523
    outer loop
      vertex 6.546936276823556 27.312334861241066 -0.4024548389919359
      vertex 6.615911121644292 27.340905177428397 -0.2222148834901989
      vertex 6.5842651938487275 27.5 -0.2222148834901989
    endloop
  endfacet
  facet normal -0.7002145072825534 -0.13928132531715262 0.7002145072825532
    outer loop
      vertex 6.615911121644292 27.340905177428397 -0.2222148834901989
      vertex 6.743360016420332 27.393696238154092 -0.08426519384872738
      vertex 6.5842651938487275 27.5 -0.2222148834901989
    endloop
  endfacet
  facet normal -0.7002145072825526 -0.13928132531715032 0.7002145072825541
    outer loop
      vertex 6.5842651938487275 27.5 -0.2222148834901989
      vertex 6.743360016420332 27.393696238154092 -0.08426519384872738
      vertex 6.722214883490199 27.5 -0.08426519384872738
    endloop
  endfacet
  facet normal -0.9238795325112865 0 0.38268343236509045
    outer loop
      vertex 6.509607359798385 27.5 -0.4024548389919359
      vertex 6.5842651938487275 27.5 -0.2222148834901989
      vertex 6.509607359798385 31.5 -0.4024548389919359
    endloop
  endfacet
  facet normal -0.7071067811865468 0 0.7071067811865483
    outer loop
      vertex 6.5842651938487275 27.5 -0.2222148834901989
      vertex 6.722214883490199 27.5 -0.08426519384872738
      vertex 6.722214883490199 31.107152520806448 -0.08426519384872738
    endloop
  endfacet
  facet normal -0.21614744150488055 -0.3234875065416042 0.9212144791753926
    outer loop
      vertex 6.803576260403225 27.303576260403226 -0.08426519384872738
      vertex 6.893696238154093 27.243360016420333 -0.08426519384872738
      vertex 6.962671082974829 27.40988002224913 -0.009607359798384785
    endloop
  endfacet
  facet normal -0.07590088788047548 -0.3815795311289194 0.9212144791753925
    outer loop
      vertex 6.893696238154093 27.243360016420333 -0.08426519384872738
      vertex 7 27.2222148834902 -0.08426519384872738
      vertex 6.962671082974829 27.40988002224913 -0.009607359798384785
    endloop
  endfacet
  facet normal -0.32348750654160086 -0.21614744150488258 0.9212144791753932
    outer loop
      vertex 6.803576260403225 27.303576260403226 -0.08426519384872738
      vertex 6.931025155179264 27.431025155179263 -0.009607359798384785
      vertex 6.743360016420332 27.393696238154092 -0.08426519384872738
    endloop
  endfacet
  facet normal -0.38157953112891607 -0.07590088788047102 0.9212144791753941
    outer loop
      vertex 6.743360016420332 27.393696238154092 -0.08426519384872738
      vertex 6.902454838991936 27.5 -0.009607359798384785
      vertex 6.722214883490199 27.5 -0.08426519384872738
    endloop
  endfacet
  facet normal -0.21614744150488127 -0.32348750654160335 0.9212144791753927
    outer loop
      vertex 6.803576260403225 27.303576260403226 -0.08426519384872738
      vertex 6.962671082974829 27.40988002224913 -0.009607359798384785
      vertex 6.931025155179264 27.431025155179263 -0.009607359798384785
    endloop
  endfacet
  facet normal -0.3234875065416049 -0.21614744150486712 0.9212144791753956
    outer loop
      vertex 6.743360016420332 27.393696238154092 -0.08426519384872738
      vertex 6.931025155179264 27.431025155179263 -0.009607359798384785
      vertex 6.909880022249132 27.46267108297483 -0.009607359798384785
    endloop
  endfacet
  facet normal -0.3815795311289148 -0.07590088788047315 0.9212144791753947
    outer loop
      vertex 6.743360016420332 27.393696238154092 -0.08426519384872738
      vertex 6.909880022249132 27.46267108297483 -0.009607359798384785
      vertex 6.902454838991936 27.5 -0.009607359798384785
    endloop
  endfacet
  facet normal -0.07590088788045544 -0.3815795311289165 0.9212144791753953
    outer loop
      vertex 7 27.2222148834902 -0.08426519384872738
      vertex 7 27.402454838991936 -0.009607359798384785
      vertex 6.962671082974829 27.40988002224913 -0.009607359798384785
    endloop
  endfacet
  facet normal 0 0 1
    outer loop
      vertex 6.909880022249132 27.46267108297483 -0.009607359798384785
      vertex 6.962671082974829 27.40988002224913 -0.009607359798384785
      vertex 7 27.402454838991936 -0.009607359798384785
    endloop
  endfacet
  facet normal 0 0 1
    outer loop
      vertex 6.909880022249132 27.46267108297483 -0.009607359798384785
      vertex 6.931025155179264 27.431025155179263 -0.009607359798384785
      vertex 6.962671082974829 27.40988002224913 -0.009607359798384785
    endloop
  endfacet
  facet normal -0.3826834323650903 0 0.9238795325112866
    outer loop
      vertex 6.722214883490199 27.5 -0.08426519384872738
      vertex 6.902454838991936 27.5 -0.009607359798384785
      vertex 6.722214883490199 31.107152520806448 -0.08426519384872738
    endloop
  endfacet
  facet normal 0 0 1
    outer loop
      vertex 6.909880022249132 27.46267108297483 -0.009607359798384785
      vertex 6.902454838991936 31.02901029870093 -0.009607359798384785
      vertex 6.902454838991936 27.5 -0.009607359798384785
    endloop
  endfacet
  facet normal 0 0 -1
    outer loop
      vertex 6.909880022249132 27.46267108297483 -1.9903926402016152
      vertex 6.902454838991936 27.5 -1.9903926402016152
      vertex 6.902454838991936 32.5 -1.9903926402016152
    endloop
  endfacet
  facet normal -0.38268343236509006 0 -0.9238795325112866
    outer loop
      vertex 6.902454838991936 27.5 -1.9903926402016152
      vertex 6.722214883490199 27.5 -1.9157348061512727
      vertex 6.722214883490199 32.5 -1.9157348061512727
    endloop
  endfacet
  facet normal -0.707106781186547 0 -0.7071067811865481
    outer loop
      vertex 6.722214883490199 27.5 -1.9157348061512727
      vertex 6.5842651938487275 27.5 -1.777785116509801
      vertex 6.722214883490199 32.5 -1.9157348061512727
    endloop
  endfacet
  facet normal -0.9238795325112864 0 -0.3826834323650906
    outer loop
      vertex 6.5842651938487275 27.5 -1.777785116509801
      vertex 6.509607359798385 27.5 -1.5975451610080642
      vertex 6.509607359798385 32.5 -1.5975451610080642
    endloop
  endfacet
  facet normal 0 0 -1
    outer loop
      vertex 6.909880022249132 27.46267108297483 -1.9903926402016152
      vertex 6.902454838991936 32.5 -1.9903926402016152
      vertex 6.909880022249132 32.53732891702517 -1.9903926402016152
    endloop
  endfacet
  facet normal 0 0 -1
    outer loop
      vertex 6.909880022249132 27.46267108297483 -1.9903926402016152
      vertex 6.909880022249132 32.53732891702517 -1.9903926402016152
      vertex 6.931025155179264 32.56897484482074 -1.9903926402016152
    endloop
  endfacet
  facet normal -0.38268343236509006 0 -0.9238795325112866
    outer loop
      vertex 6.902454838991936 27.5 -1.9903926402016152
      vertex 6.722214883490199 32.5 -1.9157348061512727
      vertex 6.902454838991936 32.5 -1.9903926402016152
    endloop
  endfacet
  facet normal 0 0 -1
    outer loop
      vertex 6.909880022249132 27.46267108297483 -1.9903926402016152
      vertex 6.931025155179264 32.56897484482074 -1.9903926402016152
      vertex 6.962671082974829 32.59011997775087 -1.9903926402016152
    endloop
  endfacet
  facet normal 0 0 -1
    outer loop
      vertex 6.909880022249132 27.46267108297483 -1.9903926402016152
      vertex 6.962671082974829 32.59011997775087 -1.9903926402016152
      vertex 7 32.597545161008064 -1.9903926402016152
    endloop
  endfacet
  facet normal -0.707106781186547 0 -0.7071067811865481
    outer loop
      vertex 6.5842651938487275 27.5 -1.777785116509801
      vertex 6.5842651938487275 32.5 -1.777785116509801
      vertex 6.722214883490199 32.5 -1.9157348061512727
    endloop
  endfacet
  facet normal -0.9238795325112864 0 -0.3826834323650906
    outer loop
      vertex 6.5842651938487275 27.5 -1.777785116509801
      vertex 6.509607359798385 32.5 -1.5975451610080642
      vertex 6.5842651938487275 32.5 -1.777785116509801
    endloop
  endfacet
  facet normal -1 0 0
    outer loop
      vertex 6.509607359798385 27.5 -1.5975451610080642
      vertex 6.509607359798385 32.5 -0.5975451610080641
      vertex 6.509607359798385 32.5 -1.5975451610080642
    endloop
  endfacet
  facet normal -1 0 0
    outer loop
      vertex 6.509607359798385 27.5 -1.5975451610080642
      vertex 6.509607359798385 31.5 -0.5975451610080641
      vertex 6.509607359798385 32.5 -0.5975451610080641
    endloop
  endfacet
  facet normal -0.3815795311289145 0.07590088788047315 -0.9212144791753947
    outer loop
      vertex 6.902454838991936 32.5 -1.9903926402016152
      vertex 6.743360016420332 32.60630376184591 -1.9157348061512727
      vertex 6.909880022249132 32.53732891702517 -1.9903926402016152
    endloop
  endfacet
  facet normal -0.32348750654160463 0.21614744150486692 -0.9212144791753957
    outer loop
      vertex 6.909880022249132 32.53732891702517 -1.9903926402016152
      vertex 6.743360016420332 32.60630376184591 -1.9157348061512727
      vertex 6.931025155179264 32.56897484482074 -1.9903926402016152
    endloop
  endfacet
  facet normal -0.38157953112891585 0.07590088788047095 -0.9212144791753943
    outer loop
      vertex 6.902454838991936 32.5 -1.9903926402016152
      vertex 6.722214883490199 32.5 -1.9157348061512727
      vertex 6.743360016420332 32.60630376184591 -1.9157348061512727
    endloop
  endfacet
  facet normal -0.32348750654160063 0.21614744150488244 -0.9212144791753933
    outer loop
      vertex 6.743360016420332 32.60630376184591 -1.9157348061512727
      vertex 6.803576260403225 32.696423739596774 -1.9157348061512727
      vertex 6.931025155179264 32.56897484482074 -1.9903926402016152
    endloop
  endfacet
  facet normal -0.21614744150488036 0.3234875065416039 -0.9212144791753928
    outer loop
      vertex 6.803576260403225 32.696423739596774 -1.9157348061512727
      vertex 6.893696238154093 32.75663998357967 -1.9157348061512727
      vertex 6.931025155179264 32.56897484482074 -1.9903926402016152
    endloop
  endfacet
  facet normal -0.7002145072825529 0.13928132531715046 -0.700214507282554
    outer loop
      vertex 6.722214883490199 32.5 -1.9157348061512727
      vertex 6.5842651938487275 32.5 -1.777785116509801
      vertex 6.743360016420332 32.60630376184591 -1.9157348061512727
    endloop
  endfacet
  facet normal -0.593613196009093 0.39663965676028745 -0.7002145072825552
    outer loop
      vertex 6.743360016420332 32.60630376184591 -1.9157348061512727
      vertex 6.70603109939516 32.79396890060484 -1.777785116509801
      vertex 6.803576260403225 32.696423739596774 -1.9157348061512727
    endloop
  endfacet
  facet normal -0.3966396567602828 0.5936131960090977 -0.700214507282554
    outer loop
      vertex 6.803576260403225 32.696423739596774 -1.9157348061512727
      vertex 6.70603109939516 32.79396890060484 -1.777785116509801
      vertex 6.893696238154093 32.75663998357967 -1.9157348061512727
    endloop
  endfacet
  facet normal -0.1392813253171805 0.700214507282551 -0.7002145072825497
    outer loop
      vertex 6.893696238154093 32.75663998357967 -1.9157348061512727
      vertex 6.840905177428396 32.884088878355705 -1.777785116509801
      vertex 7 32.777785116509804 -1.9157348061512727
    endloop
  endfacet
  facet normal -0.2161474415048505 0.3234875065416115 -0.9212144791753971
    outer loop
      vertex 6.893696238154093 32.75663998357967 -1.9157348061512727
      vertex 6.962671082974829 32.59011997775087 -1.9903926402016152
      vertex 6.931025155179264 32.56897484482074 -1.9903926402016152
    endloop
  endfacet
  facet normal -0.07590088788048965 0.38157953112890663 -0.9212144791753965
    outer loop
      vertex 6.893696238154093 32.75663998357967 -1.9157348061512727
      vertex 7 32.597545161008064 -1.9903926402016152
      vertex 6.962671082974829 32.59011997775087 -1.9903926402016152
    endloop
  endfacet
  facet normal -0.07590088788048617 0.3815795311289089 -0.9212144791753959
    outer loop
      vertex 6.893696238154093 32.75663998357967 -1.9157348061512727
      vertex 7 32.777785116509804 -1.9157348061512727
      vertex 7 32.597545161008064 -1.9903926402016152
    endloop
  endfacet
  facet normal -0.7002145072825534 0.13928132531715273 -0.700214507282553
    outer loop
      vertex 6.743360016420332 32.60630376184591 -1.9157348061512727
      vertex 6.5842651938487275 32.5 -1.777785116509801
      vertex 6.615911121644292 32.6590948225716 -1.777785116509801
    endloop
  endfacet
  facet normal -0.5936131960091003 0.39663965676028323 -0.7002145072825515
    outer loop
      vertex 6.743360016420332 32.60630376184591 -1.9157348061512727
      vertex 6.615911121644292 32.6590948225716 -1.777785116509801
      vertex 6.70603109939516 32.79396890060484 -1.777785116509801
    endloop
  endfacet
  facet normal -0.9086633352183305 0.1807443751593728 -0.3763806770786035
    outer loop
      vertex 6.5842651938487275 32.5 -1.777785116509801
      vertex 6.509607359798385 32.5 -1.5975451610080642
      vertex 6.615911121644292 32.6590948225716 -1.777785116509801
    endloop
  endfacet
  facet normal -0.7703275794849854 0.5147164328119491 -0.37638067707860023
    outer loop
      vertex 6.615911121644292 32.6590948225716 -1.777785116509801
      vertex 6.546936276823556 32.68766513875893 -1.5975451610080642
      vertex 6.70603109939516 32.79396890060484 -1.777785116509801
    endloop
  endfacet
  facet normal -0.3966396567602773 0.5936131960091071 -0.700214507282549
    outer loop
      vertex 6.893696238154093 32.75663998357967 -1.9157348061512727
      vertex 6.70603109939516 32.79396890060484 -1.777785116509801
      vertex 6.840905177428396 32.884088878355705 -1.777785116509801
    endloop
  endfacet
  facet normal -0.5147164328119384 0.7703275794849896 -0.37638067707860656
    outer loop
      vertex 6.70603109939516 32.79396890060484 -1.777785116509801
      vertex 6.812334861241068 32.95306372317644 -1.5975451610080642
      vertex 6.840905177428396 32.884088878355705 -1.777785116509801
    endloop
  endfacet
  facet normal -0.18074437515938124 0.9086633352183271 -0.37638067707860745
    outer loop
      vertex 6.840905177428396 32.884088878355705 -1.777785116509801
      vertex 6.812334861241068 32.95306372317644 -1.5975451610080642
      vertex 7 32.91573480615127 -1.777785116509801
    endloop
  endfacet
  facet normal -0.13928132531716203 0.7002145072825653 -0.7002145072825393
    outer loop
      vertex 7 32.777785116509804 -1.9157348061512727
      vertex 6.840905177428396 32.884088878355705 -1.777785116509801
      vertex 7 32.91573480615127 -1.777785116509801
    endloop
  endfacet
  facet normal -0.9086633352183305 0.18074437515937414 -0.37638067707860234
    outer loop
      vertex 6.615911121644292 32.6590948225716 -1.777785116509801
      vertex 6.509607359798385 32.5 -1.5975451610080642
      vertex 6.546936276823556 32.68766513875893 -1.5975451610080642
    endloop
  endfacet
  facet normal -0.7703275794849843 0.5147164328119535 -0.3763806770785966
    outer loop
      vertex 6.70603109939516 32.79396890060484 -1.777785116509801
      vertex 6.546936276823556 32.68766513875893 -1.5975451610080642
      vertex 6.6532400386694635 32.846759961330534 -1.5975451610080642
    endloop
  endfacet
  facet normal -0.5147164328119517 0.7703275794849862 -0.37638067707859546
    outer loop
      vertex 6.70603109939516 32.79396890060484 -1.777785116509801
      vertex 6.6532400386694635 32.846759961330534 -1.5975451610080642
      vertex 6.812334861241068 32.95306372317644 -1.5975451610080642
    endloop
  endfacet
  facet normal -0.18074437515937272 0.908663335218332 -0.3763806770785997
    outer loop
      vertex 7 32.91573480615127 -1.777785116509801
      vertex 6.812334861241068 32.95306372317644 -1.5975451610080642
      vertex 7 32.99039264020161 -1.5975451610080642
    endloop
  endfacet
  facet normal -0.9807852804032304 0.19509032201612853 0
    outer loop
      vertex 6.509607359798385 32.5 -1.5975451610080642
      vertex 6.546936276823556 32.68766513875893 -0.5975451610080641
      vertex 6.546936276823556 32.68766513875893 -1.5975451610080642
    endloop
  endfacet
  facet normal -0.8314696123025422 0.5555702330196068 0
    outer loop
      vertex 6.546936276823556 32.68766513875893 -1.5975451610080642
      vertex 6.6532400386694635 32.846759961330534 -0.5975451610080641
      vertex 6.6532400386694635 32.846759961330534 -1.5975451610080642
    endloop
  endfacet
  facet normal -0.5555702330196047 0.8314696123025436 0
    outer loop
      vertex 6.6532400386694635 32.846759961330534 -1.5975451610080642
      vertex 6.812334861241068 32.95306372317644 -0.5975451610080641
      vertex 6.812334861241068 32.95306372317644 -1.5975451610080642
    endloop
  endfacet
  facet normal -0.19509032201612675 0.9807852804032308 0
    outer loop
      vertex 6.812334861241068 32.95306372317644 -1.5975451610080642
      vertex 7 32.99039264020161 -0.5975451610080641
      vertex 7 32.99039264020161 -1.5975451610080642
    endloop
  endfacet
  facet normal -0.9807852804032304 0.19509032201612853 0
    outer loop
      vertex 6.509607359798385 32.5 -1.5975451610080642
      vertex 6.509607359798385 32.5 -0.5975451610080641
      vertex 6.546936276823556 32.68766513875893 -0.5975451610080641
    endloop
  endfacet
  facet normal -0.8314696123025422 0.5555702330196068 0
    outer loop
      vertex 6.546936276823556 32.68766513875893 -1.5975451610080642
      vertex 6.546936276823556 32.68766513875893 -0.5975451610080641
      vertex 6.6532400386694635 32.846759961330534 -0.5975451610080641
    endloop
  endfacet
  facet normal -0.5555702330196047 0.8314696123025436 0
    outer loop
      vertex 6.6532400386694635 32.846759961330534 -1.5975451610080642
      vertex 6.6532400386694635 32.846759961330534 -0.5975451610080641
      vertex 6.812334861241068 32.95306372317644 -0.5975451610080641
    endloop
  endfacet
  facet normal -0.19509032201613413 0.9807852804032292 0
    outer loop
      vertex 6.812334861241068 32.95306372317644 -1.5975451610080642
      vertex 6.812334861241068 32.95306372317644 -0.5975451610080641
      vertex 6.969364949512839 32.98429894978442 -0.5975451610080641
    endloop
  endfacet
  facet normal -0.19509032201608878 0.9807852804032383 -7.386475059092713e-15
    outer loop
      vertex 6.812334861241068 32.95306372317644 -1.5975451610080642
      vertex 6.969364949512839 32.98429894978442 -0.5975451610080641
      vertex 7 32.99039264020161 -0.5975451610080641
    endloop
  endfacet
  facet normal -1 0 0
    outer loop
      vertex 6.509607359798385 27.5 -0.4024548389919359
      vertex 6.509607359798385 31.5 -0.4024548389919359
      vertex 6.509607359798385 31.5 -0.5975451610080641
    endloop
  endfacet
  facet normal -0.9238795325112865 -4.9063224343610785e-18 0.38268343236509045
    outer loop
      vertex 6.5842651938487275 27.5 -0.2222148834901989
      vertex 6.546936276823556 31.312334861241066 -0.31233486124106846
      vertex 6.509607359798385 31.5 -0.4024548389919359
    endloop
  endfacet
  facet normal -0.9238795325112864 0 0.3826834323650905
    outer loop
      vertex 6.5842651938487275 27.5 -0.2222148834901989
      vertex 6.5842651938487275 31.25646818890713 -0.2222148834901989
      vertex 6.546936276823556 31.312334861241066 -0.31233486124106846
    endloop
  endfacet
  facet normal -0.7071067811865469 0 0.7071067811865482
    outer loop
      vertex 6.5842651938487275 27.5 -0.2222148834901989
      vertex 6.6532400386694635 31.153240038669463 -0.15324003866946315
      vertex 6.5842651938487275 31.25646818890713 -0.2222148834901989
    endloop
  endfacet
  facet normal -0.7071067811865468 0 0.707106781186548
    outer loop
      vertex 6.5842651938487275 27.5 -0.2222148834901989
      vertex 6.722214883490199 31.107152520806448 -0.08426519384872738
      vertex 6.6532400386694635 31.153240038669463 -0.15324003866946315
    endloop
  endfacet
  facet normal -0.38268343236509034 0 0.9238795325112865
    outer loop
      vertex 6.902454838991936 27.5 -0.009607359798384785
      vertex 6.812334861241068 31.046936276823555 -0.04693627682355608
      vertex 6.722214883490199 31.107152520806448 -0.08426519384872738
    endloop
  endfacet
  facet normal -0.38268343236509034 0 0.9238795325112865
    outer loop
      vertex 6.902454838991936 27.5 -0.009607359798384785
      vertex 6.902454838991936 31.02901029870093 -0.009607359798384785
      vertex 6.812334861241068 31.046936276823555 -0.04693627682355608
    endloop
  endfacet
  facet normal 0 0 1
    outer loop
      vertex 6.909880022249132 27.46267108297483 -0.009607359798384785
      vertex 7 31.009607359798384 -0.009607359798384785
      vertex 6.902454838991936 31.02901029870093 -0.009607359798384785
    endloop
  endfacet
  facet normal -0.5555702330196047 0.8314696123025436 -8.550720058781754e-15
    outer loop
      vertex 6.6532400386694635 32.846759961330534 -0.5975451610080641
      vertex 6.808547488686648 32.95053308174174 -0.4024548389919359
      vertex 6.812334861241068 32.95306372317644 -0.5975451610080641
    endloop
  endfacet
  facet normal -0.5555702330192996 0.8314696123027474 0
    outer loop
      vertex 6.812334861241068 32.95306372317644 -0.5975451610080641
      vertex 6.808547488686648 32.95053308174174 -0.4024548389919359
      vertex 6.812334861241068 32.95306372317644 -0.4024548389919359
    endloop
  endfacet
  facet normal -0.19509032201608878 0.9807852804032383 0
    outer loop
      vertex 6.969364949512839 32.98429894978442 -0.5975451610080641
      vertex 7 32.99039264020161 -0.4024548389919359
      vertex 7 32.99039264020161 -0.5975451610080641
    endloop
  endfacet
  facet normal -0.8314696123025463 -0.5555702330196006 0
    outer loop
      vertex 6.546936276823556 31.312334861241066 -0.31233486124106846
      vertex 6.5842651938487275 31.25646818890713 -0.2222148834901989
      vertex 6.5842651938487275 31.25646818890713 6.222214883490199
    endloop
  endfacet
  facet normal -0.9807852804032312 -0.19509032201612497 0
    outer loop
      vertex 6.546936276823556 31.312334861241066 -0.31233486124106846
      vertex 6.509607359798385 31.5 6.402454838991936
      vertex 6.509607359798385 31.5 -0.4024548389919359
    endloop
  endfacet
  facet normal -0.5555702330196052 -0.8314696123025433 0
    outer loop
      vertex 6.6532400386694635 31.153240038669463 -0.15324003866946315
      vertex 6.722214883490199 31.107152520806448 -0.08426519384872738
      vertex 6.6532400386694635 31.153240038669463 6.1532400386694635
    endloop
  endfacet
  facet normal -0.19509032201611873 -0.9807852804032324 0
    outer loop
      vertex 6.812334861241068 31.046936276823555 -0.04693627682355608
      vertex 6.902454838991936 31.02901029870093 -0.009607359798384785
      vertex 6.902454838991936 31.02901029870093 6.009607359798385
    endloop
  endfacet
  facet normal -0.5555702330196044 -0.8314696123025439 1.2771148042785151e-17
    outer loop
      vertex 6.812334861241068 31.046936276823555 -0.04693627682355608
      vertex 6.6532400386694635 31.153240038669463 6.1532400386694635
      vertex 6.722214883490199 31.107152520806448 -0.08426519384872738
    endloop
  endfacet
  facet normal -0.8314696123025399 -0.5555702330196102 0
    outer loop
      vertex 6.6532400386694635 31.153240038669463 -0.15324003866946315
      vertex 6.5842651938487275 31.25646818890713 6.222214883490199
      vertex 6.5842651938487275 31.25646818890713 -0.2222148834901989
    endloop
  endfacet
  facet normal -0.19509032201613413 -0.9807852804032293 0
    outer loop
      vertex 6.902454838991936 31.02901029870093 -0.009607359798384785
      vertex 7 31.009607359798384 -0.009607359798384785
      vertex 6.902454838991936 31.02901029870093 6.009607359798385
    endloop
  endfacet
  facet normal -1 0 0
    outer loop
      vertex 6.509607359798385 31.5 -0.5975451610080641
      vertex 6.509607359798385 31.5 -0.4024548389919359
      vertex 6.509607359798385 32.5 7.597545161008064
    endloop
  endfacet
  facet normal -1 0 0
    outer loop
      vertex 6.509607359798385 31.5 -0.5975451610080641
      vertex 6.509607359798385 32.5 7.597545161008064
      vertex 6.509607359798385 32.5 -0.5975451610080641
    endloop
  endfacet
  facet normal -0.9807852804032304 0.19509032201612853 0
    outer loop
      vertex 6.509607359798385 32.5 -0.5975451610080641
      vertex 6.546936276823556 32.68766513875893 7.597545161008064
      vertex 6.546936276823556 32.68766513875893 -0.5975451610080641
    endloop
  endfacet
  facet normal -0.8314696123025422 0.5555702330196068 0
    outer loop
      vertex 6.546936276823556 32.68766513875893 -0.5975451610080641
      vertex 6.546936276823556 32.68766513875893 7.597545161008064
      vertex 6.6532400386694635 32.846759961330534 -0.5975451610080641
    endloop
  endfacet
  facet normal -0.5555702330196121 0.8314696123025387 0
    outer loop
      vertex 6.6532400386694635 32.846759961330534 -0.5975451610080641
      vertex 6.6532400386694635 32.846759961330534 7.597545161008064
      vertex 6.808547488686648 32.95053308174174 -0.4024548389919359
    endloop
  endfacet
  facet normal -0.19509032201612675 0.9807852804032308 0
    outer loop
      vertex 6.812334861241068 32.95306372317644 -0.5975451610080641
      vertex 6.812334861241068 32.95306372317644 -0.4024548389919359
      vertex 7 32.99039264020161 7.597545161008064
    endloop
  endfacet
  facet normal -0.19509032201613413 0.9807852804032292 1.7584062422975081e-16
    outer loop
      vertex 6.812334861241068 32.95306372317644 -0.5975451610080641
      vertex 7 32.99039264020161 7.597545161008064
      vertex 6.969364949512839 32.98429894978442 -0.5975451610080641
    endloop
  endfacet
  facet normal -0.19509032201608878 0.9807852804032383 0
    outer loop
      vertex 6.969364949512839 32.98429894978442 -0.5975451610080641
      vertex 7 32.99039264020161 7.597545161008064
      vertex 7 32.99039264020161 -0.4024548389919359
    endloop
  endfacet
  facet normal -0.5555702330192996 0.8314696123027474 0
    outer loop
      vertex 6.808547488686648 32.95053308174174 -0.4024548389919359
      vertex 6.812334861241068 32.95306372317644 7.597545161008064
      vertex 6.812334861241068 32.95306372317644 -0.4024548389919359
    endloop
  endfacet
  facet normal 0 0 -1
    outer loop
      vertex 6.909880022249132 20.03732891702517 0.009607359798384785
      vertex 52 20 0.009607359798384785
      vertex 7 20 0.009607359798384785
    endloop
  endfacet
  facet normal 0 0 -1
    outer loop
      vertex 6.909880022249132 20.03732891702517 0.009607359798384785
      vertex 7 20.097545161008064 0.009607359798384785
      vertex 52 20.097545161008064 0.009607359798384785
    endloop
  endfacet
  facet normal 0 0.3826834323650903 -0.9238795325112865
    outer loop
      vertex 7 20.097545161008064 0.009607359798384785
      vertex 7 20.2777851165098 0.08426519384872738
      vertex 52 20.2777851165098 0.08426519384872738
    endloop
  endfacet
  facet normal 0 0.7071067811865422 -0.7071067811865528
    outer loop
      vertex 7 20.2777851165098 0.08426519384872738
      vertex 7 20.415734806151274 0.2222148834901989
      vertex 52 20.415734806151274 0.2222148834901989
    endloop
  endfacet
  facet normal 0 0.923879532511288 -0.38268343236508656
    outer loop
      vertex 7 20.415734806151274 0.2222148834901989
      vertex 7 20.490392640201616 0.4024548389919359
      vertex 52 20.415734806151274 0.2222148834901989
    endloop
  endfacet
  facet normal 0 -1 0
    outer loop
      vertex 7 19.009607359798384 1
      vertex 52 19.009607359798384 1
      vertex 7 19.009607359798384 5.5
    endloop
  endfacet
  facet normal 0 -0.923879532511288 -0.3826834323650867
    outer loop
      vertex 7 27.084265193848726 -1.777785116509801
      vertex 52 27.084265193848726 -1.777785116509801
      vertex 7 27.009607359798384 -1.5975451610080642
    endloop
  endfacet
  facet normal 0 -0.7071067811865425 -0.7071067811865527
    outer loop
      vertex 7 27.2222148834902 -1.9157348061512727
      vertex 52 27.084265193848726 -1.777785116509801
      vertex 7 27.084265193848726 -1.777785116509801
    endloop
  endfacet
  facet normal 0 -0.3826834323650901 -0.9238795325112867
    outer loop
      vertex 7 27.2222148834902 -1.9157348061512727
      vertex 7 27.402454838991936 -1.9903926402016152
      vertex 52 27.402454838991936 -1.9903926402016152
    endloop
  endfacet
  facet normal 0 0 -1
    outer loop
      vertex 6.909880022249132 27.46267108297483 -1.9903926402016152
      vertex 52 27.402454838991936 -1.9903926402016152
      vertex 7 27.402454838991936 -1.9903926402016152
    endloop
  endfacet
  facet normal 0 -1 0
    outer loop
      vertex 7 27.009607359798384 -1.5975451610080642
      vertex 52 27.009607359798384 -1.5975451610080642
      vertex 7 27.009607359798384 -0.4024548389919359
    endloop
  endfacet
  facet normal 0 -0.923879532511288 0.38268343236508656
    outer loop
      vertex 7 27.009607359798384 -0.4024548389919359
      vertex 52 27.084265193848726 -0.2222148834901989
      vertex 7 27.084265193848726 -0.2222148834901989
    endloop
  endfacet
  facet normal 0 -0.7071067811865422 0.7071067811865528
    outer loop
      vertex 7 27.084265193848726 -0.2222148834901989
      vertex 52 27.084265193848726 -0.2222148834901989
      vertex 7 27.2222148834902 -0.08426519384872738
    endloop
  endfacet
  facet normal 0 -0.3826834323650903 0.9238795325112865
    outer loop
      vertex 7 27.2222148834902 -0.08426519384872738
      vertex 52 27.402454838991936 -0.009607359798384785
      vertex 7 27.402454838991936 -0.009607359798384785
    endloop
  endfacet
  facet normal 0 0 1
    outer loop
      vertex 6.909880022249132 27.46267108297483 -0.009607359798384785
      vertex 7 27.402454838991936 -0.009607359798384785
      vertex 52 27.402454838991936 -0.009607359798384785
    endloop
  endfacet
  facet normal 0 0 1
    outer loop
      vertex 6.909880022249132 27.46267108297483 -0.009607359798384785
      vertex 52.097545161008064 27.5 -0.009607359798384785
      vertex 7 31.009607359798384 -0.009607359798384785
    endloop
  endfacet
  facet normal 0 0 -1
    outer loop
      vertex 6.909880022249132 27.46267108297483 -1.9903926402016152
      vertex 7 32.597545161008064 -1.9903926402016152
      vertex 52 32.597545161008064 -1.9903926402016152
    endloop
  endfacet
  facet normal 0 0.3826834323650836 -0.9238795325112892
    outer loop
      vertex 7 32.597545161008064 -1.9903926402016152
      vertex 7 32.777785116509804 -1.9157348061512727
      vertex 52 32.777785116509804 -1.9157348061512727
    endloop
  endfacet
  facet normal 0 0.7071067811865607 -0.7071067811865344
    outer loop
      vertex 7 32.777785116509804 -1.9157348061512727
      vertex 7 32.91573480615127 -1.777785116509801
      vertex 52 32.777785116509804 -1.9157348061512727
    endloop
  endfacet
  facet normal 0 0.923879532511288 -0.3826834323650867
    outer loop
      vertex 7 32.91573480615127 -1.777785116509801
      vertex 7 32.99039264020161 -1.5975451610080642
      vertex 52 32.99039264020161 -1.5975451610080642
    endloop
  endfacet
  facet normal 0 1 0
    outer loop
      vertex 7 32.99039264020161 -1.5975451610080642
      vertex 7 32.99039264020161 -0.5975451610080641
      vertex 52 32.99039264020161 -0.5975451610080641
    endloop
  endfacet
  facet normal 0 1 0
    outer loop
      vertex 7 32.99039264020161 -0.5975451610080641
      vertex 7 32.99039264020161 -0.4024548389919359
      vertex 52 32.99039264020161 -0.5975451610080641
    endloop
  endfacet
  facet normal 0 -1 0
    outer loop
      vertex 7 31.009607359798384 -0.009607359798384785
      vertex 52 31.009607359798384 -0.009607359798384785
      vertex 7 31.009607359798384 6.009607359798385
    endloop
  endfacet
  facet normal 0 1 0
    outer loop
      vertex 7 32.99039264020161 -0.4024548389919359
      vertex 7 32.99039264020161 7.597545161008064
      vertex 52 32.99039264020161 -0.5975451610080641
    endloop
  endfacet
  facet normal -1 0 0
    outer loop
      vertex 6.509607359798385 19.5 0.5
      vertex 6.509607359798385 19.5 5.5
      vertex 6.509607359798385 20 6.402454838991936
    endloop
  endfacet
  facet normal -0.5555702330196052 0.8314696123025432 0
    outer loop
      vertex 6.6532400386694635 20.346759961330537 0.4024548389919359
      vertex 6.6532400386694635 20.346759961330537 6.1532400386694635
      vertex 6.722214883490199 20.392847479193552 6.0842651938487275
    endloop
  endfacet
  facet normal -0.19509032201611878 0.9807852804032324 0
    outer loop
      vertex 6.812334861241068 20.453063723176445 0.4024548389919359
      vertex 6.812334861241068 20.453063723176445 6.046936276823557
      vertex 6.902454838991936 20.47098970129907 6.009607359798385
    endloop
  endfacet
  facet normal -0.5555702330196043 0.8314696123025439 -1.5415342933990132e-17
    outer loop
      vertex 6.6532400386694635 20.346759961330537 0.4024548389919359
      vertex 6.722214883490199 20.392847479193552 6.0842651938487275
      vertex 6.812334861241068 20.453063723176445 6.046936276823557
    endloop
  endfacet
  facet normal -0.1950903220161341 0.9807852804032292 0
    outer loop
      vertex 7 20.490392640201616 0.4024548389919359
      vertex 6.902454838991936 20.47098970129907 6.009607359798385
      vertex 7 20.490392640201616 6.009607359798385
    endloop
  endfacet
  facet normal -0.9807852804032311 0.19509032201612497 0
    outer loop
      vertex 6.509607359798385 20 0.4024548389919359
      vertex 6.509607359798385 20 6.402454838991936
      vertex 6.546936276823556 20.187665138758934 6.312334861241069
    endloop
  endfacet
  facet normal -0.8314696123025463 0.5555702330196006 0
    outer loop
      vertex 6.546936276823556 20.187665138758934 0.4024548389919359
      vertex 6.546936276823556 20.187665138758934 6.312334861241069
      vertex 6.5842651938487275 20.24353181109287 6.222214883490199
    endloop
  endfacet
  facet normal -0.8314696123025399 0.5555702330196102 -1.3240050908500102e-16
    outer loop
      vertex 6.546936276823556 20.187665138758934 0.4024548389919359
      vertex 6.5842651938487275 20.24353181109287 6.222214883490199
      vertex 6.6532400386694635 20.346759961330537 6.1532400386694635
    endloop
  endfacet
  facet normal -0.19509032201612675 -0.9807852804032308 0
    outer loop
      vertex 6.812334861241068 19.046936276823555 5.5
      vertex 7 19.009607359798384 5.5
      vertex 7 19.009607359798384 6.084035371489934
    endloop
  endfacet
  facet normal -0.8314696123025422 -0.5555702330196068 0
    outer loop
      vertex 6.6532400386694635 19.153240038669463 5.5
      vertex 6.6532400386694635 19.153240038669463 6.402454838991936
      vertex 6.546936276823556 19.312334861241066 5.5
    endloop
  endfacet
  facet normal -0.5555702330196046 -0.8314696123025437 0
    outer loop
      vertex 6.812334861241068 19.046936276823555 5.5
      vertex 6.812334861241068 19.046936276823555 6.402454838991936
      vertex 6.6532400386694635 19.153240038669463 5.5
    endloop
  endfacet
  facet normal -0.9807852804032311 -0.19509032201612497 0
    outer loop
      vertex 6.546936276823556 19.312334861241066 5.5
      vertex 6.509607359798385 19.5 6.402454838991936
      vertex 6.509607359798385 19.5 5.5
    endloop
  endfacet
  facet normal -0.19509032201612675 -0.9807852804032308 0
    outer loop
      vertex 6.812334861241068 19.046936276823555 5.5
      vertex 7 19.009607359798384 6.084035371489934
      vertex 6.812334861241068 19.046936276823555 6.402454838991936
    endloop
  endfacet
  facet normal -0.8314696123025422 -0.5555702330196068 0
    outer loop
      vertex 6.546936276823556 19.312334861241066 5.5
      vertex 6.6532400386694635 19.153240038669463 6.402454838991936
      vertex 6.546936276823556 19.312334861241066 6.402454838991936
    endloop
  endfacet
  facet normal -0.5555702330196046 -0.8314696123025437 0
    outer loop
      vertex 6.6532400386694635 19.153240038669463 5.5
      vertex 6.812334861241068 19.046936276823555 6.402454838991936
      vertex 6.6532400386694635 19.153240038669463 6.402454838991936
    endloop
  endfacet
  facet normal -0.9807852804032311 -0.19509032201612497 0
    outer loop
      vertex 6.546936276823556 19.312334861241066 5.5
      vertex 6.546936276823556 19.312334861241066 6.402454838991936
      vertex 6.509607359798385 19.5 6.402454838991936
    endloop
  endfacet
  facet normal -1 0 0
    outer loop
      vertex 6.509607359798385 19.5 5.5
      vertex 6.509607359798385 19.5 6.402454838991936
      vertex 6.509607359798385 20 6.402454838991936
    endloop
  endfacet
  facet normal -0.19509032201612675 -0.9807852804032308 0
    outer loop
      vertex 6.812334861241068 19.046936276823555 6.402454838991936
      vertex 7 19.009607359798384 6.084035371489934
      vertex 6.812334861241068 19.046936276823555 7.597545161008064
    endloop
  endfacet
  facet normal -0.19509032201612678 -0.9807852804032307 0
    outer loop
      vertex 6.812334861241068 19.046936276823555 7.597545161008064
      vertex 7 19.009607359798384 6.084035371489934
      vertex 7 19.009607359798384 6.5
    endloop
  endfacet
  facet normal -0.8314696123025421 -0.5555702330196068 0
    outer loop
      vertex 6.6532400386694635 19.153240038669463 6.402454838991936
      vertex 6.6532400386694635 19.153240038669463 7.597545161008064
      vertex 6.546936276823556 19.312334861241066 6.402454838991936
    endloop
  endfacet
  facet normal -0.5555702330196047 -0.8314696123025436 0
    outer loop
      vertex 6.812334861241068 19.046936276823555 6.402454838991936
      vertex 6.6532400386694635 19.153240038669463 7.597545161008064
      vertex 6.6532400386694635 19.153240038669463 6.402454838991936
    endloop
  endfacet
  facet normal -0.9807852804032311 -0.19509032201612497 0
    outer loop
      vertex 6.546936276823556 19.312334861241066 6.402454838991936
      vertex 6.509607359798385 19.5 7.597545161008064
      vertex 6.509607359798385 19.5 6.402454838991936
    endloop
  endfacet
  facet normal -0.19509032201612675 -0.9807852804032309 0
    outer loop
      vertex 6.812334861241068 19.046936276823555 7.597545161008064
      vertex 7 19.009607359798384 6.5
      vertex 7 19.009607359798384 7.597545161008064
    endloop
  endfacet
  facet normal -0.8314696123025421 -0.5555702330196068 0
    outer loop
      vertex 6.546936276823556 19.312334861241066 6.402454838991936
      vertex 6.6532400386694635 19.153240038669463 7.597545161008064
      vertex 6.546936276823556 19.312334861241066 7.597545161008064
    endloop
  endfacet
  facet normal -0.5555702330196047 -0.8314696123025436 0
    outer loop
      vertex 6.812334861241068 19.046936276823555 6.402454838991936
      vertex 6.812334861241068 19.046936276823555 7.597545161008064
      vertex 6.6532400386694635 19.153240038669463 7.597545161008064
    endloop
  endfacet
  facet normal -0.9807852804032311 -0.19509032201612497 0
    outer loop
      vertex 6.546936276823556 19.312334861241066 6.402454838991936
      vertex 6.546936276823556 19.312334861241066 7.597545161008064
      vertex 6.509607359798385 19.5 7.597545161008064
    endloop
  endfacet
  facet normal -1 0 0
    outer loop
      vertex 6.509607359798385 19.5 6.402454838991936
      vertex 6.509607359798385 19.5 7.597545161008064
      vertex 6.509607359798385 20 6.402454838991936
    endloop
  endfacet
  facet normal -0.18074437515937272 -0.908663335218332 0.3763806770786001
    outer loop
      vertex 6.812334861241068 19.046936276823555 7.597545161008064
      vertex 7 19.009607359798384 7.597545161008064
      vertex 7 19.084265193848726 7.777785116509801
    endloop
  endfacet
  facet normal -0.7703275794849813 -0.5147164328119515 0.37638067707860584
    outer loop
      vertex 6.6532400386694635 19.153240038669463 7.597545161008064
      vertex 6.70603109939516 19.20603109939516 7.777785116509801
      vertex 6.546936276823556 19.312334861241066 7.597545161008064
    endloop
  endfacet
  facet normal -0.5147164328119493 -0.7703275794849825 0.376380677078606
    outer loop
      vertex 6.812334861241068 19.046936276823555 7.597545161008064
      vertex 6.840905177428396 19.11591112164429 7.777785116509801
      vertex 6.6532400386694635 19.153240038669463 7.597545161008064
    endloop
  endfacet
  facet normal -0.9086633352183306 -0.18074437515937075 0.37638067707860406
    outer loop
      vertex 6.546936276823556 19.312334861241066 7.597545161008064
      vertex 6.5842651938487275 19.5 7.777785116509801
      vertex 6.509607359798385 19.5 7.597545161008064
    endloop
  endfacet
  facet normal -0.7703275794849824 -0.5147164328119471 0.37638067707860945
    outer loop
      vertex 6.546936276823556 19.312334861241066 7.597545161008064
      vertex 6.70603109939516 19.20603109939516 7.777785116509801
      vertex 6.615911121644292 19.340905177428397 7.777785116509801
    endloop
  endfacet
  facet normal -0.5147164328119518 -0.7703275794849793 0.3763806770786091
    outer loop
      vertex 6.6532400386694635 19.153240038669463 7.597545161008064
      vertex 6.840905177428396 19.11591112164429 7.777785116509801
      vertex 6.70603109939516 19.20603109939516 7.777785116509801
    endloop
  endfacet
  facet normal -0.18074437515938122 -0.9086633352183271 0.37638067707860795
    outer loop
      vertex 6.812334861241068 19.046936276823555 7.597545161008064
      vertex 7 19.084265193848726 7.777785116509801
      vertex 6.840905177428396 19.11591112164429 7.777785116509801
    endloop
  endfacet
  facet normal -0.5936131960091007 -0.39663965676028357 0.7002145072825509
    outer loop
      vertex 6.70603109939516 19.20603109939516 7.777785116509801
      vertex 6.743360016420332 19.393696238154092 7.9157348061512725
      vertex 6.615911121644292 19.340905177428397 7.777785116509801
    endloop
  endfacet
  facet normal -0.13928132531715878 -0.700214507282549 0.7002145072825562
    outer loop
      vertex 6.840905177428396 19.11591112164429 7.777785116509801
      vertex 7 19.084265193848726 7.777785116509801
      vertex 6.893696238154093 19.243360016420333 7.9157348061512725
    endloop
  endfacet
  facet normal -0.39663965676028556 -0.593613196009096 0.7002145072825534
    outer loop
      vertex 6.840905177428396 19.11591112164429 7.777785116509801
      vertex 6.803576260403225 19.303576260403226 7.9157348061512725
      vertex 6.70603109939516 19.20603109939516 7.777785116509801
    endloop
  endfacet
  facet normal -0.9086633352183295 -0.1807443751593726 0.3763806770786058
    outer loop
      vertex 6.546936276823556 19.312334861241066 7.597545161008064
      vertex 6.615911121644292 19.340905177428397 7.777785116509801
      vertex 6.5842651938487275 19.5 7.777785116509801
    endloop
  endfacet
  facet normal -0.700214507282554 -0.13928132531715273 0.7002145072825524
    outer loop
      vertex 6.615911121644292 19.340905177428397 7.777785116509801
      vertex 6.743360016420332 19.393696238154092 7.9157348061512725
      vertex 6.5842651938487275 19.5 7.777785116509801
    endloop
  endfacet
  facet normal -0.5936131960090935 -0.3966396567602878 0.7002145072825545
    outer loop
      vertex 6.70603109939516 19.20603109939516 7.777785116509801
      vertex 6.803576260403225 19.303576260403226 7.9157348061512725
      vertex 6.743360016420332 19.393696238154092 7.9157348061512725
    endloop
  endfacet
  facet normal -0.396639656760282 -0.5936131960090965 0.7002145072825552
    outer loop
      vertex 6.840905177428396 19.11591112164429 7.777785116509801
      vertex 6.893696238154093 19.243360016420333 7.9157348061512725
      vertex 6.803576260403225 19.303576260403226 7.9157348061512725
    endloop
  endfacet
  facet normal -0.21614744150488094 -0.32348750654160474 0.9212144791753921
    outer loop
      vertex 6.803576260403225 19.303576260403226 7.9157348061512725
      vertex 6.893696238154093 19.243360016420333 7.9157348061512725
      vertex 6.962671082974829 19.40988002224913 7.990392640201615
    endloop
  endfacet
  facet normal -0.7002145072825534 -0.1392813253171505 0.7002145072825534
    outer loop
      vertex 6.5842651938487275 19.5 7.777785116509801
      vertex 6.743360016420332 19.393696238154092 7.9157348061512725
      vertex 6.722214883490199 19.5 7.9157348061512725
    endloop
  endfacet
  facet normal -0.3234875065416015 -0.21614744150488302 0.921214479175393
    outer loop
      vertex 6.803576260403225 19.303576260403226 7.9157348061512725
      vertex 6.931025155179264 19.431025155179263 7.990392640201615
      vertex 6.743360016420332 19.393696238154092 7.9157348061512725
    endloop
  endfacet
  facet normal -0.21614744150488172 -0.32348750654160396 0.9212144791753925
    outer loop
      vertex 6.803576260403225 19.303576260403226 7.9157348061512725
      vertex 6.962671082974829 19.40988002224913 7.990392640201615
      vertex 6.931025155179264 19.431025155179263 7.990392640201615
    endloop
  endfacet
  facet normal -0.32348750654160546 -0.21614744150486753 0.9212144791753952
    outer loop
      vertex 6.743360016420332 19.393696238154092 7.9157348061512725
      vertex 6.931025155179264 19.431025155179263 7.990392640201615
      vertex 6.909880022249132 19.46267108297483 7.990392640201615
    endloop
  endfacet
  facet normal -0.3815795311289154 -0.07590088788047335 0.9212144791753942
    outer loop
      vertex 6.743360016420332 19.393696238154092 7.9157348061512725
      vertex 6.909880022249132 19.46267108297483 7.990392640201615
      vertex 6.902454838991936 19.5 7.990392640201615
    endloop
  endfacet
  facet normal -0.3815795311289168 -0.07590088788047115 0.9212144791753939
    outer loop
      vertex 6.743360016420332 19.393696238154092 7.9157348061512725
      vertex 6.902454838991936 19.5 7.990392640201615
      vertex 6.722214883490199 19.5 7.9157348061512725
    endloop
  endfacet
  facet normal -0.13928132531715665 -0.7002145072825483 0.7002145072825574
    outer loop
      vertex 7 19.084265193848726 7.777785116509801
      vertex 7 19.2222148834902 7.9157348061512725
      vertex 6.893696238154093 19.243360016420333 7.9157348061512725
    endloop
  endfacet
  facet normal -0.07590088788047564 -0.38157953112892007 0.9212144791753922
    outer loop
      vertex 6.893696238154093 19.243360016420333 7.9157348061512725
      vertex 7 19.2222148834902 7.9157348061512725
      vertex 6.962671082974829 19.40988002224913 7.990392640201615
    endloop
  endfacet
  facet normal -0.07590088788045565 -0.38157953112891724 0.921214479175395
    outer loop
      vertex 7 19.2222148834902 7.9157348061512725
      vertex 7 19.402454838991936 7.990392640201615
      vertex 6.962671082974829 19.40988002224913 7.990392640201615
    endloop
  endfacet
  facet normal 0 0 1
    outer loop
      vertex 6.909880022249132 19.46267108297483 7.990392640201615
      vertex 6.962671082974829 19.40988002224913 7.990392640201615
      vertex 7 19.402454838991936 7.990392640201615
    endloop
  endfacet
  facet normal 0 0 1
    outer loop
      vertex 6.909880022249132 19.46267108297483 7.990392640201615
      vertex 6.931025155179264 19.431025155179263 7.990392640201615
      vertex 6.962671082974829 19.40988002224913 7.990392640201615
    endloop
  endfacet
  facet normal -0.3826834323650871 0 -0.9238795325112877
    outer loop
      vertex 6.812334861241068 20.453063723176445 6.046936276823557
      vertex 6.722214883490199 20.392847479193552 6.0842651938487275
      vertex 6.812334861241068 31.046936276823555 6.046936276823557
    endloop
  endfacet
  facet normal -0.3826834323650949 0 -0.9238795325112845
    outer loop
      vertex 6.902454838991936 20.47098970129907 6.009607359798385
      vertex 6.812334861241068 20.453063723176445 6.046936276823557
      vertex 6.812334861241068 31.046936276823555 6.046936276823557
    endloop
  endfacet
  facet normal 0 0 -1
    outer loop
      vertex 6.902454838991936 20.47098970129907 6.009607359798385
      vertex 6.902454838991936 31.02901029870093 6.009607359798385
      vertex 7 20.490392640201616 6.009607359798385
    endloop
  endfacet
  facet normal -0.7071067811865476 0 -0.7071067811865476
    outer loop
      vertex 6.722214883490199 20.392847479193552 6.0842651938487275
      vertex 6.6532400386694635 20.346759961330537 6.1532400386694635
      vertex 6.6532400386694635 31.153240038669463 6.1532400386694635
    endloop
  endfacet
  facet normal -0.7071067811865476 0 -0.7071067811865476
    outer loop
      vertex 6.6532400386694635 20.346759961330537 6.1532400386694635
      vertex 6.5842651938487275 20.24353181109287 6.222214883490199
      vertex 6.6532400386694635 31.153240038669463 6.1532400386694635
    endloop
  endfacet
  facet normal -0.9238795325112865 0 -0.3826834323650904
    outer loop
      vertex 6.509607359798385 20 6.402454838991936
      vertex 6.509607359798385 31.5 6.402454838991936
      vertex 6.546936276823556 20.187665138758934 6.312334861241069
    endloop
  endfacet
  facet normal -0.9238795325112861 1.1732593535600245e-17 -0.3826834323650917
    outer loop
      vertex 6.5842651938487275 20.24353181109287 6.222214883490199
      vertex 6.546936276823556 20.187665138758934 6.312334861241069
      vertex 6.509607359798385 31.5 6.402454838991936
    endloop
  endfacet
  facet normal -1 0 0
    outer loop
      vertex 6.509607359798385 20 6.402454838991936
      vertex 6.509607359798385 19.5 7.597545161008064
      vertex 6.509607359798385 31.5 6.402454838991936
    endloop
  endfacet
  facet normal -0.9238795325112862 0 0.382683432365091
    outer loop
      vertex 6.509607359798385 19.5 7.597545161008064
      vertex 6.5842651938487275 19.5 7.777785116509801
      vertex 6.5842651938487275 31.5 7.777785116509801
    endloop
  endfacet
  facet normal -0.7071067811865476 0 0.7071067811865476
    outer loop
      vertex 6.5842651938487275 19.5 7.777785116509801
      vertex 6.722214883490199 19.5 7.9157348061512725
      vertex 6.5842651938487275 31.5 7.777785116509801
    endloop
  endfacet
  facet normal -0.382683432365091 0 0.9238795325112862
    outer loop
      vertex 6.722214883490199 19.5 7.9157348061512725
      vertex 6.902454838991936 19.5 7.990392640201615
      vertex 6.722214883490199 31.5 7.9157348061512725
    endloop
  endfacet
  facet normal 0 0 1
    outer loop
      vertex 6.909880022249132 19.46267108297483 7.990392640201615
      vertex 6.902454838991936 31.5 7.990392640201615
      vertex 6.902454838991936 19.5 7.990392640201615
    endloop
  endfacet
  facet normal -0.19509032201611876 -0.9807852804032324 0
    outer loop
      vertex 6.812334861241068 31.046936276823555 -0.04693627682355608
      vertex 6.902454838991936 31.02901029870093 6.009607359798385
      vertex 6.812334861241068 31.046936276823555 6.046936276823557
    endloop
  endfacet
  facet normal -0.5555702330196043 -0.8314696123025439 0
    outer loop
      vertex 6.812334861241068 31.046936276823555 -0.04693627682355608
      vertex 6.812334861241068 31.046936276823555 6.046936276823557
      vertex 6.722214883490199 31.107152520806448 6.0842651938487275
    endloop
  endfacet
  facet normal -0.5555702330196052 -0.8314696123025433 -1.7307773991998356e-17
    outer loop
      vertex 6.812334861241068 31.046936276823555 -0.04693627682355608
      vertex 6.722214883490199 31.107152520806448 6.0842651938487275
      vertex 6.6532400386694635 31.153240038669463 6.1532400386694635
    endloop
  endfacet
  facet normal -0.8314696123025463 -0.5555702330196006 0
    outer loop
      vertex 6.546936276823556 31.312334861241066 -0.31233486124106846
      vertex 6.5842651938487275 31.25646818890713 6.222214883490199
      vertex 6.546936276823556 31.312334861241066 6.312334861241069
    endloop
  endfacet
  facet normal -0.83146961230254 -0.5555702330196103 0
    outer loop
      vertex 6.6532400386694635 31.153240038669463 -0.15324003866946315
      vertex 6.6532400386694635 31.153240038669463 6.1532400386694635
      vertex 6.5842651938487275 31.25646818890713 6.222214883490199
    endloop
  endfacet
  facet normal -0.19509032201613413 -0.9807852804032293 0
    outer loop
      vertex 7 31.009607359798384 -0.009607359798384785
      vertex 7 31.009607359798384 6.009607359798385
      vertex 6.902454838991936 31.02901029870093 6.009607359798385
    endloop
  endfacet
  facet normal -0.9807852804032312 -0.19509032201612497 0
    outer loop
      vertex 6.546936276823556 31.312334861241066 -0.31233486124106846
      vertex 6.546936276823556 31.312334861241066 6.312334861241069
      vertex 6.509607359798385 31.5 6.402454838991936
    endloop
  endfacet
  facet normal -1 0 0
    outer loop
      vertex 6.509607359798385 31.5 -0.4024548389919359
      vertex 6.509607359798385 31.5 6.402454838991936
      vertex 6.509607359798385 32.5 7.597545161008064
    endloop
  endfacet
  facet normal -0.9807852804032304 0.19509032201612853 0
    outer loop
      vertex 6.509607359798385 32.5 -0.5975451610080641
      vertex 6.509607359798385 32.5 7.597545161008064
      vertex 6.546936276823556 32.68766513875893 7.597545161008064
    endloop
  endfacet
  facet normal -0.8314696123025422 0.5555702330196068 0
    outer loop
      vertex 6.6532400386694635 32.846759961330534 -0.5975451610080641
      vertex 6.546936276823556 32.68766513875893 7.597545161008064
      vertex 6.6532400386694635 32.846759961330534 7.597545161008064
    endloop
  endfacet
  facet normal -0.5555702330196047 0.8314696123025436 2.088744858184394e-16
    outer loop
      vertex 6.808547488686648 32.95053308174174 -0.4024548389919359
      vertex 6.6532400386694635 32.846759961330534 7.597545161008064
      vertex 6.812334861241068 32.95306372317644 7.597545161008064
    endloop
  endfacet
  facet normal -0.19509032201612675 0.9807852804032308 0
    outer loop
      vertex 6.812334861241068 32.95306372317644 -0.4024548389919359
      vertex 6.812334861241068 32.95306372317644 7.597545161008064
      vertex 7 32.99039264020161 7.597545161008064
    endloop
  endfacet
  facet normal -0.38268343236509494 0 -0.9238795325112846
    outer loop
      vertex 6.902454838991936 20.47098970129907 6.009607359798385
      vertex 6.812334861241068 31.046936276823555 6.046936276823557
      vertex 6.902454838991936 31.02901029870093 6.009607359798385
    endloop
  endfacet
  facet normal -0.3826834323650871 0 -0.9238795325112878
    outer loop
      vertex 6.722214883490199 20.392847479193552 6.0842651938487275
      vertex 6.722214883490199 31.107152520806448 6.0842651938487275
      vertex 6.812334861241068 31.046936276823555 6.046936276823557
    endloop
  endfacet
  facet normal -0.7071067811865475 0 -0.7071067811865475
    outer loop
      vertex 6.722214883490199 20.392847479193552 6.0842651938487275
      vertex 6.6532400386694635 31.153240038669463 6.1532400386694635
      vertex 6.722214883490199 31.107152520806448 6.0842651938487275
    endloop
  endfacet
  facet normal 0 0 -1
    outer loop
      vertex 7 20.490392640201616 6.009607359798385
      vertex 6.902454838991936 31.02901029870093 6.009607359798385
      vertex 7 31.009607359798384 6.009607359798385
    endloop
  endfacet
  facet normal -0.7071067811865475 0 -0.7071067811865475
    outer loop
      vertex 6.5842651938487275 20.24353181109287 6.222214883490199
      vertex 6.5842651938487275 31.25646818890713 6.222214883490199
      vertex 6.6532400386694635 31.153240038669463 6.1532400386694635
    endloop
  endfacet
  facet normal -0.9238795325112859 0 -0.38268343236509167
    outer loop
      vertex 6.5842651938487275 20.24353181109287 6.222214883490199
      vertex 6.546936276823556 31.312334861241066 6.312334861241069
      vertex 6.5842651938487275 31.25646818890713 6.222214883490199
    endloop
  endfacet
  facet normal -0.9238795325112865 -1.22577701808759e-17 -0.3826834323650904
    outer loop
      vertex 6.5842651938487275 20.24353181109287 6.222214883490199
      vertex 6.509607359798385 31.5 6.402454838991936
      vertex 6.546936276823556 31.312334861241066 6.312334861241069
    endloop
  endfacet
  facet normal -1 0 0
    outer loop
      vertex 6.509607359798385 19.5 7.597545161008064
      vertex 6.509607359798385 31.5 7.597545161008064
      vertex 6.509607359798385 31.5 6.402454838991936
    endloop
  endfacet
  facet normal -0.9238795325112862 0 0.382683432365091
    outer loop
      vertex 6.509607359798385 19.5 7.597545161008064
      vertex 6.5842651938487275 31.5 7.777785116509801
      vertex 6.509607359798385 31.5 7.597545161008064
    endloop
  endfacet
  facet normal -0.7071067811865476 0 0.7071067811865476
    outer loop
      vertex 6.722214883490199 19.5 7.9157348061512725
      vertex 6.722214883490199 31.5 7.9157348061512725
      vertex 6.5842651938487275 31.5 7.777785116509801
    endloop
  endfacet
  facet normal -0.382683432365091 0 0.9238795325112862
    outer loop
      vertex 6.902454838991936 19.5 7.990392640201615
      vertex 6.902454838991936 31.5 7.990392640201615
      vertex 6.722214883490199 31.5 7.9157348061512725
    endloop
  endfacet
  facet normal 0 0 1
    outer loop
      vertex 6.909880022249132 19.46267108297483 7.990392640201615
      vertex 6.930784837448534 31.431384816079944 7.990392640201615
      vertex 6.909880022249132 31.46267108297483 7.990392640201615
    endloop
  endfacet
  facet normal 0 0 1
    outer loop
      vertex 6.909880022249132 19.46267108297483 7.990392640201615
      vertex 6.909880022249132 31.46267108297483 7.990392640201615
      vertex 6.902454838991936 31.5 7.990392640201615
    endloop
  endfacet
  facet normal 0 0 1
    outer loop
      vertex 6.909880022249132 19.46267108297483 7.990392640201615
      vertex 6.99855329344692 31.402742606817313 7.990392640201615
      vertex 6.961888769784873 31.41040274721082 7.990392640201615
    endloop
  endfacet
  facet normal 0 0 1
    outer loop
      vertex 6.909880022249132 19.46267108297483 7.990392640201615
      vertex 6.961888769784873 31.41040274721082 7.990392640201615
      vertex 6.930784837448534 31.431384816079944 7.990392640201615
    endloop
  endfacet
  facet normal -1 0 0
    outer loop
      vertex 6.509607359798385 31.5 6.402454838991936
      vertex 6.509607359798385 31.5 7.597545161008064
      vertex 6.509607359798385 32.5 7.597545161008064
    endloop
  endfacet
  facet normal -0.9238795325112862 0 0.382683432365091
    outer loop
      vertex 6.509607359798385 31.5 7.597545161008064
      vertex 6.5842651938487275 31.5 7.777785116509801
      vertex 6.509607359798385 32.5 7.597545161008064
    endloop
  endfacet
  facet normal 0 0 1
    outer loop
      vertex 6.961889894880764 31.410661210343196 7.990392640201615
      vertex 6.961888769784873 31.41040274721082 7.990392640201615
      vertex 6.99855329344692 31.402742606817313 7.990392640201615
    endloop
  endfacet
  facet normal 0 0 1
    outer loop
      vertex 6.961889894880764 31.410661210343196 7.990392640201615
      vertex 6.930784837448534 31.431384816079944 7.990392640201615
      vertex 6.961888769784873 31.41040274721082 7.990392640201615
    endloop
  endfacet
  facet normal 0 0 1
    outer loop
      vertex 6.961889894880764 31.410661210343196 7.990392640201615
      vertex 6.998558310351522 31.403418145217557 7.990392640201615
      vertex 6.930784837448534 31.431384816079944 7.990392640201615
    endloop
  endfacet
  facet normal 0 0 1
    outer loop
      vertex 6.961889894880764 31.410661210343196 7.990392640201615
      vertex 6.99855329344692 31.402742606817313 7.990392640201615
      vertex 6.998558310351522 31.403418145217557 7.990392640201615
    endloop
  endfacet
  facet normal 0 0 1
    outer loop
      vertex 6.909880022249132 31.46267108297483 7.990392640201615
      vertex 6.930840404155597 31.463198635221374 7.990392640201615
      vertex 6.909880022249132 31.53732891702517 7.990392640201615
    endloop
  endfacet
  facet normal 0 0 1
    outer loop
      vertex 6.909880022249132 31.53732891702517 7.990392640201615
      vertex 6.930840404155597 31.463198635221374 7.990392640201615
      vertex 6.916608184592676 31.54739832356067 7.990392640201615
    endloop
  endfacet
  facet normal -0.7071067811865476 0 0.7071067811865476
    outer loop
      vertex 6.5842651938487275 31.5 7.777785116509801
      vertex 6.722214883490199 31.5 7.9157348061512725
      vertex 6.722214883490199 32.5 7.9157348061512725
    endloop
  endfacet
  facet normal 0 0 1
    outer loop
      vertex 6.909880022249132 31.46267108297483 7.990392640201615
      vertex 6.902454838991936 32.5 7.990392640201615
      vertex 6.902454838991936 31.5 7.990392640201615
    endloop
  endfacet
  facet normal -0.382683432365091 0 0.9238795325112862
    outer loop
      vertex 6.722214883490199 31.5 7.9157348061512725
      vertex 6.902454838991936 31.5 7.990392640201615
      vertex 6.722214883490199 32.5 7.9157348061512725
    endloop
  endfacet
  facet normal 0 0 1
    outer loop
      vertex 6.909880022249132 31.46267108297483 7.990392640201615
      vertex 6.909880022249132 31.53732891702517 7.990392640201615
      vertex 6.902454838991936 32.5 7.990392640201615
    endloop
  endfacet
  facet normal 0 0 1
    outer loop
      vertex 6.909880022249132 31.53732891702517 7.990392640201615
      vertex 6.916608184592676 31.54739832356067 7.990392640201615
      vertex 6.909880022249132 32.53732891702517 7.990392640201615
    endloop
  endfacet
  facet normal 0 0 1
    outer loop
      vertex 6.930784837448534 31.431384816079944 7.990392640201615
      vertex 6.930840404155597 31.463198635221374 7.990392640201615
      vertex 6.909880022249132 31.46267108297483 7.990392640201615
    endloop
  endfacet
  facet normal 0 0 1
    outer loop
      vertex 6.916608184592676 31.54739832356067 7.990392640201615
      vertex 6.930840404155597 31.463198635221374 7.990392640201615
      vertex 7 32.597545161008064 7.990392640201615
    endloop
  endfacet
  facet normal -0.9086633352183304 0.18074437515937414 0.3763806770786028
    outer loop
      vertex 6.509607359798385 32.5 7.597545161008064
      vertex 6.615911121644292 32.6590948225716 7.777785116509801
      vertex 6.546936276823556 32.68766513875893 7.597545161008064
    endloop
  endfacet
  facet normal -0.7703275794849841 0.5147164328119533 0.37638067707859707
    outer loop
      vertex 6.546936276823556 32.68766513875893 7.597545161008064
      vertex 6.70603109939516 32.79396890060484 7.777785116509801
      vertex 6.6532400386694635 32.846759961330534 7.597545161008064
    endloop
  endfacet
  facet normal -0.5147164328119517 0.770327579484986 0.3763806770785959
    outer loop
      vertex 6.6532400386694635 32.846759961330534 7.597545161008064
      vertex 6.70603109939516 32.79396890060484 7.777785116509801
      vertex 6.812334861241068 32.95306372317644 7.597545161008064
    endloop
  endfacet
  facet normal -0.18074437515937272 0.908663335218332 0.3763806770786001
    outer loop
      vertex 6.812334861241068 32.95306372317644 7.597545161008064
      vertex 7 32.91573480615127 7.777785116509801
      vertex 7 32.99039264020161 7.597545161008064
    endloop
  endfacet
  facet normal -0.9238795325112862 0 0.382683432365091
    outer loop
      vertex 6.5842651938487275 31.5 7.777785116509801
      vertex 6.5842651938487275 32.5 7.777785116509801
      vertex 6.509607359798385 32.5 7.597545161008064
    endloop
  endfacet
  facet normal -0.7071067811865476 0 0.7071067811865476
    outer loop
      vertex 6.5842651938487275 31.5 7.777785116509801
      vertex 6.722214883490199 32.5 7.9157348061512725
      vertex 6.5842651938487275 32.5 7.777785116509801
    endloop
  endfacet
  facet normal -0.382683432365091 0 0.9238795325112862
    outer loop
      vertex 6.902454838991936 31.5 7.990392640201615
      vertex 6.902454838991936 32.5 7.990392640201615
      vertex 6.722214883490199 32.5 7.9157348061512725
    endloop
  endfacet
  facet normal 0 0 1
    outer loop
      vertex 6.909880022249132 31.53732891702517 7.990392640201615
      vertex 6.909880022249132 32.53732891702517 7.990392640201615
      vertex 6.902454838991936 32.5 7.990392640201615
    endloop
  endfacet
  facet normal 0 0 1
    outer loop
      vertex 6.916608184592676 31.54739832356067 7.990392640201615
      vertex 6.931025155179264 32.56897484482074 7.990392640201615
      vertex 6.909880022249132 32.53732891702517 7.990392640201615
    endloop
  endfacet
  facet normal 0 0 1
    outer loop
      vertex 6.916608184592676 31.54739832356067 7.990392640201615
      vertex 6.962671082974829 32.59011997775087 7.990392640201615
      vertex 6.931025155179264 32.56897484482074 7.990392640201615
    endloop
  endfacet
  facet normal 0 0 1
    outer loop
      vertex 6.916608184592676 31.54739832356067 7.990392640201615
      vertex 7 32.597545161008064 7.990392640201615
      vertex 6.962671082974829 32.59011997775087 7.990392640201615
    endloop
  endfacet
  facet normal -0.9086633352183304 0.18074437515937275 0.37638067707860395
    outer loop
      vertex 6.509607359798385 32.5 7.597545161008064
      vertex 6.5842651938487275 32.5 7.777785116509801
      vertex 6.615911121644292 32.6590948225716 7.777785116509801
    endloop
  endfacet
  facet normal -0.7703275794849853 0.514716432811949 0.37638067707860073
    outer loop
      vertex 6.546936276823556 32.68766513875893 7.597545161008064
      vertex 6.615911121644292 32.6590948225716 7.777785116509801
      vertex 6.70603109939516 32.79396890060484 7.777785116509801
    endloop
  endfacet
  facet normal -0.700214507282554 0.13928132531715273 0.7002145072825524
    outer loop
      vertex 6.5842651938487275 32.5 7.777785116509801
      vertex 6.743360016420332 32.60630376184591 7.9157348061512725
      vertex 6.615911121644292 32.6590948225716 7.777785116509801
    endloop
  endfacet
  facet normal -0.5936131960091007 0.39663965676028357 0.7002145072825509
    outer loop
      vertex 6.615911121644292 32.6590948225716 7.777785116509801
      vertex 6.743360016420332 32.60630376184591 7.9157348061512725
      vertex 6.70603109939516 32.79396890060484 7.777785116509801
    endloop
  endfacet
  facet normal -0.5147164328119384 0.7703275794849895 0.3763806770786069
    outer loop
      vertex 6.812334861241068 32.95306372317644 7.597545161008064
      vertex 6.70603109939516 32.79396890060484 7.777785116509801
      vertex 6.840905177428396 32.884088878355705 7.777785116509801
    endloop
  endfacet
  facet normal -0.18074437515938122 0.9086633352183271 0.37638067707860795
    outer loop
      vertex 6.812334861241068 32.95306372317644 7.597545161008064
      vertex 6.840905177428396 32.884088878355705 7.777785116509801
      vertex 7 32.91573480615127 7.777785116509801
    endloop
  endfacet
  facet normal -0.3966396567602776 0.5936131960091074 0.7002145072825483
    outer loop
      vertex 6.70603109939516 32.79396890060484 7.777785116509801
      vertex 6.893696238154093 32.75663998357967 7.9157348061512725
      vertex 6.840905177428396 32.884088878355705 7.777785116509801
    endloop
  endfacet
  facet normal -0.13928132531716214 0.7002145072825658 0.7002145072825389
    outer loop
      vertex 6.840905177428396 32.884088878355705 7.777785116509801
      vertex 7 32.777785116509804 7.9157348061512725
      vertex 7 32.91573480615127 7.777785116509801
    endloop
  endfacet
  facet normal -0.7002145072825534 0.1392813253171505 0.7002145072825534
    outer loop
      vertex 6.5842651938487275 32.5 7.777785116509801
      vertex 6.722214883490199 32.5 7.9157348061512725
      vertex 6.743360016420332 32.60630376184591 7.9157348061512725
    endloop
  endfacet
  facet normal -0.5936131960090935 0.3966396567602878 0.7002145072825545
    outer loop
      vertex 6.70603109939516 32.79396890060484 7.777785116509801
      vertex 6.743360016420332 32.60630376184591 7.9157348061512725
      vertex 6.803576260403225 32.696423739596774 7.9157348061512725
    endloop
  endfacet
  facet normal -0.3815795311289168 0.07590088788047115 0.9212144791753939
    outer loop
      vertex 6.722214883490199 32.5 7.9157348061512725
      vertex 6.902454838991936 32.5 7.990392640201615
      vertex 6.743360016420332 32.60630376184591 7.9157348061512725
    endloop
  endfacet
  facet normal -0.38157953112891546 0.07590088788047333 0.9212144791753942
    outer loop
      vertex 6.902454838991936 32.5 7.990392640201615
      vertex 6.909880022249132 32.53732891702517 7.990392640201615
      vertex 6.743360016420332 32.60630376184591 7.9157348061512725
    endloop
  endfacet
  facet normal -0.32348750654160546 0.21614744150486748 0.9212144791753953
    outer loop
      vertex 6.909880022249132 32.53732891702517 7.990392640201615
      vertex 6.931025155179264 32.56897484482074 7.990392640201615
      vertex 6.743360016420332 32.60630376184591 7.9157348061512725
    endloop
  endfacet
  facet normal -0.3234875065416015 0.21614744150488302 0.921214479175393
    outer loop
      vertex 6.743360016420332 32.60630376184591 7.9157348061512725
      vertex 6.931025155179264 32.56897484482074 7.990392640201615
      vertex 6.803576260403225 32.696423739596774 7.9157348061512725
    endloop
  endfacet
  facet normal -0.2161474415048809 0.3234875065416047 0.9212144791753923
    outer loop
      vertex 6.803576260403225 32.696423739596774 7.9157348061512725
      vertex 6.931025155179264 32.56897484482074 7.990392640201615
      vertex 6.893696238154093 32.75663998357967 7.9157348061512725
    endloop
  endfacet
  facet normal -0.39663965676028307 0.5936131960090981 0.7002145072825532
    outer loop
      vertex 6.70603109939516 32.79396890060484 7.777785116509801
      vertex 6.803576260403225 32.696423739596774 7.9157348061512725
      vertex 6.893696238154093 32.75663998357967 7.9157348061512725
    endloop
  endfacet
  facet normal -0.13928132531718068 0.7002145072825517 0.7002145072825491
    outer loop
      vertex 6.840905177428396 32.884088878355705 7.777785116509801
      vertex 6.893696238154093 32.75663998357967 7.9157348061512725
      vertex 7 32.777785116509804 7.9157348061512725
    endloop
  endfacet
  facet normal -0.07590088788048636 0.3815795311289099 0.9212144791753955
    outer loop
      vertex 6.893696238154093 32.75663998357967 7.9157348061512725
      vertex 7 32.597545161008064 7.990392640201615
      vertex 7 32.777785116509804 7.9157348061512725
    endloop
  endfacet
  facet normal -0.21614744150485113 0.3234875065416123 0.9212144791753968
    outer loop
      vertex 6.893696238154093 32.75663998357967 7.9157348061512725
      vertex 6.931025155179264 32.56897484482074 7.990392640201615
      vertex 6.962671082974829 32.59011997775087 7.990392640201615
    endloop
  endfacet
  facet normal -0.07590088788048985 0.38157953112890775 0.921214479175396
    outer loop
      vertex 6.893696238154093 32.75663998357967 7.9157348061512725
      vertex 6.962671082974829 32.59011997775087 7.990392640201615
      vertex 7 32.597545161008064 7.990392640201615
    endloop
  endfacet
  facet normal 0 1 0
    outer loop
      vertex 7 20.490392640201616 0.4024548389919359
      vertex 7 20.490392640201616 6.009607359798385
      vertex 52 20.490392640201616 6.009607359798385
    endloop
  endfacet
  facet normal 0 -1 0
    outer loop
      vertex 7 19.009607359798384 7.597545161008064
      vertex 7 19.009607359798384 6.5
      vertex 52 19.009607359798384 6.5
    endloop
  endfacet
  facet normal 0 -0.9238795325112878 0.3826834323650872
    outer loop
      vertex 7 19.009607359798384 7.597545161008064
      vertex 52 19.009607359798384 7.597545161008064
      vertex 7 19.084265193848726 7.777785116509801
    endloop
  endfacet
  facet normal 0 -0.707106781186543 0.7071067811865521
    outer loop
      vertex 7 19.084265193848726 7.777785116509801
      vertex 52 19.2222148834902 7.9157348061512725
      vertex 7 19.2222148834902 7.9157348061512725
    endloop
  endfacet
  facet normal 0 -0.382683432365091 0.9238795325112862
    outer loop
      vertex 7 19.2222148834902 7.9157348061512725
      vertex 52 19.2222148834902 7.9157348061512725
      vertex 7 19.402454838991936 7.990392640201615
    endloop
  endfacet
  facet normal 0 0 1
    outer loop
      vertex 6.909880022249132 19.46267108297483 7.990392640201615
      vertex 7 19.402454838991936 7.990392640201615
      vertex 52 19.402454838991936 7.990392640201615
    endloop
  endfacet
  facet normal 0 0 -1
    outer loop
      vertex 7 20.490392640201616 6.009607359798385
      vertex 7 31.009607359798384 6.009607359798385
      vertex 52 20.490392640201616 6.009607359798385
    endloop
  endfacet
  facet normal 0 0 1
    outer loop
      vertex 6.909880022249132 19.46267108297483 7.990392640201615
      vertex 51.2786731550217 31.403418145217557 7.990392640201615
      vertex 6.99855329344692 31.402742606817313 7.990392640201615
    endloop
  endfacet
  facet normal 0 0 1
    outer loop
      vertex 6.930784837448534 31.431384816079944 7.990392640201615
      vertex 51.2786731550217 31.403418145217557 7.990392640201615
      vertex 6.930840404155597 31.463198635221374 7.990392640201615
    endloop
  endfacet
  facet normal 0 0 1
    outer loop
      vertex 6.998558310351522 31.403418145217557 7.990392640201615
      vertex 6.99855329344692 31.402742606817313 7.990392640201615
      vertex 51.2786731550217 31.403418145217557 7.990392640201615
    endloop
  endfacet
  facet normal 0 0 1
    outer loop
      vertex 6.930784837448534 31.431384816079944 7.990392640201615
      vertex 6.998558310351522 31.403418145217557 7.990392640201615
      vertex 51.2786731550217 31.403418145217557 7.990392640201615
    endloop
  endfacet
  facet normal 0 0 1
    outer loop
      vertex 6.930840404155597 31.463198635221374 7.990392640201615
      vertex 52 32.597545161008064 7.990392640201615
      vertex 7 32.597545161008064 7.990392640201615
    endloop
  endfacet
  facet normal 0 0.9238795325112878 0.3826834323650872
    outer loop
      vertex 7 32.99039264020161 7.597545161008064
      vertex 7 32.91573480615127 7.777785116509801
      vertex 52 32.91573480615127 7.777785116509801
    endloop
  endfacet
  facet normal 0 0.7071067811865611 0.7071067811865338
    outer loop
      vertex 7 32.91573480615127 7.777785116509801
      vertex 7 32.777785116509804 7.9157348061512725
      vertex 52 32.91573480615127 7.777785116509801
    endloop
  endfacet
  facet normal 0 0.38268343236508456 0.9238795325112888
    outer loop
      vertex 7 32.597545161008064 7.990392640201615
      vertex 52 32.597545161008064 7.990392640201615
      vertex 7 32.777785116509804 7.9157348061512725
    endloop
  endfacet
  facet normal 0 0 -1
    outer loop
      vertex 6.909880022249132 20.03732891702517 0.009607359798384785
      vertex 52 20.097545161008064 0.009607359798384785
      vertex 52.03732891702517 20.09011997775087 0.009607359798384785
    endloop
  endfacet
  facet normal 0 0 -1
    outer loop
      vertex 6.909880022249132 20.03732891702517 0.009607359798384785
      vertex 52.097545161008064 20 0.009607359798384785
      vertex 52 20 0.009607359798384785
    endloop
  endfacet
  facet normal 0 0 -1
    outer loop
      vertex 6.909880022249132 20.03732891702517 0.009607359798384785
      vertex 52.09011997775087 20.03732891702517 0.009607359798384785
      vertex 52.097545161008064 20 0.009607359798384785
    endloop
  endfacet
  facet normal 0 0 -1
    outer loop
      vertex 6.909880022249132 20.03732891702517 0.009607359798384785
      vertex 52.06897484482074 20.068974844820737 0.009607359798384785
      vertex 52.09011997775087 20.03732891702517 0.009607359798384785
    endloop
  endfacet
  facet normal 0 0 -1
    outer loop
      vertex 6.909880022249132 20.03732891702517 0.009607359798384785
      vertex 52.03732891702517 20.09011997775087 0.009607359798384785
      vertex 52.06897484482074 20.068974844820737 0.009607359798384785
    endloop
  endfacet
  facet normal 0 0.3826834323650903 -0.9238795325112865
    outer loop
      vertex 7 20.097545161008064 0.009607359798384785
      vertex 52 20.2777851165098 0.08426519384872738
      vertex 52 20.097545161008064 0.009607359798384785
    endloop
  endfacet
  facet normal 0 0.7071067811865422 -0.7071067811865528
    outer loop
      vertex 7 20.2777851165098 0.08426519384872738
      vertex 52 20.415734806151274 0.2222148834901989
      vertex 52 20.2777851165098 0.08426519384872738
    endloop
  endfacet
  facet normal 0 0.923879532511288 -0.38268343236508656
    outer loop
      vertex 7 20.490392640201616 0.4024548389919359
      vertex 52 20.490392640201616 0.4024548389919359
      vertex 52 20.415734806151274 0.2222148834901989
    endloop
  endfacet
  facet normal 0 1 0
    outer loop
      vertex 7 20.490392640201616 0.4024548389919359
      vertex 52 20.490392640201616 6.009607359798385
      vertex 52 20.490392640201616 0.4024548389919359
    endloop
  endfacet
  facet normal 0 -0.3826834323650901 -0.9238795325112867
    outer loop
      vertex 7 27.2222148834902 -1.9157348061512727
      vertex 52 27.402454838991936 -1.9903926402016152
      vertex 52 27.2222148834902 -1.9157348061512727
    endloop
  endfacet
  facet normal 0 -0.7071067811865425 -0.7071067811865527
    outer loop
      vertex 7 27.2222148834902 -1.9157348061512727
      vertex 52 27.2222148834902 -1.9157348061512727
      vertex 52 27.084265193848726 -1.777785116509801
    endloop
  endfacet
  facet normal 0 0 -1
    outer loop
      vertex 6.909880022249132 27.46267108297483 -1.9903926402016152
      vertex 52.03732891702517 27.40988002224913 -1.9903926402016152
      vertex 52 27.402454838991936 -1.9903926402016152
    endloop
  endfacet
  facet normal 0 0 -1
    outer loop
      vertex 6.909880022249132 27.46267108297483 -1.9903926402016152
      vertex 52.06897484482074 27.431025155179263 -1.9903926402016152
      vertex 52.03732891702517 27.40988002224913 -1.9903926402016152
    endloop
  endfacet
  facet normal 0 0 -1
    outer loop
      vertex 6.909880022249132 27.46267108297483 -1.9903926402016152
      vertex 52.09011997775087 27.46267108297483 -1.9903926402016152
      vertex 52.06897484482074 27.431025155179263 -1.9903926402016152
    endloop
  endfacet
  facet normal 0 0 -1
    outer loop
      vertex 6.909880022249132 27.46267108297483 -1.9903926402016152
      vertex 52.097545161008064 27.5 -1.9903926402016152
      vertex 52.09011997775087 27.46267108297483 -1.9903926402016152
    endloop
  endfacet
  facet normal 0 -0.923879532511288 -0.3826834323650867
    outer loop
      vertex 7 27.009607359798384 -1.5975451610080642
      vertex 52 27.084265193848726 -1.777785116509801
      vertex 52 27.009607359798384 -1.5975451610080642
    endloop
  endfacet
  facet normal 0 -1 0
    outer loop
      vertex 7 27.009607359798384 -0.4024548389919359
      vertex 52 27.009607359798384 -1.5975451610080642
      vertex 52 27.009607359798384 -0.4024548389919359
    endloop
  endfacet
  facet normal 0 -0.923879532511288 0.38268343236508656
    outer loop
      vertex 7 27.009607359798384 -0.4024548389919359
      vertex 52 27.009607359798384 -0.4024548389919359
      vertex 52 27.084265193848726 -0.2222148834901989
    endloop
  endfacet
  facet normal 0 -0.7071067811865422 0.7071067811865528
    outer loop
      vertex 7 27.2222148834902 -0.08426519384872738
      vertex 52 27.084265193848726 -0.2222148834901989
      vertex 52 27.2222148834902 -0.08426519384872738
    endloop
  endfacet
  facet normal 0 -0.3826834323650903 0.9238795325112865
    outer loop
      vertex 7 27.2222148834902 -0.08426519384872738
      vertex 52 27.2222148834902 -0.08426519384872738
      vertex 52 27.402454838991936 -0.009607359798384785
    endloop
  endfacet
  facet normal 0 0 1
    outer loop
      vertex 6.909880022249132 27.46267108297483 -0.009607359798384785
      vertex 52 27.402454838991936 -0.009607359798384785
      vertex 52.03732891702517 27.40988002224913 -0.009607359798384785
    endloop
  endfacet
  facet normal 0 0 1
    outer loop
      vertex 6.909880022249132 27.46267108297483 -0.009607359798384785
      vertex 52.03732891702517 27.40988002224913 -0.009607359798384785
      vertex 52.06897484482074 27.431025155179263 -0.009607359798384785
    endloop
  endfacet
  facet normal 0 0 1
    outer loop
      vertex 6.909880022249132 27.46267108297483 -0.009607359798384785
      vertex 52.06897484482074 27.431025155179263 -0.009607359798384785
      vertex 52.09011997775087 27.46267108297483 -0.009607359798384785
    endloop
  endfacet
  facet normal 0 0 1
    outer loop
      vertex 6.909880022249132 27.46267108297483 -0.009607359798384785
      vertex 52.09011997775087 27.46267108297483 -0.009607359798384785
      vertex 52.097545161008064 27.5 -0.009607359798384785
    endloop
  endfacet
  facet normal 0 0 -1
    outer loop
      vertex 6.909880022249132 27.46267108297483 -1.9903926402016152
      vertex 52.097545161008064 32.5 -1.9903926402016152
      vertex 52.097545161008064 27.5 -1.9903926402016152
    endloop
  endfacet
  facet normal 0 0 -1
    outer loop
      vertex 6.909880022249132 27.46267108297483 -1.9903926402016152
      vertex 52 32.597545161008064 -1.9903926402016152
      vertex 52.03732891702517 32.59011997775087 -1.9903926402016152
    endloop
  endfacet
  facet normal 0 0 -1
    outer loop
      vertex 6.909880022249132 27.46267108297483 -1.9903926402016152
      vertex 52.09011997775087 32.53732891702517 -1.9903926402016152
      vertex 52.097545161008064 32.5 -1.9903926402016152
    endloop
  endfacet
  facet normal 0 0 -1
    outer loop
      vertex 6.909880022249132 27.46267108297483 -1.9903926402016152
      vertex 52.06897484482074 32.56897484482074 -1.9903926402016152
      vertex 52.09011997775087 32.53732891702517 -1.9903926402016152
    endloop
  endfacet
  facet normal 0 0 -1
    outer loop
      vertex 6.909880022249132 27.46267108297483 -1.9903926402016152
      vertex 52.03732891702517 32.59011997775087 -1.9903926402016152
      vertex 52.06897484482074 32.56897484482074 -1.9903926402016152
    endloop
  endfacet
  facet normal 0 0.3826834323650836 -0.9238795325112892
    outer loop
      vertex 7 32.597545161008064 -1.9903926402016152
      vertex 52 32.777785116509804 -1.9157348061512727
      vertex 52 32.597545161008064 -1.9903926402016152
    endloop
  endfacet
  facet normal 0 0.7071067811865607 -0.7071067811865344
    outer loop
      vertex 7 32.91573480615127 -1.777785116509801
      vertex 52 32.91573480615127 -1.777785116509801
      vertex 52 32.777785116509804 -1.9157348061512727
    endloop
  endfacet
  facet normal 0 0.923879532511288 -0.3826834323650867
    outer loop
      vertex 7 32.91573480615127 -1.777785116509801
      vertex 52 32.99039264020161 -1.5975451610080642
      vertex 52 32.91573480615127 -1.777785116509801
    endloop
  endfacet
  facet normal 0 1 0
    outer loop
      vertex 7 32.99039264020161 -1.5975451610080642
      vertex 52 32.99039264020161 -0.5975451610080641
      vertex 52 32.99039264020161 -1.5975451610080642
    endloop
  endfacet
  facet normal 0 0 1
    outer loop
      vertex 7 31.009607359798384 -0.009607359798384785
      vertex 52.097545161008064 27.5 -0.009607359798384785
      vertex 52 31.009607359798384 -0.009607359798384785
    endloop
  endfacet
  facet normal 0.07590088788045538 -0.3815795311289165 -0.9212144791753953
    outer loop
      vertex 52.03732891702517 19.40988002224913 0.009607359798384785
      vertex 52 19.2222148834902 0.08426519384872738
      vertex 52 19.402454838991936 0.009607359798384785
    endloop
  endfacet
  facet normal 0.21614744150487633 -0.32348750654160513 -0.9212144791753932
    outer loop
      vertex 52.03732891702517 19.40988002224913 0.009607359798384785
      vertex 52.06897484482074 19.431025155179263 0.009607359798384785
      vertex 52.10630376184591 19.243360016420333 0.08426519384872738
    endloop
  endfacet
  facet normal 0.3234875065416131 -0.21614744150484536 -0.9212144791753978
    outer loop
      vertex 52.06897484482074 19.431025155179263 0.009607359798384785
      vertex 52.09011997775087 19.46267108297483 0.009607359798384785
      vertex 52.25663998357967 19.393696238154092 0.08426519384872738
    endloop
  endfacet
  facet normal 0.3815795311289067 -0.07590088788048976 -0.9212144791753966
    outer loop
      vertex 52.09011997775087 19.46267108297483 0.009607359798384785
      vertex 52.097545161008064 19.5 0.009607359798384785
      vertex 52.25663998357967 19.393696238154092 0.08426519384872738
    endloop
  endfacet
  facet normal 0.07590088788047482 -0.38157953112891924 -0.9212144791753925
    outer loop
      vertex 52.03732891702517 19.40988002224913 0.009607359798384785
      vertex 52.10630376184591 19.243360016420333 0.08426519384872738
      vertex 52 19.2222148834902 0.08426519384872738
    endloop
  endfacet
  facet normal 0.13928132531715526 -0.7002145072825477 -0.7002145072825582
    outer loop
      vertex 52.10630376184591 19.243360016420333 0.08426519384872738
      vertex 52 19.084265193848726 0.2222148834901989
      vertex 52 19.2222148834902 0.08426519384872738
    endloop
  endfacet
  facet normal 0.21614744150488416 -0.3234875065416032 -0.9212144791753921
    outer loop
      vertex 52.06897484482074 19.431025155179263 0.009607359798384785
      vertex 52.196423739596774 19.303576260403226 0.08426519384872738
      vertex 52.10630376184591 19.243360016420333 0.08426519384872738
    endloop
  endfacet
  facet normal 0.1392813253171595 -0.7002145072825489 -0.7002145072825562
    outer loop
      vertex 52.10630376184591 19.243360016420333 0.08426519384872738
      vertex 52.1590948225716 19.11591112164429 0.2222148834901989
      vertex 52 19.084265193848726 0.2222148834901989
    endloop
  endfacet
  facet normal 0.3966396567602879 -0.5936131960090956 -0.7002145072825529
    outer loop
      vertex 52.10630376184591 19.243360016420333 0.08426519384872738
      vertex 52.29396890060484 19.20603109939516 0.2222148834901989
      vertex 52.1590948225716 19.11591112164429 0.2222148834901989
    endloop
  endfacet
  facet normal 0.39663965676028845 -0.5936131960090943 -0.7002145072825534
    outer loop
      vertex 52.10630376184591 19.243360016420333 0.08426519384872738
      vertex 52.196423739596774 19.303576260403226 0.08426519384872738
      vertex 52.29396890060484 19.20603109939516 0.2222148834901989
    endloop
  endfacet
  facet normal 0.5936131960090945 -0.3966396567602885 -0.7002145072825533
    outer loop
      vertex 52.196423739596774 19.303576260403226 0.08426519384872738
      vertex 52.25663998357967 19.393696238154092 0.08426519384872738
      vertex 52.29396890060484 19.20603109939516 0.2222148834901989
    endloop
  endfacet
  facet normal 0.5936131960091081 -0.3966396567602806 -0.7002145072825464
    outer loop
      vertex 52.25663998357967 19.393696238154092 0.08426519384872738
      vertex 52.384088878355705 19.340905177428397 0.2222148834901989
      vertex 52.29396890060484 19.20603109939516 0.2222148834901989
    endloop
  endfacet
  facet normal 0.3234875065416032 -0.21614744150488416 -0.9212144791753921
    outer loop
      vertex 52.06897484482074 19.431025155179263 0.009607359798384785
      vertex 52.25663998357967 19.393696238154092 0.08426519384872738
      vertex 52.196423739596774 19.303576260403226 0.08426519384872738
    endloop
  endfacet
  facet normal 0.3815795311289092 -0.07590088788048559 -0.9212144791753958
    outer loop
      vertex 52.097545161008064 19.5 0.009607359798384785
      vertex 52.277785116509804 19.5 0.08426519384872738
      vertex 52.25663998357967 19.393696238154092 0.08426519384872738
    endloop
  endfacet
  facet normal 0.7002145072825522 -0.13928132531717957 -0.7002145072825489
    outer loop
      vertex 52.25663998357967 19.393696238154092 0.08426519384872738
      vertex 52.277785116509804 19.5 0.08426519384872738
      vertex 52.384088878355705 19.340905177428397 0.2222148834901989
    endloop
  endfacet
  facet normal 0.700214507282565 -0.13928132531716275 -0.7002145072825393
    outer loop
      vertex 52.277785116509804 19.5 0.08426519384872738
      vertex 52.41573480615127 19.5 0.2222148834901989
      vertex 52.384088878355705 19.340905177428397 0.2222148834901989
    endloop
  endfacet
  facet normal 0.1807443751593744 -0.9086633352183318 -0.37638067707859935
    outer loop
      vertex 52.18766513875893 19.046936276823555 0.4024548389919359
      vertex 52 19.009607359798384 0.4024548389919359
      vertex 52 19.084265193848726 0.2222148834901989
    endloop
  endfacet
  facet normal 0.19509032201612853 -0.9807852804032303 0
    outer loop
      vertex 52.18766513875893 19.046936276823555 0.5
      vertex 52 19.009607359798384 0.5
      vertex 52 19.009607359798384 0.4024548389919359
    endloop
  endfacet
  facet normal 0.19509032201612853 -0.9807852804032303 0
    outer loop
      vertex 52.18766513875893 19.046936276823555 0.4024548389919359
      vertex 52.18766513875893 19.046936276823555 0.5
      vertex 52 19.009607359798384 0.4024548389919359
    endloop
  endfacet
  facet normal 0.18074437515938227 -0.9086633352183272 -0.3763806770786067
    outer loop
      vertex 52.18766513875893 19.046936276823555 0.4024548389919359
      vertex 52 19.084265193848726 0.2222148834901989
      vertex 52.1590948225716 19.11591112164429 0.2222148834901989
    endloop
  endfacet
  facet normal 0.5147164328119547 -0.7703275794849787 -0.3763806770786065
    outer loop
      vertex 52.1590948225716 19.11591112164429 0.2222148834901989
      vertex 52.29396890060484 19.20603109939516 0.2222148834901989
      vertex 52.346759961330534 19.153240038669463 0.4024548389919359
    endloop
  endfacet
  facet normal 0.514716432811952 -0.7703275794849822 -0.376380677078603
    outer loop
      vertex 52.18766513875893 19.046936276823555 0.4024548389919359
      vertex 52.1590948225716 19.11591112164429 0.2222148834901989
      vertex 52.346759961330534 19.153240038669463 0.4024548389919359
    endloop
  endfacet
  facet normal 0.7703275794849861 -0.5147164328119394 -0.37638067707861267
    outer loop
      vertex 52.29396890060484 19.20603109939516 0.2222148834901989
      vertex 52.384088878355705 19.340905177428397 0.2222148834901989
      vertex 52.45306372317644 19.312334861241066 0.4024548389919359
    endloop
  endfacet
  facet normal 0.7703275794849825 -0.5147164328119523 -0.376380677078602
    outer loop
      vertex 52.29396890060484 19.20603109939516 0.2222148834901989
      vertex 52.45306372317644 19.312334861241066 0.4024548389919359
      vertex 52.346759961330534 19.153240038669463 0.4024548389919359
    endloop
  endfacet
  facet normal 0.9086633352183261 -0.18074437515938205 -0.37638067707860967
    outer loop
      vertex 52.384088878355705 19.340905177428397 0.2222148834901989
      vertex 52.41573480615127 19.5 0.2222148834901989
      vertex 52.45306372317644 19.312334861241066 0.4024548389919359
    endloop
  endfacet
  facet normal 0.9086633352183323 -0.18074437515937108 -0.37638067707859957
    outer loop
      vertex 52.41573480615127 19.5 0.2222148834901989
      vertex 52.49039264020161 19.5 0.4024548389919359
      vertex 52.45306372317644 19.312334861241066 0.4024548389919359
    endloop
  endfacet
  facet normal 0.5555702330196068 -0.8314696123025421 0
    outer loop
      vertex 52.18766513875893 19.046936276823555 0.4024548389919359
      vertex 52.346759961330534 19.153240038669463 0.4024548389919359
      vertex 52.346759961330534 19.153240038669463 0.5
    endloop
  endfacet
  facet normal 0.5555702330196068 -0.8314696123025421 0
    outer loop
      vertex 52.18766513875893 19.046936276823555 0.4024548389919359
      vertex 52.346759961330534 19.153240038669463 0.5
      vertex 52.18766513875893 19.046936276823555 0.5
    endloop
  endfacet
  facet normal 0.8314696123025421 -0.5555702330196068 0
    outer loop
      vertex 52.346759961330534 19.153240038669463 0.4024548389919359
      vertex 52.45306372317644 19.312334861241066 0.4024548389919359
      vertex 52.45306372317644 19.312334861241066 0.5
    endloop
  endfacet
  facet normal 0.8314696123025421 -0.5555702330196068 0
    outer loop
      vertex 52.346759961330534 19.153240038669463 0.4024548389919359
      vertex 52.45306372317644 19.312334861241066 0.5
      vertex 52.346759961330534 19.153240038669463 0.5
    endloop
  endfacet
  facet normal 0.9807852804032311 -0.19509032201612497 0
    outer loop
      vertex 52.45306372317644 19.312334861241066 0.4024548389919359
      vertex 52.49039264020161 19.5 0.4024548389919359
      vertex 52.45306372317644 19.312334861241066 0.5
    endloop
  endfacet
  facet normal 0.9807852804032311 -0.19509032201612497 0
    outer loop
      vertex 52.45306372317644 19.312334861241066 0.5
      vertex 52.49039264020161 19.5 0.4024548389919359
      vertex 52.49039264020161 19.5 0.5
    endloop
  endfacet
  facet normal 0 0 -1
    outer loop
      vertex 52.03732891702517 19.40988002224913 0.009607359798384785
      vertex 52 19.402454838991936 0.009607359798384785
      vertex 52 20 0.009607359798384785
    endloop
  endfacet
  facet normal 0 0 -1
    outer loop
      vertex 52.03732891702517 19.40988002224913 0.009607359798384785
      vertex 52 20 0.009607359798384785
      vertex 52.06897484482074 19.431025155179263 0.009607359798384785
    endloop
  endfacet
  facet normal 0 0 -1
    outer loop
      vertex 52.06897484482074 19.431025155179263 0.009607359798384785
      vertex 52 20 0.009607359798384785
      vertex 52.09011997775087 19.46267108297483 0.009607359798384785
    endloop
  endfacet
  facet normal 0 0 -1
    outer loop
      vertex 52.09011997775087 19.46267108297483 0.009607359798384785
      vertex 52 20 0.009607359798384785
      vertex 52.097545161008064 19.5 0.009607359798384785
    endloop
  endfacet
  facet normal 0 0 -1
    outer loop
      vertex 52.097545161008064 19.5 0.009607359798384785
      vertex 52 20 0.009607359798384785
      vertex 52.097545161008064 20 0.009607359798384785
    endloop
  endfacet
  facet normal 0.3826834323650839 0 -0.9238795325112892
    outer loop
      vertex 52.097545161008064 19.5 0.009607359798384785
      vertex 52.097545161008064 20 0.009607359798384785
      vertex 52.277785116509804 19.5 0.08426519384872738
    endloop
  endfacet
  facet normal 0.3815795311289067 0.07590088788048976 -0.9212144791753966
    outer loop
      vertex 52.097545161008064 20 0.009607359798384785
      vertex 52.09011997775087 20.03732891702517 0.009607359798384785
      vertex 52.25663998357967 20.106303761845908 0.08426519384872738
    endloop
  endfacet
  facet normal 0.3234875065416131 0.21614744150484536 -0.9212144791753978
    outer loop
      vertex 52.06897484482074 20.068974844820737 0.009607359798384785
      vertex 52.25663998357967 20.106303761845908 0.08426519384872738
      vertex 52.09011997775087 20.03732891702517 0.009607359798384785
    endloop
  endfacet
  facet normal 0.3826834323650839 0 -0.9238795325112892
    outer loop
      vertex 52.277785116509804 19.5 0.08426519384872738
      vertex 52.097545161008064 20 0.009607359798384785
      vertex 52.277785116509804 20 0.08426519384872738
    endloop
  endfacet
  facet normal 0.7071067811865605 0 -0.7071067811865346
    outer loop
      vertex 52.277785116509804 19.5 0.08426519384872738
      vertex 52.41573480615127 20 0.2222148834901989
      vertex 52.41573480615127 19.5 0.2222148834901989
    endloop
  endfacet
  facet normal 0.7071067811865605 0 -0.7071067811865346
    outer loop
      vertex 52.277785116509804 19.5 0.08426519384872738
      vertex 52.277785116509804 20 0.08426519384872738
      vertex 52.41573480615127 20 0.2222148834901989
    endloop
  endfacet
  facet normal 0.3815795311289092 0.07590088788048559 -0.9212144791753958
    outer loop
      vertex 52.097545161008064 20 0.009607359798384785
      vertex 52.25663998357967 20.106303761845908 0.08426519384872738
      vertex 52.277785116509804 20 0.08426519384872738
    endloop
  endfacet
  facet normal 0.7002145072825522 0.13928132531717957 -0.7002145072825489
    outer loop
      vertex 52.277785116509804 20 0.08426519384872738
      vertex 52.25663998357967 20.106303761845908 0.08426519384872738
      vertex 52.384088878355705 20.159094822571603 0.2222148834901989
    endloop
  endfacet
  facet normal 0.700214507282565 0.13928132531716275 -0.7002145072825393
    outer loop
      vertex 52.277785116509804 20 0.08426519384872738
      vertex 52.384088878355705 20.159094822571603 0.2222148834901989
      vertex 52.41573480615127 20 0.2222148834901989
    endloop
  endfacet
  facet normal 0.07590088788045538 0.3815795311289165 -0.9212144791753953
    outer loop
      vertex 52 20.097545161008064 0.009607359798384785
      vertex 52 20.2777851165098 0.08426519384872738
      vertex 52.03732891702517 20.09011997775087 0.009607359798384785
    endloop
  endfacet
  facet normal 0.21614744150487633 0.32348750654160513 -0.9212144791753932
    outer loop
      vertex 52.06897484482074 20.068974844820737 0.009607359798384785
      vertex 52.03732891702517 20.09011997775087 0.009607359798384785
      vertex 52.10630376184591 20.256639983579667 0.08426519384872738
    endloop
  endfacet
  facet normal 0.07590088788047482 0.38157953112891924 -0.9212144791753925
    outer loop
      vertex 52.03732891702517 20.09011997775087 0.009607359798384785
      vertex 52 20.2777851165098 0.08426519384872738
      vertex 52.10630376184591 20.256639983579667 0.08426519384872738
    endloop
  endfacet
  facet normal 0.13928132531715526 0.7002145072825477 -0.7002145072825582
    outer loop
      vertex 52 20.2777851165098 0.08426519384872738
      vertex 52 20.415734806151274 0.2222148834901989
      vertex 52.10630376184591 20.256639983579667 0.08426519384872738
    endloop
  endfacet
  facet normal 0.3234875065416032 0.21614744150488416 -0.9212144791753921
    outer loop
      vertex 52.06897484482074 20.068974844820737 0.009607359798384785
      vertex 52.196423739596774 20.196423739596774 0.08426519384872738
      vertex 52.25663998357967 20.106303761845908 0.08426519384872738
    endloop
  endfacet
  facet normal 0.21614744150488416 0.3234875065416032 -0.9212144791753921
    outer loop
      vertex 52.06897484482074 20.068974844820737 0.009607359798384785
      vertex 52.10630376184591 20.256639983579667 0.08426519384872738
      vertex 52.196423739596774 20.196423739596774 0.08426519384872738
    endloop
  endfacet
  facet normal 0.5936131960090943 0.39663965676028845 -0.7002145072825534
    outer loop
      vertex 52.25663998357967 20.106303761845908 0.08426519384872738
      vertex 52.196423739596774 20.196423739596774 0.08426519384872738
      vertex 52.29396890060484 20.29396890060484 0.2222148834901989
    endloop
  endfacet
  facet normal 0.3966396567602885 0.5936131960090945 -0.7002145072825533
    outer loop
      vertex 52.196423739596774 20.196423739596774 0.08426519384872738
      vertex 52.10630376184591 20.256639983579667 0.08426519384872738
      vertex 52.29396890060484 20.29396890060484 0.2222148834901989
    endloop
  endfacet
  facet normal 0.1392813253171595 0.7002145072825489 -0.7002145072825562
    outer loop
      vertex 52.10630376184591 20.256639983579667 0.08426519384872738
      vertex 52 20.415734806151274 0.2222148834901989
      vertex 52.1590948225716 20.38408887835571 0.2222148834901989
    endloop
  endfacet
  facet normal 0.3966396567602879 0.5936131960090956 -0.7002145072825529
    outer loop
      vertex 52.10630376184591 20.256639983579667 0.08426519384872738
      vertex 52.1590948225716 20.38408887835571 0.2222148834901989
      vertex 52.29396890060484 20.29396890060484 0.2222148834901989
    endloop
  endfacet
  facet normal 0.5936131960091081 0.3966396567602806 -0.7002145072825464
    outer loop
      vertex 52.25663998357967 20.106303761845908 0.08426519384872738
      vertex 52.29396890060484 20.29396890060484 0.2222148834901989
      vertex 52.384088878355705 20.159094822571603 0.2222148834901989
    endloop
  endfacet
  facet normal 0.9238795325112881 0 -0.38268343236508656
    outer loop
      vertex 52.41573480615127 19.5 0.2222148834901989
      vertex 52.49039264020161 20 0.4024548389919359
      vertex 52.49039264020161 19.5 0.4024548389919359
    endloop
  endfacet
  facet normal 0.9238795325112881 0 -0.38268343236508656
    outer loop
      vertex 52.41573480615127 19.5 0.2222148834901989
      vertex 52.41573480615127 20 0.2222148834901989
      vertex 52.49039264020161 20 0.4024548389919359
    endloop
  endfacet
  facet normal 0.9086633352183323 0.18074437515937108 -0.37638067707859957
    outer loop
      vertex 52.41573480615127 20 0.2222148834901989
      vertex 52.45306372317644 20.187665138758934 0.4024548389919359
      vertex 52.49039264020161 20 0.4024548389919359
    endloop
  endfacet
  facet normal 1 0 0
    outer loop
      vertex 52.49039264020161 19.5 0.4024548389919359
      vertex 52.49039264020161 20 0.4024548389919359
      vertex 52.49039264020161 19.5 0.5
    endloop
  endfacet
  facet normal 0.1807443751593744 0.9086633352183318 -0.37638067707859935
    outer loop
      vertex 52 20.415734806151274 0.2222148834901989
      vertex 52 20.490392640201616 0.4024548389919359
      vertex 52.18766513875893 20.453063723176445 0.4024548389919359
    endloop
  endfacet
  facet normal 0.5147164328119547 0.7703275794849787 -0.3763806770786065
    outer loop
      vertex 52.29396890060484 20.29396890060484 0.2222148834901989
      vertex 52.1590948225716 20.38408887835571 0.2222148834901989
      vertex 52.346759961330534 20.346759961330537 0.4024548389919359
    endloop
  endfacet
  facet normal 0.9086633352183261 0.18074437515938205 -0.37638067707860967
    outer loop
      vertex 52.41573480615127 20 0.2222148834901989
      vertex 52.384088878355705 20.159094822571603 0.2222148834901989
      vertex 52.45306372317644 20.187665138758934 0.4024548389919359
    endloop
  endfacet
  facet normal 0.7703275794849861 0.5147164328119394 -0.37638067707861267
    outer loop
      vertex 52.29396890060484 20.29396890060484 0.2222148834901989
      vertex 52.45306372317644 20.187665138758934 0.4024548389919359
      vertex 52.384088878355705 20.159094822571603 0.2222148834901989
    endloop
  endfacet
  facet normal 0.7703275794849825 0.5147164328119523 -0.376380677078602
    outer loop
      vertex 52.29396890060484 20.29396890060484 0.2222148834901989
      vertex 52.346759961330534 20.346759961330537 0.4024548389919359
      vertex 52.45306372317644 20.187665138758934 0.4024548389919359
    endloop
  endfacet
  facet normal 0.18074437515938227 0.9086633352183271 -0.3763806770786066
    outer loop
      vertex 52 20.415734806151274 0.2222148834901989
      vertex 52.18766513875893 20.453063723176445 0.4024548389919359
      vertex 52.1590948225716 20.38408887835571 0.2222148834901989
    endloop
  endfacet
  facet normal 0.514716432811952 0.7703275794849822 -0.3763806770786031
    outer loop
      vertex 52.1590948225716 20.38408887835571 0.2222148834901989
      vertex 52.18766513875893 20.453063723176445 0.4024548389919359
      vertex 52.346759961330534 20.346759961330537 0.4024548389919359
    endloop
  endfacet
  facet normal 1 0 0
    outer loop
      vertex 52.49039264020161 19.5 0.5
      vertex 52.49039264020161 20 0.4024548389919359
      vertex 52.49039264020161 19.5 5.5
    endloop
  endfacet
  facet normal 0.980785280403231 0.19509032201612495 0
    outer loop
      vertex 52.49039264020161 20 0.4024548389919359
      vertex 52.45306372317644 20.187665138758934 0.4024548389919359
      vertex 52.45306372317644 20.187665138758934 6.312334861241068
    endloop
  endfacet
  facet normal 0.8314696123025421 0.5555702330196068 0
    outer loop
      vertex 52.45306372317644 20.187665138758934 0.4024548389919359
      vertex 52.346759961330534 20.346759961330537 0.4024548389919359
      vertex 52.346759961330534 20.346759961330537 6.15324003866946
    endloop
  endfacet
  facet normal 0.1950903220161285 0.9807852804032304 0
    outer loop
      vertex 52 20.490392640201616 0.4024548389919359
      vertex 52.18766513875893 20.453063723176445 6.046936276823555
      vertex 52.18766513875893 20.453063723176445 0.4024548389919359
    endloop
  endfacet
  facet normal 0.5555702330196068 0.8314696123025421 0
    outer loop
      vertex 52.346759961330534 20.346759961330537 0.4024548389919359
      vertex 52.18766513875893 20.453063723176445 0.4024548389919359
      vertex 52.346759961330534 20.346759961330537 6.15324003866946
    endloop
  endfacet
  facet normal 0.07590088788047479 -0.38157953112891907 -0.9212144791753927
    outer loop
      vertex 52 27.2222148834902 -1.9157348061512727
      vertex 52.03732891702517 27.40988002224913 -1.9903926402016152
      vertex 52.10630376184591 27.243360016420333 -1.9157348061512727
    endloop
  endfacet
  facet normal 0.1392813253171553 -0.7002145072825479 -0.7002145072825581
    outer loop
      vertex 52 27.2222148834902 -1.9157348061512727
      vertex 52.10630376184591 27.243360016420333 -1.9157348061512727
      vertex 52 27.084265193848726 -1.777785116509801
    endloop
  endfacet
  facet normal 0.3966396567602885 -0.5936131960090946 -0.7002145072825533
    outer loop
      vertex 52.10630376184591 27.243360016420333 -1.9157348061512727
      vertex 52.196423739596774 27.303576260403226 -1.9157348061512727
      vertex 52.29396890060484 27.20603109939516 -1.777785116509801
    endloop
  endfacet
  facet normal 0.5936131960090947 -0.3966396567602886 -0.7002145072825532
    outer loop
      vertex 52.196423739596774 27.303576260403226 -1.9157348061512727
      vertex 52.25663998357967 27.393696238154092 -1.9157348061512727
      vertex 52.29396890060484 27.20603109939516 -1.777785116509801
    endloop
  endfacet
  facet normal 0.1392813253171596 -0.700214507282549 -0.7002145072825561
    outer loop
      vertex 52.10630376184591 27.243360016420333 -1.9157348061512727
      vertex 52.1590948225716 27.11591112164429 -1.777785116509801
      vertex 52 27.084265193848726 -1.777785116509801
    endloop
  endfacet
  facet normal 0.396639656760288 -0.5936131960090957 -0.7002145072825526
    outer loop
      vertex 52.10630376184591 27.243360016420333 -1.9157348061512727
      vertex 52.29396890060484 27.20603109939516 -1.777785116509801
      vertex 52.1590948225716 27.11591112164429 -1.777785116509801
    endloop
  endfacet
  facet normal 0.5936131960091081 -0.3966396567602806 -0.7002145072825461
    outer loop
      vertex 52.29396890060484 27.20603109939516 -1.777785116509801
      vertex 52.25663998357967 27.393696238154092 -1.9157348061512727
      vertex 52.384088878355705 27.340905177428397 -1.777785116509801
    endloop
  endfacet
  facet normal 0.18074437515938227 -0.9086633352183271 -0.37638067707860684
    outer loop
      vertex 52 27.084265193848726 -1.777785116509801
      vertex 52.1590948225716 27.11591112164429 -1.777785116509801
      vertex 52.18766513875893 27.046936276823555 -1.5975451610080642
    endloop
  endfacet
  facet normal 0.5147164328119547 -0.7703275794849787 -0.3763806770786068
    outer loop
      vertex 52.1590948225716 27.11591112164429 -1.777785116509801
      vertex 52.29396890060484 27.20603109939516 -1.777785116509801
      vertex 52.346759961330534 27.153240038669463 -1.5975451610080642
    endloop
  endfacet
  facet normal 0.770327579484986 -0.5147164328119392 -0.37638067707861284
    outer loop
      vertex 52.29396890060484 27.20603109939516 -1.777785116509801
      vertex 52.384088878355705 27.340905177428397 -1.777785116509801
      vertex 52.45306372317644 27.312334861241066 -1.5975451610080642
    endloop
  endfacet
  facet normal 0.07590088788045544 -0.3815795311289163 -0.9212144791753955
    outer loop
      vertex 52 27.2222148834902 -1.9157348061512727
      vertex 52 27.402454838991936 -1.9903926402016152
      vertex 52.03732891702517 27.40988002224913 -1.9903926402016152
    endloop
  endfacet
  facet normal 0.21614744150487633 -0.3234875065416048 -0.9212144791753933
    outer loop
      vertex 52.10630376184591 27.243360016420333 -1.9157348061512727
      vertex 52.03732891702517 27.40988002224913 -1.9903926402016152
      vertex 52.06897484482074 27.431025155179263 -1.9903926402016152
    endloop
  endfacet
  facet normal 0.3234875065416129 -0.21614744150484524 -0.9212144791753979
    outer loop
      vertex 52.06897484482074 27.431025155179263 -1.9903926402016152
      vertex 52.09011997775087 27.46267108297483 -1.9903926402016152
      vertex 52.25663998357967 27.393696238154092 -1.9157348061512727
    endloop
  endfacet
  facet normal 0.216147441504884 -0.32348750654160296 -0.9212144791753923
    outer loop
      vertex 52.10630376184591 27.243360016420333 -1.9157348061512727
      vertex 52.06897484482074 27.431025155179263 -1.9903926402016152
      vertex 52.196423739596774 27.303576260403226 -1.9157348061512727
    endloop
  endfacet
  facet normal 0.32348750654160296 -0.216147441504884 -0.9212144791753923
    outer loop
      vertex 52.196423739596774 27.303576260403226 -1.9157348061512727
      vertex 52.06897484482074 27.431025155179263 -1.9903926402016152
      vertex 52.25663998357967 27.393696238154092 -1.9157348061512727
    endloop
  endfacet
  facet normal 0.3815795311289067 -0.07590088788048961 -0.9212144791753966
    outer loop
      vertex 52.25663998357967 27.393696238154092 -1.9157348061512727
      vertex 52.09011997775087 27.46267108297483 -1.9903926402016152
      vertex 52.097545161008064 27.5 -1.9903926402016152
    endloop
  endfacet
  facet normal 0.381579531128909 -0.07590088788048553 -0.9212144791753959
    outer loop
      vertex 52.25663998357967 27.393696238154092 -1.9157348061512727
      vertex 52.097545161008064 27.5 -1.9903926402016152
      vertex 52.277785116509804 27.5 -1.9157348061512727
    endloop
  endfacet
  facet normal 0.7002145072825524 -0.1392813253171796 -0.7002145072825487
    outer loop
      vertex 52.25663998357967 27.393696238154092 -1.9157348061512727
      vertex 52.277785116509804 27.5 -1.9157348061512727
      vertex 52.384088878355705 27.340905177428397 -1.777785116509801
    endloop
  endfacet
  facet normal 0.7002145072825651 -0.13928132531716278 -0.7002145072825392
    outer loop
      vertex 52.277785116509804 27.5 -1.9157348061512727
      vertex 52.41573480615127 27.5 -1.777785116509801
      vertex 52.384088878355705 27.340905177428397 -1.777785116509801
    endloop
  endfacet
  facet normal 0.9086633352183259 -0.18074437515938202 -0.37638067707860984
    outer loop
      vertex 52.384088878355705 27.340905177428397 -1.777785116509801
      vertex 52.41573480615127 27.5 -1.777785116509801
      vertex 52.45306372317644 27.312334861241066 -1.5975451610080642
    endloop
  endfacet
  facet normal 0.18074437515937436 -0.9086633352183318 -0.37638067707859957
    outer loop
      vertex 52 27.084265193848726 -1.777785116509801
      vertex 52.18766513875893 27.046936276823555 -1.5975451610080642
      vertex 52 27.009607359798384 -1.5975451610080642
    endloop
  endfacet
  facet normal 0.514716432811952 -0.7703275794849822 -0.37638067707860323
    outer loop
      vertex 52.1590948225716 27.11591112164429 -1.777785116509801
      vertex 52.346759961330534 27.153240038669463 -1.5975451610080642
      vertex 52.18766513875893 27.046936276823555 -1.5975451610080642
    endloop
  endfacet
  facet normal 0.7703275794849825 -0.5147164328119521 -0.3763806770786022
    outer loop
      vertex 52.29396890060484 27.20603109939516 -1.777785116509801
      vertex 52.45306372317644 27.312334861241066 -1.5975451610080642
      vertex 52.346759961330534 27.153240038669463 -1.5975451610080642
    endloop
  endfacet
  facet normal 0.9086633352183323 -0.18074437515937106 -0.3763806770785998
    outer loop
      vertex 52.41573480615127 27.5 -1.777785116509801
      vertex 52.49039264020161 27.5 -1.5975451610080642
      vertex 52.45306372317644 27.312334861241066 -1.5975451610080642
    endloop
  endfacet
  facet normal 0.19509032201612853 -0.9807852804032304 0
    outer loop
      vertex 52 27.009607359798384 -1.5975451610080642
      vertex 52.18766513875893 27.046936276823555 -1.5975451610080642
      vertex 52 27.009607359798384 -0.4024548389919359
    endloop
  endfacet
  facet normal 0.5555702330196068 -0.8314696123025421 0
    outer loop
      vertex 52.18766513875893 27.046936276823555 -1.5975451610080642
      vertex 52.346759961330534 27.153240038669463 -1.5975451610080642
      vertex 52.346759961330534 27.153240038669463 -0.4024548389919359
    endloop
  endfacet
  facet normal 0.8314696123025421 -0.5555702330196068 0
    outer loop
      vertex 52.346759961330534 27.153240038669463 -1.5975451610080642
      vertex 52.45306372317644 27.312334861241066 -1.5975451610080642
      vertex 52.45306372317644 27.312334861241066 -0.4024548389919359
    endloop
  endfacet
  facet normal 0.9807852804032311 -0.19509032201612497 0
    outer loop
      vertex 52.45306372317644 27.312334861241066 -1.5975451610080642
      vertex 52.49039264020161 27.5 -1.5975451610080642
      vertex 52.49039264020161 27.5 -0.4024548389919359
    endloop
  endfacet
  facet normal 0.19509032201612853 -0.9807852804032304 0
    outer loop
      vertex 52.18766513875893 27.046936276823555 -1.5975451610080642
      vertex 52.18766513875893 27.046936276823555 -0.4024548389919359
      vertex 52 27.009607359798384 -0.4024548389919359
    endloop
  endfacet
  facet normal 0.5555702330196068 -0.8314696123025421 0
    outer loop
      vertex 52.18766513875893 27.046936276823555 -1.5975451610080642
      vertex 52.346759961330534 27.153240038669463 -0.4024548389919359
      vertex 52.18766513875893 27.046936276823555 -0.4024548389919359
    endloop
  endfacet
  facet normal 0.8314696123025421 -0.5555702330196068 0
    outer loop
      vertex 52.346759961330534 27.153240038669463 -1.5975451610080642
      vertex 52.45306372317644 27.312334861241066 -0.4024548389919359
      vertex 52.346759961330534 27.153240038669463 -0.4024548389919359
    endloop
  endfacet
  facet normal 0.9807852804032311 -0.19509032201612497 0
    outer loop
      vertex 52.45306372317644 27.312334861241066 -1.5975451610080642
      vertex 52.49039264020161 27.5 -0.4024548389919359
      vertex 52.45306372317644 27.312334861241066 -0.4024548389919359
    endloop
  endfacet
  facet normal 0.1807443751593744 -0.9086633352183318 0.37638067707859935
    outer loop
      vertex 52 27.009607359798384 -0.4024548389919359
      vertex 52.18766513875893 27.046936276823555 -0.4024548389919359
      vertex 52 27.084265193848726 -0.2222148834901989
    endloop
  endfacet
  facet normal 0.514716432811952 -0.7703275794849822 0.376380677078603
    outer loop
      vertex 52.18766513875893 27.046936276823555 -0.4024548389919359
      vertex 52.346759961330534 27.153240038669463 -0.4024548389919359
      vertex 52.1590948225716 27.11591112164429 -0.2222148834901989
    endloop
  endfacet
  facet normal 0.18074437515938227 -0.9086633352183272 0.3763806770786067
    outer loop
      vertex 52.18766513875893 27.046936276823555 -0.4024548389919359
      vertex 52.1590948225716 27.11591112164429 -0.2222148834901989
      vertex 52 27.084265193848726 -0.2222148834901989
    endloop
  endfacet
  facet normal 0.5147164328119547 -0.7703275794849787 0.3763806770786065
    outer loop
      vertex 52.346759961330534 27.153240038669463 -0.4024548389919359
      vertex 52.29396890060484 27.20603109939516 -0.2222148834901989
      vertex 52.1590948225716 27.11591112164429 -0.2222148834901989
    endloop
  endfacet
  facet normal 0.7703275794849826 -0.5147164328119523 0.376380677078602
    outer loop
      vertex 52.346759961330534 27.153240038669463 -0.4024548389919359
      vertex 52.45306372317644 27.312334861241066 -0.4024548389919359
      vertex 52.29396890060484 27.20603109939516 -0.2222148834901989
    endloop
  endfacet
  facet normal 0.7703275794849859 -0.5147164328119394 0.3763806770786126
    outer loop
      vertex 52.45306372317644 27.312334861241066 -0.4024548389919359
      vertex 52.384088878355705 27.340905177428397 -0.2222148834901989
      vertex 52.29396890060484 27.20603109939516 -0.2222148834901989
    endloop
  endfacet
  facet normal 0.1392813253171553 -0.7002145072825477 0.7002145072825582
    outer loop
      vertex 52 27.084265193848726 -0.2222148834901989
      vertex 52.10630376184591 27.243360016420333 -0.08426519384872738
      vertex 52 27.2222148834902 -0.08426519384872738
    endloop
  endfacet
  facet normal 0.13928132531715956 -0.7002145072825489 0.7002145072825562
    outer loop
      vertex 52 27.084265193848726 -0.2222148834901989
      vertex 52.1590948225716 27.11591112164429 -0.2222148834901989
      vertex 52.10630376184591 27.243360016420333 -0.08426519384872738
    endloop
  endfacet
  facet normal 0.3966396567602879 -0.5936131960090956 0.7002145072825527
    outer loop
      vertex 52.1590948225716 27.11591112164429 -0.2222148834901989
      vertex 52.29396890060484 27.20603109939516 -0.2222148834901989
      vertex 52.10630376184591 27.243360016420333 -0.08426519384872738
    endloop
  endfacet
  facet normal 0.39663965676028845 -0.5936131960090945 0.7002145072825533
    outer loop
      vertex 52.29396890060484 27.20603109939516 -0.2222148834901989
      vertex 52.196423739596774 27.303576260403226 -0.08426519384872738
      vertex 52.10630376184591 27.243360016420333 -0.08426519384872738
    endloop
  endfacet
  facet normal 0.5936131960090945 -0.39663965676028845 0.7002145072825533
    outer loop
      vertex 52.29396890060484 27.20603109939516 -0.2222148834901989
      vertex 52.25663998357967 27.393696238154092 -0.08426519384872738
      vertex 52.196423739596774 27.303576260403226 -0.08426519384872738
    endloop
  endfacet
  facet normal 0.593613196009108 -0.39663965676028057 0.7002145072825463
    outer loop
      vertex 52.29396890060484 27.20603109939516 -0.2222148834901989
      vertex 52.384088878355705 27.340905177428397 -0.2222148834901989
      vertex 52.25663998357967 27.393696238154092 -0.08426519384872738
    endloop
  endfacet
  facet normal 0.9086633352183323 -0.18074437515937108 0.37638067707859957
    outer loop
      vertex 52.45306372317644 27.312334861241066 -0.4024548389919359
      vertex 52.49039264020161 27.5 -0.4024548389919359
      vertex 52.41573480615127 27.5 -0.2222148834901989
    endloop
  endfacet
  facet normal 0.908663335218326 -0.18074437515938202 0.37638067707860967
    outer loop
      vertex 52.45306372317644 27.312334861241066 -0.4024548389919359
      vertex 52.41573480615127 27.5 -0.2222148834901989
      vertex 52.384088878355705 27.340905177428397 -0.2222148834901989
    endloop
  endfacet
  facet normal 0.7002145072825522 -0.1392813253171795 0.7002145072825489
    outer loop
      vertex 52.384088878355705 27.340905177428397 -0.2222148834901989
      vertex 52.277785116509804 27.5 -0.08426519384872738
      vertex 52.25663998357967 27.393696238154092 -0.08426519384872738
    endloop
  endfacet
  facet normal 0.700214507282565 -0.13928132531716275 0.7002145072825393
    outer loop
      vertex 52.384088878355705 27.340905177428397 -0.2222148834901989
      vertex 52.41573480615127 27.5 -0.2222148834901989
      vertex 52.277785116509804 27.5 -0.08426519384872738
    endloop
  endfacet
  facet normal 0.923879532511288 0 0.3826834323650865
    outer loop
      vertex 52.49039264020161 27.5 -0.4024548389919359
      vertex 52.41573480615127 31.256468188907135 -0.2222148834901989
      vertex 52.41573480615127 27.5 -0.2222148834901989
    endloop
  endfacet
  facet normal 0.7071067811865605 0 0.7071067811865346
    outer loop
      vertex 52.41573480615127 27.5 -0.2222148834901989
      vertex 52.346759961330534 31.153240038669463 -0.1532400386694596
      vertex 52.277785116509804 27.5 -0.08426519384872738
    endloop
  endfacet
  facet normal 0.07590088788047482 -0.38157953112891924 0.9212144791753925
    outer loop
      vertex 52 27.2222148834902 -0.08426519384872738
      vertex 52.10630376184591 27.243360016420333 -0.08426519384872738
      vertex 52.03732891702517 27.40988002224913 -0.009607359798384785
    endloop
  endfacet
  facet normal 0.07590088788045544 -0.3815795311289165 0.9212144791753953
    outer loop
      vertex 52 27.2222148834902 -0.08426519384872738
      vertex 52.03732891702517 27.40988002224913 -0.009607359798384785
      vertex 52 27.402454838991936 -0.009607359798384785
    endloop
  endfacet
  facet normal 0.2161474415048763 -0.32348750654160513 0.9212144791753932
    outer loop
      vertex 52.10630376184591 27.243360016420333 -0.08426519384872738
      vertex 52.06897484482074 27.431025155179263 -0.009607359798384785
      vertex 52.03732891702517 27.40988002224913 -0.009607359798384785
    endloop
  endfacet
  facet normal 0.21614744150488413 -0.3234875065416032 0.9212144791753921
    outer loop
      vertex 52.10630376184591 27.243360016420333 -0.08426519384872738
      vertex 52.196423739596774 27.303576260403226 -0.08426519384872738
      vertex 52.06897484482074 27.431025155179263 -0.009607359798384785
    endloop
  endfacet
  facet normal 0.3234875065416032 -0.21614744150488413 0.9212144791753921
    outer loop
      vertex 52.196423739596774 27.303576260403226 -0.08426519384872738
      vertex 52.25663998357967 27.393696238154092 -0.08426519384872738
      vertex 52.06897484482074 27.431025155179263 -0.009607359798384785
    endloop
  endfacet
  facet normal 0.3815795311289092 -0.07590088788048559 0.9212144791753958
    outer loop
      vertex 52.25663998357967 27.393696238154092 -0.08426519384872738
      vertex 52.277785116509804 27.5 -0.08426519384872738
      vertex 52.097545161008064 27.5 -0.009607359798384785
    endloop
  endfacet
  facet normal 0.3234875065416131 -0.21614744150484536 0.9212144791753978
    outer loop
      vertex 52.06897484482074 27.431025155179263 -0.009607359798384785
      vertex 52.25663998357967 27.393696238154092 -0.08426519384872738
      vertex 52.09011997775087 27.46267108297483 -0.009607359798384785
    endloop
  endfacet
  facet normal 0.3815795311289068 -0.07590088788048961 0.9212144791753966
    outer loop
      vertex 52.25663998357967 27.393696238154092 -0.08426519384872738
      vertex 52.097545161008064 27.5 -0.009607359798384785
      vertex 52.09011997775087 27.46267108297483 -0.009607359798384785
    endloop
  endfacet
  facet normal 0.3826834323650839 0 0.9238795325112892
    outer loop
      vertex 52.277785116509804 27.5 -0.08426519384872738
      vertex 52.097545161008064 31.02901029870093 -0.009607359798384785
      vertex 52.097545161008064 27.5 -0.009607359798384785
    endloop
  endfacet
  facet normal 0.3826834323650836 0 -0.9238795325112893
    outer loop
      vertex 52.097545161008064 27.5 -1.9903926402016152
      vertex 52.097545161008064 32.5 -1.9903926402016152
      vertex 52.277785116509804 27.5 -1.9157348061512727
    endloop
  endfacet
  facet normal 0.7071067811865606 0 -0.7071067811865344
    outer loop
      vertex 52.277785116509804 27.5 -1.9157348061512727
      vertex 52.277785116509804 32.5 -1.9157348061512727
      vertex 52.41573480615127 27.5 -1.777785116509801
    endloop
  endfacet
  facet normal 0.923879532511288 0 -0.38268343236508673
    outer loop
      vertex 52.41573480615127 27.5 -1.777785116509801
      vertex 52.49039264020161 32.5 -1.5975451610080642
      vertex 52.49039264020161 27.5 -1.5975451610080642
    endloop
  endfacet
  facet normal 0.3826834323650836 0 -0.9238795325112893
    outer loop
      vertex 52.277785116509804 27.5 -1.9157348061512727
      vertex 52.097545161008064 32.5 -1.9903926402016152
      vertex 52.277785116509804 32.5 -1.9157348061512727
    endloop
  endfacet
  facet normal 0.7071067811865606 0 -0.7071067811865344
    outer loop
      vertex 52.41573480615127 27.5 -1.777785116509801
      vertex 52.277785116509804 32.5 -1.9157348061512727
      vertex 52.41573480615127 32.5 -1.777785116509801
    endloop
  endfacet
  facet normal 0.923879532511288 0 -0.38268343236508673
    outer loop
      vertex 52.41573480615127 27.5 -1.777785116509801
      vertex 52.41573480615127 32.5 -1.777785116509801
      vertex 52.49039264020161 32.5 -1.5975451610080642
    endloop
  endfacet
  facet normal 1 0 0
    outer loop
      vertex 52.49039264020161 27.5 -1.5975451610080642
      vertex 52.49039264020161 32.5 -1.5975451610080642
      vertex 52.49039264020161 27.5 -0.4024548389919359
    endloop
  endfacet
  facet normal 1 0 0
    outer loop
      vertex 52.49039264020161 27.5 -0.4024548389919359
      vertex 52.49039264020161 32.5 -1.5975451610080642
      vertex 52.49039264020161 31.5 -0.4024548389919359
    endloop
  endfacet
  facet normal 0.21614744150484524 0.3234875065416129 -0.9212144791753979
    outer loop
      vertex 52.06897484482074 32.56897484482074 -1.9903926402016152
      vertex 52.03732891702517 32.59011997775087 -1.9903926402016152
      vertex 52.10630376184591 32.75663998357967 -1.9157348061512727
    endloop
  endfacet
  facet normal 0.07590088788048971 0.3815795311289065 -0.9212144791753967
    outer loop
      vertex 52 32.597545161008064 -1.9903926402016152
      vertex 52.10630376184591 32.75663998357967 -1.9157348061512727
      vertex 52.03732891702517 32.59011997775087 -1.9903926402016152
    endloop
  endfacet
  facet normal 0.07590088788048552 0.381579531128909 -0.9212144791753959
    outer loop
      vertex 52 32.597545161008064 -1.9903926402016152
      vertex 52 32.777785116509804 -1.9157348061512727
      vertex 52.10630376184591 32.75663998357967 -1.9157348061512727
    endloop
  endfacet
  facet normal 0.3815795311289065 0.07590088788048971 -0.9212144791753967
    outer loop
      vertex 52.097545161008064 32.5 -1.9903926402016152
      vertex 52.09011997775087 32.53732891702517 -1.9903926402016152
      vertex 52.25663998357967 32.60630376184591 -1.9157348061512727
    endloop
  endfacet
  facet normal 0.3234875065416129 0.21614744150484524 -0.9212144791753979
    outer loop
      vertex 52.06897484482074 32.56897484482074 -1.9903926402016152
      vertex 52.25663998357967 32.60630376184591 -1.9157348061512727
      vertex 52.09011997775087 32.53732891702517 -1.9903926402016152
    endloop
  endfacet
  facet normal 0.381579531128909 0.07590088788048552 -0.9212144791753959
    outer loop
      vertex 52.097545161008064 32.5 -1.9903926402016152
      vertex 52.25663998357967 32.60630376184591 -1.9157348061512727
      vertex 52.277785116509804 32.5 -1.9157348061512727
    endloop
  endfacet
  facet normal 0.32348750654160296 0.21614744150488402 -0.9212144791753923
    outer loop
      vertex 52.06897484482074 32.56897484482074 -1.9903926402016152
      vertex 52.196423739596774 32.696423739596774 -1.9157348061512727
      vertex 52.25663998357967 32.60630376184591 -1.9157348061512727
    endloop
  endfacet
  facet normal 0.21614744150488402 0.32348750654160296 -0.9212144791753923
    outer loop
      vertex 52.06897484482074 32.56897484482074 -1.9903926402016152
      vertex 52.10630376184591 32.75663998357967 -1.9157348061512727
      vertex 52.196423739596774 32.696423739596774 -1.9157348061512727
    endloop
  endfacet
  facet normal 0.7002145072825524 0.1392813253171796 -0.7002145072825487
    outer loop
      vertex 52.277785116509804 32.5 -1.9157348061512727
      vertex 52.25663998357967 32.60630376184591 -1.9157348061512727
      vertex 52.384088878355705 32.6590948225716 -1.777785116509801
    endloop
  endfacet
  facet normal 0.5936131960090946 0.3966396567602885 -0.7002145072825533
    outer loop
      vertex 52.25663998357967 32.60630376184591 -1.9157348061512727
      vertex 52.196423739596774 32.696423739596774 -1.9157348061512727
      vertex 52.29396890060484 32.79396890060484 -1.777785116509801
    endloop
  endfacet
  facet normal 0.1392813253171796 0.7002145072825524 -0.7002145072825487
    outer loop
      vertex 52 32.777785116509804 -1.9157348061512727
      vertex 52.1590948225716 32.884088878355705 -1.777785116509801
      vertex 52.10630376184591 32.75663998357967 -1.9157348061512727
    endloop
  endfacet
  facet normal 0.3966396567602886 0.5936131960090947 -0.7002145072825532
    outer loop
      vertex 52.196423739596774 32.696423739596774 -1.9157348061512727
      vertex 52.10630376184591 32.75663998357967 -1.9157348061512727
      vertex 52.29396890060484 32.79396890060484 -1.777785116509801
    endloop
  endfacet
  facet normal 0.13928132531716278 0.7002145072825651 -0.7002145072825392
    outer loop
      vertex 52 32.777785116509804 -1.9157348061512727
      vertex 52 32.91573480615127 -1.777785116509801
      vertex 52.1590948225716 32.884088878355705 -1.777785116509801
    endloop
  endfacet
  facet normal 0.7002145072825651 0.13928132531716278 -0.7002145072825392
    outer loop
      vertex 52.277785116509804 32.5 -1.9157348061512727
      vertex 52.384088878355705 32.6590948225716 -1.777785116509801
      vertex 52.41573480615127 32.5 -1.777785116509801
    endloop
  endfacet
  facet normal 0.5936131960091081 0.3966396567602806 -0.7002145072825461
    outer loop
      vertex 52.25663998357967 32.60630376184591 -1.9157348061512727
      vertex 52.29396890060484 32.79396890060484 -1.777785116509801
      vertex 52.384088878355705 32.6590948225716 -1.777785116509801
    endloop
  endfacet
  facet normal 0.9086633352183271 0.18074437515938227 -0.37638067707860684
    outer loop
      vertex 52.41573480615127 32.5 -1.777785116509801
      vertex 52.384088878355705 32.6590948225716 -1.777785116509801
      vertex 52.45306372317644 32.68766513875893 -1.5975451610080642
    endloop
  endfacet
  facet normal 0.770327579484989 0.5147164328119412 -0.37638067707860423
    outer loop
      vertex 52.384088878355705 32.6590948225716 -1.777785116509801
      vertex 52.29396890060484 32.79396890060484 -1.777785116509801
      vertex 52.45306372317644 32.68766513875893 -1.5975451610080642
    endloop
  endfacet
  facet normal 0.3966396567602806 0.5936131960091081 -0.7002145072825461
    outer loop
      vertex 52.10630376184591 32.75663998357967 -1.9157348061512727
      vertex 52.1590948225716 32.884088878355705 -1.777785116509801
      vertex 52.29396890060484 32.79396890060484 -1.777785116509801
    endloop
  endfacet
  facet normal 0.18074437515938227 0.9086633352183271 -0.37638067707860684
    outer loop
      vertex 52 32.91573480615127 -1.777785116509801
      vertex 52.18766513875893 32.95306372317644 -1.5975451610080642
      vertex 52.1590948225716 32.884088878355705 -1.777785116509801
    endloop
  endfacet
  facet normal 0.5147164328119412 0.770327579484989 -0.3763806770786042
    outer loop
      vertex 52.29396890060484 32.79396890060484 -1.777785116509801
      vertex 52.1590948225716 32.884088878355705 -1.777785116509801
      vertex 52.18766513875893 32.95306372317644 -1.5975451610080642
    endloop
  endfacet
  facet normal 0.18074437515937436 0.9086633352183318 -0.37638067707859957
    outer loop
      vertex 52 32.91573480615127 -1.777785116509801
      vertex 52 32.99039264020161 -1.5975451610080642
      vertex 52.18766513875893 32.95306372317644 -1.5975451610080642
    endloop
  endfacet
  facet normal 0.9086633352183318 0.18074437515937436 -0.37638067707859957
    outer loop
      vertex 52.41573480615127 32.5 -1.777785116509801
      vertex 52.45306372317644 32.68766513875893 -1.5975451610080642
      vertex 52.49039264020161 32.5 -1.5975451610080642
    endloop
  endfacet
  facet normal 0.5147164328119541 0.7703275794849854 -0.37638067707859346
    outer loop
      vertex 52.29396890060484 32.79396890060484 -1.777785116509801
      vertex 52.18766513875893 32.95306372317644 -1.5975451610080642
      vertex 52.346759961330534 32.846759961330534 -1.5975451610080642
    endloop
  endfacet
  facet normal 0.7703275794849854 0.5147164328119541 -0.37638067707859346
    outer loop
      vertex 52.29396890060484 32.79396890060484 -1.777785116509801
      vertex 52.346759961330534 32.846759961330534 -1.5975451610080642
      vertex 52.45306372317644 32.68766513875893 -1.5975451610080642
    endloop
  endfacet
  facet normal 0.9807852804032304 0.19509032201612853 0
    outer loop
      vertex 52.49039264020161 32.5 -1.5975451610080642
      vertex 52.45306372317644 32.68766513875893 -1.5975451610080642
      vertex 52.49039264020161 32.5 -0.5975451610080641
    endloop
  endfacet
  facet normal 0.19509032201612853 0.9807852804032304 0
    outer loop
      vertex 52 32.99039264020161 -1.5975451610080642
      vertex 52.18766513875893 32.95306372317644 -0.5975451610080641
      vertex 52.18766513875893 32.95306372317644 -1.5975451610080642
    endloop
  endfacet
  facet normal 0.5555702330196068 0.8314696123025422 0
    outer loop
      vertex 52.18766513875893 32.95306372317644 -1.5975451610080642
      vertex 52.346759961330534 32.846759961330534 -0.5975451610080641
      vertex 52.346759961330534 32.846759961330534 -1.5975451610080642
    endloop
  endfacet
  facet normal 0.8314696123025422 0.5555702330196068 0
    outer loop
      vertex 52.45306372317644 32.68766513875893 -1.5975451610080642
      vertex 52.346759961330534 32.846759961330534 -1.5975451610080642
      vertex 52.45306372317644 32.68766513875893 -0.5975451610080641
    endloop
  endfacet
  facet normal 1 0 0
    outer loop
      vertex 52.49039264020161 32.5 -1.5975451610080642
      vertex 52.49039264020161 32.5 -0.5975451610080641
      vertex 52.49039264020161 31.5 -0.4024548389919359
    endloop
  endfacet
  facet normal 0.9807852804032304 0.19509032201612853 0
    outer loop
      vertex 52.45306372317644 32.68766513875893 -1.5975451610080642
      vertex 52.45306372317644 32.68766513875893 -0.5975451610080641
      vertex 52.49039264020161 32.5 -0.5975451610080641
    endloop
  endfacet
  facet normal 0.5555702330196068 0.8314696123025422 0
    outer loop
      vertex 52.18766513875893 32.95306372317644 -1.5975451610080642
      vertex 52.18766513875893 32.95306372317644 -0.5975451610080641
      vertex 52.346759961330534 32.846759961330534 -0.5975451610080641
    endloop
  endfacet
  facet normal 0.8314696123025422 0.5555702330196068 0
    outer loop
      vertex 52.346759961330534 32.846759961330534 -1.5975451610080642
      vertex 52.346759961330534 32.846759961330534 -0.5975451610080641
      vertex 52.45306372317644 32.68766513875893 -0.5975451610080641
    endloop
  endfacet
  facet normal 0.19509032201612853 0.9807852804032304 0
    outer loop
      vertex 52 32.99039264020161 -1.5975451610080642
      vertex 52 32.99039264020161 -0.5975451610080641
      vertex 52.18766513875893 32.95306372317644 -0.4024548389919359
    endloop
  endfacet
  facet normal 0.19509032201612853 0.9807852804032304 0
    outer loop
      vertex 52 32.99039264020161 -1.5975451610080642
      vertex 52.18766513875893 32.95306372317644 -0.4024548389919359
      vertex 52.18766513875893 32.95306372317644 -0.5975451610080641
    endloop
  endfacet
  facet normal 0.9238795325112881 0 0.38268343236508656
    outer loop
      vertex 52.49039264020161 27.5 -0.4024548389919359
      vertex 52.49039264020161 31.5 -0.4024548389919359
      vertex 52.45306372317644 31.312334861241066 -0.3123348612410674
    endloop
  endfacet
  facet normal 0.9238795325112881 0 0.3826834323650866
    outer loop
      vertex 52.49039264020161 27.5 -0.4024548389919359
      vertex 52.45306372317644 31.312334861241066 -0.3123348612410674
      vertex 52.41573480615127 31.256468188907135 -0.2222148834901989
    endloop
  endfacet
  facet normal 0.7071067811865606 0 0.7071067811865346
    outer loop
      vertex 52.41573480615127 27.5 -0.2222148834901989
      vertex 52.41573480615127 31.256468188907135 -0.2222148834901989
      vertex 52.346759961330534 31.153240038669463 -0.1532400386694596
    endloop
  endfacet
  facet normal 0 0 1
    outer loop
      vertex 52.097545161008064 27.5 -0.009607359798384785
      vertex 52.097545161008064 31.02901029870093 -0.009607359798384785
      vertex 52 31.009607359798384 -0.009607359798384785
    endloop
  endfacet
  facet normal 0.38268343236508395 2.494317747044634e-18 0.9238795325112893
    outer loop
      vertex 52.277785116509804 27.5 -0.08426519384872738
      vertex 52.18766513875893 31.046936276823555 -0.04693627682355461
      vertex 52.097545161008064 31.02901029870093 -0.009607359798384785
    endloop
  endfacet
  facet normal 0.38268343236508384 0 0.9238795325112892
    outer loop
      vertex 52.277785116509804 27.5 -0.08426519384872738
      vertex 52.277785116509804 31.10715252080645 -0.08426519384872738
      vertex 52.18766513875893 31.046936276823555 -0.04693627682355461
    endloop
  endfacet
  facet normal 0.7071067811865605 0 0.7071067811865345
    outer loop
      vertex 52.277785116509804 27.5 -0.08426519384872738
      vertex 52.346759961330534 31.153240038669463 -0.1532400386694596
      vertex 52.277785116509804 31.10715252080645 -0.08426519384872738
    endloop
  endfacet
  facet normal 1 0 0
    outer loop
      vertex 52.49039264020161 31.5 -0.4024548389919359
      vertex 52.49039264020161 32.5 -0.5975451610080641
      vertex 52.49039264020161 32.5 -0.4024548389919359
    endloop
  endfacet
  facet normal 0.19509032201612747 0.9807852804032305 1.0130846997960901e-15
    outer loop
      vertex 52 32.99039264020161 -0.5975451610080641
      vertex 52.00446751053534 32.989503997104734 -0.4024548389919359
      vertex 52.18766513875893 32.95306372317644 -0.4024548389919359
    endloop
  endfacet
  facet normal 0.9807852804032303 0.19509032201612853 0
    outer loop
      vertex 52.49039264020161 32.5 -0.5975451610080641
      vertex 52.45306372317644 32.68766513875893 -0.5975451610080641
      vertex 52.49039264020161 32.5 -0.4024548389919359
    endloop
  endfacet
  facet normal 0.5555702330196068 0.8314696123025421 0
    outer loop
      vertex 52.18766513875893 32.95306372317644 -0.5975451610080641
      vertex 52.18766513875893 32.95306372317644 -0.4024548389919359
      vertex 52.346759961330534 32.846759961330534 -0.5975451610080641
    endloop
  endfacet
  facet normal 0.9807852804032312 -0.195090322016125 0
    outer loop
      vertex 52.45306372317644 31.312334861241066 -0.3123348612410674
      vertex 52.49039264020161 31.5 -0.4024548389919359
      vertex 52.49039264020161 31.5 6.402454838991936
    endloop
  endfacet
  facet normal 0.19509032201613413 -0.9807852804032293 0
    outer loop
      vertex 52 31.009607359798384 -0.009607359798384785
      vertex 52.097545161008064 31.02901029870093 -0.009607359798384785
      vertex 52.097545161008064 31.02901029870093 6.009607359798385
    endloop
  endfacet
  facet normal 0.5555702330196043 -0.8314696123025439 0
    outer loop
      vertex 52.18766513875893 31.046936276823555 -0.04693627682355461
      vertex 52.277785116509804 31.10715252080645 -0.08426519384872738
      vertex 52.18766513875893 31.046936276823555 6.046936276823555
    endloop
  endfacet
  facet normal 0.5555702330196102 -0.8314696123025399 0
    outer loop
      vertex 52.346759961330534 31.153240038669463 -0.1532400386694596
      vertex 52.346759961330534 31.153240038669463 6.15324003866946
      vertex 52.277785116509804 31.10715252080645 -0.08426519384872738
    endloop
  endfacet
  facet normal 0.19509032201612247 -0.9807852804032317 0
    outer loop
      vertex 52.18766513875893 31.046936276823555 -0.04693627682355461
      vertex 52.18766513875893 31.046936276823555 6.046936276823555
      vertex 52.097545161008064 31.02901029870093 -0.009607359798384785
    endloop
  endfacet
  facet normal 0.8314696123025361 -0.5555702330196159 0
    outer loop
      vertex 52.45306372317644 31.312334861241066 -0.3123348612410674
      vertex 52.45306372317644 31.312334861241066 6.312334861241068
      vertex 52.41573480615127 31.256468188907135 -0.2222148834901989
    endloop
  endfacet
  facet normal 0.8314696123025455 -0.555570233019602 0
    outer loop
      vertex 52.346759961330534 31.153240038669463 -0.1532400386694596
      vertex 52.41573480615127 31.256468188907135 -0.2222148834901989
      vertex 52.41573480615127 31.256468188907135 6.222214883490199
    endloop
  endfacet
  facet normal 1 0 0
    outer loop
      vertex 52.49039264020161 31.5 -0.4024548389919359
      vertex 52.49039264020161 32.5 -0.4024548389919359
      vertex 52.49039264020161 32.5 7.597545161008064
    endloop
  endfacet
  facet normal 0.19509032201617005 0.9807852804032221 0
    outer loop
      vertex 52 32.99039264020161 -0.5975451610080641
      vertex 52 32.99039264020161 7.597545161008064
      vertex 52.00446751053534 32.989503997104734 -0.4024548389919359
    endloop
  endfacet
  facet normal 0.9807852804032304 0.19509032201612853 0
    outer loop
      vertex 52.45306372317644 32.68766513875893 -0.5975451610080641
      vertex 52.49039264020161 32.5 7.597545161008064
      vertex 52.49039264020161 32.5 -0.4024548389919359
    endloop
  endfacet
  facet normal 0.8314696123025422 0.5555702330196068 0
    outer loop
      vertex 52.45306372317644 32.68766513875893 -0.5975451610080641
      vertex 52.346759961330534 32.846759961330534 -0.5975451610080641
      vertex 52.346759961330534 32.846759961330534 7.597545161008064
    endloop
  endfacet
  facet normal 0.5555702330196068 0.8314696123025422 0
    outer loop
      vertex 52.346759961330534 32.846759961330534 -0.5975451610080641
      vertex 52.18766513875893 32.95306372317644 -0.4024548389919359
      vertex 52.18766513875893 32.95306372317644 7.597545161008064
    endloop
  endfacet
  facet normal 0.1950903220161275 0.9807852804032305 0
    outer loop
      vertex 52.00446751053534 32.989503997104734 -0.4024548389919359
      vertex 52.18766513875893 32.95306372317644 7.597545161008064
      vertex 52.18766513875893 32.95306372317644 -0.4024548389919359
    endloop
  endfacet
  facet normal 0 -1 0
    outer loop
      vertex 52 19.009607359798384 1
      vertex 52 19.009607359798384 5.5
      vertex 7 19.009607359798384 5.5
    endloop
  endfacet
  facet normal 0 -1 0
    outer loop
      vertex 7 19.009607359798384 7.597545161008064
      vertex 52 19.009607359798384 6.5
      vertex 52 19.009607359798384 7.597545161008064
    endloop
  endfacet
  facet normal 0 -0.9238795325112878 0.3826834323650872
    outer loop
      vertex 7 19.084265193848726 7.777785116509801
      vertex 52 19.009607359798384 7.597545161008064
      vertex 52 19.084265193848726 7.777785116509801
    endloop
  endfacet
  facet normal 0 -0.707106781186543 0.7071067811865521
    outer loop
      vertex 7 19.084265193848726 7.777785116509801
      vertex 52 19.084265193848726 7.777785116509801
      vertex 52 19.2222148834902 7.9157348061512725
    endloop
  endfacet
  facet normal 0 0 1
    outer loop
      vertex 6.909880022249132 19.46267108297483 7.990392640201615
      vertex 52 19.402454838991936 7.990392640201615
      vertex 52.03732891702517 19.40988002224913 7.990392640201615
    endloop
  endfacet
  facet normal 0 -0.382683432365091 0.9238795325112862
    outer loop
      vertex 7 19.402454838991936 7.990392640201615
      vertex 52 19.2222148834902 7.9157348061512725
      vertex 52 19.402454838991936 7.990392640201615
    endloop
  endfacet
  facet normal 0 0 1
    outer loop
      vertex 6.909880022249132 19.46267108297483 7.990392640201615
      vertex 52.03732891702517 19.40988002224913 7.990392640201615
      vertex 52.06897484482074 19.431025155179263 7.990392640201615
    endloop
  endfacet
  facet normal 0 0 1
    outer loop
      vertex 6.909880022249132 19.46267108297483 7.990392640201615
      vertex 52.06897484482074 19.431025155179263 7.990392640201615
      vertex 52.09011997775087 19.46267108297483 7.990392640201615
    endloop
  endfacet
  facet normal 0 0 1
    outer loop
      vertex 6.909880022249132 19.46267108297483 7.990392640201615
      vertex 52.09011997775087 19.46267108297483 7.990392640201615
      vertex 52.097545161008064 19.5 7.990392640201615
    endloop
  endfacet
  facet normal 0 0 1
    outer loop
      vertex 6.909880022249132 19.46267108297483 7.990392640201615
      vertex 52.097545161008064 19.5 7.990392640201615
      vertex 51.73270444366145 31.402811802655904 7.990392640201615
    endloop
  endfacet
  facet normal 0 -1 0
    outer loop
      vertex 7 31.009607359798384 6.009607359798385
      vertex 52 31.009607359798384 -0.009607359798384785
      vertex 52 31.009607359798384 6.009607359798385
    endloop
  endfacet
  facet normal 0 1 0
    outer loop
      vertex 7 32.99039264020161 7.597545161008064
      vertex 52 32.99039264020161 7.597545161008064
      vertex 52 32.99039264020161 -0.5975451610080641
    endloop
  endfacet
  facet normal 0 0 1
    outer loop
      vertex 6.909880022249132 19.46267108297483 7.990392640201615
      vertex 51.73270444366145 31.402811802655904 7.990392640201615
      vertex 51.2786731550217 31.403418145217557 7.990392640201615
    endloop
  endfacet
  facet normal 0 0 1
    outer loop
      vertex 6.930840404155597 31.463198635221374 7.990392640201615
      vertex 51.2786731550217 31.403418145217557 7.990392640201615
      vertex 51.73270444366145 31.402811802655904 7.990392640201615
    endloop
  endfacet
  facet normal 0 0 -1
    outer loop
      vertex 7 31.009607359798384 6.009607359798385
      vertex 52 31.009607359798384 6.009607359798385
      vertex 52 20.490392640201616 6.009607359798385
    endloop
  endfacet
  facet normal 0 0 1
    outer loop
      vertex 6.930840404155597 31.463198635221374 7.990392640201615
      vertex 51.73270444366145 31.402811802655904 7.990392640201615
      vertex 52.097545161008064 31.5 7.990392640201615
    endloop
  endfacet
  facet normal 0 0 1
    outer loop
      vertex 6.930840404155597 31.463198635221374 7.990392640201615
      vertex 52.097545161008064 31.5 7.990392640201615
      vertex 52.097545161008064 32.5 7.990392640201615
    endloop
  endfacet
  facet normal 0 0.9238795325112878 0.3826834323650872
    outer loop
      vertex 7 32.99039264020161 7.597545161008064
      vertex 52 32.91573480615127 7.777785116509801
      vertex 52 32.99039264020161 7.597545161008064
    endloop
  endfacet
  facet normal 0 0 1
    outer loop
      vertex 6.930840404155597 31.463198635221374 7.990392640201615
      vertex 52.097545161008064 32.5 7.990392640201615
      vertex 52.09011997775087 32.53732891702517 7.990392640201615
    endloop
  endfacet
  facet normal 0 0 1
    outer loop
      vertex 6.930840404155597 31.463198635221374 7.990392640201615
      vertex 52.09011997775087 32.53732891702517 7.990392640201615
      vertex 52.06897484482074 32.56897484482074 7.990392640201615
    endloop
  endfacet
  facet normal 0 0 1
    outer loop
      vertex 6.930840404155597 31.463198635221374 7.990392640201615
      vertex 52.03732891702517 32.59011997775087 7.990392640201615
      vertex 52 32.597545161008064 7.990392640201615
    endloop
  endfacet
  facet normal 0 0 1
    outer loop
      vertex 6.930840404155597 31.463198635221374 7.990392640201615
      vertex 52.06897484482074 32.56897484482074 7.990392640201615
      vertex 52.03732891702517 32.59011997775087 7.990392640201615
    endloop
  endfacet
  facet normal 0 0.38268343236508456 0.9238795325112888
    outer loop
      vertex 7 32.777785116509804 7.9157348061512725
      vertex 52 32.597545161008064 7.990392640201615
      vertex 52 32.777785116509804 7.9157348061512725
    endloop
  endfacet
  facet normal 0 0.7071067811865611 0.7071067811865338
    outer loop
      vertex 7 32.777785116509804 7.9157348061512725
      vertex 52 32.777785116509804 7.9157348061512725
      vertex 52 32.91573480615127 7.777785116509801
    endloop
  endfacet
  facet normal 1 0 0
    outer loop
      vertex 52.49039264020161 20 0.4024548389919359
      vertex 52.49039264020161 19.5 6.402454838991936
      vertex 52.49039264020161 19.5 5.5
    endloop
  endfacet
  facet normal 0.1950903220161341 0.9807852804032292 0
    outer loop
      vertex 52 20.490392640201616 0.4024548389919359
      vertex 52 20.490392640201616 6.009607359798385
      vertex 52.097545161008064 20.47098970129907 6.009607359798385
    endloop
  endfacet
  facet normal 0.19509032201612236 0.9807852804032317 2.128115957929078e-16
    outer loop
      vertex 52 20.490392640201616 0.4024548389919359
      vertex 52.097545161008064 20.47098970129907 6.009607359798385
      vertex 52.18766513875893 20.453063723176445 6.046936276823555
    endloop
  endfacet
  facet normal 0.5555702330196043 0.831469612302544 0
    outer loop
      vertex 52.18766513875893 20.453063723176445 0.4024548389919359
      vertex 52.18766513875893 20.453063723176445 6.046936276823555
      vertex 52.277785116509804 20.39284747919355 6.0842651938487275
    endloop
  endfacet
  facet normal 0.5555702330196104 0.8314696123025397 -1.3837081975313337e-16
    outer loop
      vertex 52.18766513875893 20.453063723176445 0.4024548389919359
      vertex 52.277785116509804 20.39284747919355 6.0842651938487275
      vertex 52.346759961330534 20.346759961330537 6.15324003866946
    endloop
  endfacet
  facet normal 0.9807852804032311 0.19509032201612497 0
    outer loop
      vertex 52.49039264020161 20 0.4024548389919359
      vertex 52.45306372317644 20.187665138758934 6.312334861241068
      vertex 52.49039264020161 20 6.402454838991936
    endloop
  endfacet
  facet normal 1 0 0
    outer loop
      vertex 52.49039264020161 20 0.4024548389919359
      vertex 52.49039264020161 19.5 6.597545161008064
      vertex 52.49039264020161 19.5 6.402454838991936
    endloop
  endfacet
  facet normal 1 0 0
    outer loop
      vertex 52.49039264020161 20 0.4024548389919359
      vertex 52.49039264020161 20 6.402454838991936
      vertex 52.49039264020161 19.5 6.597545161008064
    endloop
  endfacet
  facet normal 0.8314696123025361 0.5555702330196158 0
    outer loop
      vertex 52.45306372317644 20.187665138758934 0.4024548389919359
      vertex 52.41573480615127 20.243531811092865 6.222214883490199
      vertex 52.45306372317644 20.187665138758934 6.312334861241068
    endloop
  endfacet
  facet normal 0.8314696123025453 0.5555702330196021 1.932331754213475e-16
    outer loop
      vertex 52.45306372317644 20.187665138758934 0.4024548389919359
      vertex 52.346759961330534 20.346759961330537 6.15324003866946
      vertex 52.41573480615127 20.243531811092865 6.222214883490199
    endloop
  endfacet
  facet normal 0.19509032201612855 -0.9807852804032304 0
    outer loop
      vertex 52.18766513875893 19.046936276823555 5.5
      vertex 52.18766513875893 19.046936276823555 6.402454838991936
      vertex 52 19.009607359798384 5.5
    endloop
  endfacet
  facet normal 0.5555702330196068 -0.8314696123025422 0
    outer loop
      vertex 52.18766513875893 19.046936276823555 5.5
      vertex 52.346759961330534 19.153240038669463 5.5
      vertex 52.346759961330534 19.153240038669463 6.402454838991936
    endloop
  endfacet
  facet normal 0.8314696123025422 -0.5555702330196068 0
    outer loop
      vertex 52.346759961330534 19.153240038669463 5.5
      vertex 52.45306372317644 19.312334861241066 5.5
      vertex 52.45306372317644 19.312334861241066 6.402454838991936
    endloop
  endfacet
  facet normal 0.9807852804032311 -0.19509032201612497 0
    outer loop
      vertex 52.45306372317644 19.312334861241066 5.5
      vertex 52.49039264020161 19.5 5.5
      vertex 52.49039264020161 19.5 6.402454838991936
    endloop
  endfacet
  facet normal 0.19509032201612858 -0.9807852804032303 0
    outer loop
      vertex 52.18766513875893 19.046936276823555 6.402454838991936
      vertex 52 19.009607359798384 5.8624652897893075
      vertex 52 19.009607359798384 5.5
    endloop
  endfacet
  facet normal 0.5555702330196148 -0.8314696123025367 0
    outer loop
      vertex 52.18766513875893 19.046936276823555 5.5
      vertex 52.341749887456984 19.14989241433276 6.402454838991936
      vertex 52.18766513875893 19.046936276823555 6.402454838991936
    endloop
  endfacet
  facet normal 0.5555702330193564 -0.8314696123027094 6.380240148465911e-14
    outer loop
      vertex 52.18766513875893 19.046936276823555 5.5
      vertex 52.346759961330534 19.153240038669463 6.402454838991936
      vertex 52.341749887456984 19.14989241433276 6.402454838991936
    endloop
  endfacet
  facet normal 0.8314696123025422 -0.5555702330196068 0
    outer loop
      vertex 52.346759961330534 19.153240038669463 5.5
      vertex 52.45306372317644 19.312334861241066 6.402454838991936
      vertex 52.346759961330534 19.153240038669463 6.402454838991936
    endloop
  endfacet
  facet normal 0.9807852804032311 -0.19509032201612497 0
    outer loop
      vertex 52.45306372317644 19.312334861241066 5.5
      vertex 52.49039264020161 19.5 6.402454838991936
      vertex 52.45306372317644 19.312334861241066 6.402454838991936
    endloop
  endfacet
  facet normal 0.5555702330193583 -0.8314696123027084 0
    outer loop
      vertex 52.341749887456984 19.14989241433276 6.402454838991936
      vertex 52.346759961330534 19.153240038669463 6.402454838991936
      vertex 52.346759961330534 19.153240038669463 6.434003534076779
    endloop
  endfacet
  facet normal 0.8314696123025422 -0.5555702330196068 0
    outer loop
      vertex 52.346759961330534 19.153240038669463 6.402454838991936
      vertex 52.45306372317644 19.312334861241066 6.402454838991936
      vertex 52.346759961330534 19.153240038669463 6.434003534076779
    endloop
  endfacet
  facet normal 0.19509032201612853 -0.9807852804032303 0
    outer loop
      vertex 52.18766513875893 19.046936276823555 7.597545161008064
      vertex 52 19.009607359798384 6.5
      vertex 52 19.009607359798384 5.8624652897893075
    endloop
  endfacet
  facet normal 0.19509032201612853 -0.9807852804032303 0
    outer loop
      vertex 52.18766513875893 19.046936276823555 6.402454838991936
      vertex 52.18766513875893 19.046936276823555 7.597545161008064
      vertex 52 19.009607359798384 5.8624652897893075
    endloop
  endfacet
  facet normal 0.831469612302543 -0.5555702330196055 9.343410723592986e-15
    outer loop
      vertex 52.45306372317644 19.312334861241066 6.402454838991936
      vertex 52.43571036105143 19.286363719483152 6.597545161008064
      vertex 52.346759961330534 19.153240038669463 6.434003534076779
    endloop
  endfacet
  facet normal 0.8314696123025107 -0.555570233019654 0
    outer loop
      vertex 52.45306372317644 19.312334861241066 6.402454838991936
      vertex 52.45306372317644 19.312334861241066 6.597545161008064
      vertex 52.43571036105143 19.286363719483152 6.597545161008064
    endloop
  endfacet
  facet normal 0.9807852804032311 -0.19509032201612495 0
    outer loop
      vertex 52.45306372317644 19.312334861241066 6.402454838991936
      vertex 52.49039264020161 19.5 6.402454838991936
      vertex 52.45306372317644 19.312334861241066 6.597545161008064
    endloop
  endfacet
  facet normal 1 0 0
    outer loop
      vertex 52.49039264020161 19.5 6.597545161008064
      vertex 52.49039264020161 20 6.402454838991936
      vertex 52.49039264020161 20 6.597545161008064
    endloop
  endfacet
  facet normal 0.5555702330196148 -0.8314696123025367 -1.5665571724487371e-15
    outer loop
      vertex 52.18766513875893 19.046936276823555 6.402454838991936
      vertex 52.341749887456984 19.14989241433276 6.402454838991936
      vertex 52.346759961330534 19.153240038669463 7.597545161008064
    endloop
  endfacet
  facet normal 0.5555702330193582 -0.8314696123027083 0
    outer loop
      vertex 52.341749887456984 19.14989241433276 6.402454838991936
      vertex 52.346759961330534 19.153240038669463 6.434003534076779
      vertex 52.346759961330534 19.153240038669463 7.597545161008064
    endloop
  endfacet
  facet normal 0.8314696123025482 -0.5555702330195976 0
    outer loop
      vertex 52.346759961330534 19.153240038669463 6.434003534076779
      vertex 52.43571036105143 19.286363719483152 6.597545161008064
      vertex 52.346759961330534 19.153240038669463 7.597545161008064
    endloop
  endfacet
  facet normal 0.9807852804032311 -0.19509032201612497 0
    outer loop
      vertex 52.49039264020161 19.5 6.402454838991936
      vertex 52.45306372317644 19.312334861241066 7.597545161008064
      vertex 52.45306372317644 19.312334861241066 6.597545161008064
    endloop
  endfacet
  facet normal 0.9807852804032311 -0.19509032201612495 0
    outer loop
      vertex 52.49039264020161 19.5 6.402454838991936
      vertex 52.49039264020161 19.5 6.597545161008064
      vertex 52.45306372317644 19.312334861241066 7.597545161008064
    endloop
  endfacet
  facet normal 0.8314696123025106 -0.555570233019654 0
    outer loop
      vertex 52.43571036105143 19.286363719483152 6.597545161008064
      vertex 52.45306372317644 19.312334861241066 6.597545161008064
      vertex 52.45306372317644 19.312334861241066 7.597545161008064
    endloop
  endfacet
  facet normal 0.1950903220161285 -0.9807852804032304 0
    outer loop
      vertex 52 19.009607359798384 7.597545161008064
      vertex 52 19.009607359798384 6.5
      vertex 52.18766513875893 19.046936276823555 7.597545161008064
    endloop
  endfacet
  facet normal 0.5555702330196068 -0.8314696123025421 0
    outer loop
      vertex 52.18766513875893 19.046936276823555 6.402454838991936
      vertex 52.346759961330534 19.153240038669463 7.597545161008064
      vertex 52.18766513875893 19.046936276823555 7.597545161008064
    endloop
  endfacet
  facet normal 0.8314696123025422 -0.5555702330196068 -1.7724229003460999e-15
    outer loop
      vertex 52.43571036105143 19.286363719483152 6.597545161008064
      vertex 52.45306372317644 19.312334861241066 7.597545161008064
      vertex 52.346759961330534 19.153240038669463 7.597545161008064
    endloop
  endfacet
  facet normal 0.9807852804032311 -0.19509032201612497 0
    outer loop
      vertex 52.49039264020161 19.5 6.597545161008064
      vertex 52.49039264020161 19.5 7.597545161008064
      vertex 52.45306372317644 19.312334861241066 7.597545161008064
    endloop
  endfacet
  facet normal 1 0 0
    outer loop
      vertex 52.49039264020161 19.5 6.597545161008064
      vertex 52.49039264020161 20 6.597545161008064
      vertex 52.49039264020161 19.5 7.597545161008064
    endloop
  endfacet
  facet normal 0.18074437515937436 -0.9086633352183316 0.3763806770786
    outer loop
      vertex 52 19.009607359798384 7.597545161008064
      vertex 52.18766513875893 19.046936276823555 7.597545161008064
      vertex 52 19.084265193848726 7.777785116509801
    endloop
  endfacet
  facet normal 0.5147164328119519 -0.770327579484982 0.3763806770786037
    outer loop
      vertex 52.18766513875893 19.046936276823555 7.597545161008064
      vertex 52.346759961330534 19.153240038669463 7.597545161008064
      vertex 52.1590948225716 19.11591112164429 7.777785116509801
    endloop
  endfacet
  facet normal 0.7703275794849823 -0.5147164328119521 0.37638067707860257
    outer loop
      vertex 52.346759961330534 19.153240038669463 7.597545161008064
      vertex 52.45306372317644 19.312334861241066 7.597545161008064
      vertex 52.29396890060484 19.20603109939516 7.777785116509801
    endloop
  endfacet
  facet normal 0.908663335218332 -0.18074437515937103 0.3763806770786001
    outer loop
      vertex 52.45306372317644 19.312334861241066 7.597545161008064
      vertex 52.49039264020161 19.5 7.597545161008064
      vertex 52.41573480615127 19.5 7.777785116509801
    endloop
  endfacet
  facet normal 0.18074437515938221 -0.908663335218327 0.37638067707860723
    outer loop
      vertex 52.18766513875893 19.046936276823555 7.597545161008064
      vertex 52.1590948225716 19.11591112164429 7.777785116509801
      vertex 52 19.084265193848726 7.777785116509801
    endloop
  endfacet
  facet normal 0.5147164328119546 -0.7703275794849785 0.3763806770786072
    outer loop
      vertex 52.346759961330534 19.153240038669463 7.597545161008064
      vertex 52.29396890060484 19.20603109939516 7.777785116509801
      vertex 52.1590948225716 19.11591112164429 7.777785116509801
    endloop
  endfacet
  facet normal 0.7703275794849858 -0.5147164328119392 0.3763806770786133
    outer loop
      vertex 52.45306372317644 19.312334861241066 7.597545161008064
      vertex 52.384088878355705 19.340905177428397 7.777785116509801
      vertex 52.29396890060484 19.20603109939516 7.777785116509801
    endloop
  endfacet
  facet normal 0.13928132531715967 -0.7002145072825494 0.7002145072825554
    outer loop
      vertex 52 19.084265193848726 7.777785116509801
      vertex 52.1590948225716 19.11591112164429 7.777785116509801
      vertex 52.10630376184591 19.243360016420333 7.9157348061512725
    endloop
  endfacet
  facet normal 0.39663965676028834 -0.5936131960090961 0.7002145072825521
    outer loop
      vertex 52.1590948225716 19.11591112164429 7.777785116509801
      vertex 52.29396890060484 19.20603109939516 7.777785116509801
      vertex 52.10630376184591 19.243360016420333 7.9157348061512725
    endloop
  endfacet
  facet normal 0.5936131960091086 -0.39663965676028107 0.7002145072825456
    outer loop
      vertex 52.29396890060484 19.20603109939516 7.777785116509801
      vertex 52.384088878355705 19.340905177428397 7.777785116509801
      vertex 52.25663998357967 19.393696238154092 7.9157348061512725
    endloop
  endfacet
  facet normal 0.9086633352183258 -0.180744375159382 0.3763806770786103
    outer loop
      vertex 52.45306372317644 19.312334861241066 7.597545161008064
      vertex 52.41573480615127 19.5 7.777785116509801
      vertex 52.384088878355705 19.340905177428397 7.777785116509801
    endloop
  endfacet
  facet normal 0.7002145072825657 -0.13928132531716292 0.7002145072825388
    outer loop
      vertex 52.384088878355705 19.340905177428397 7.777785116509801
      vertex 52.41573480615127 19.5 7.777785116509801
      vertex 52.277785116509804 19.5 7.9157348061512725
    endloop
  endfacet
  facet normal 0.1392813253171555 -0.7002145072825484 0.7002145072825574
    outer loop
      vertex 52 19.084265193848726 7.777785116509801
      vertex 52.10630376184591 19.243360016420333 7.9157348061512725
      vertex 52 19.2222148834902 7.9157348061512725
    endloop
  endfacet
  facet normal 0.07590088788047497 -0.38157953112891996 0.9212144791753922
    outer loop
      vertex 52 19.2222148834902 7.9157348061512725
      vertex 52.10630376184591 19.243360016420333 7.9157348061512725
      vertex 52.03732891702517 19.40988002224913 7.990392640201615
    endloop
  endfacet
  facet normal 0.07590088788045565 -0.38157953112891724 0.921214479175395
    outer loop
      vertex 52 19.2222148834902 7.9157348061512725
      vertex 52.03732891702517 19.40988002224913 7.990392640201615
      vertex 52 19.402454838991936 7.990392640201615
    endloop
  endfacet
  facet normal 0.21614744150487677 -0.32348750654160574 0.921214479175393
    outer loop
      vertex 52.03732891702517 19.40988002224913 7.990392640201615
      vertex 52.10630376184591 19.243360016420333 7.9157348061512725
      vertex 52.06897484482074 19.431025155179263 7.990392640201615
    endloop
  endfacet
  facet normal 0.39663965676028884 -0.593613196009095 0.7002145072825526
    outer loop
      vertex 52.29396890060484 19.20603109939516 7.777785116509801
      vertex 52.196423739596774 19.303576260403226 7.9157348061512725
      vertex 52.10630376184591 19.243360016420333 7.9157348061512725
    endloop
  endfacet
  facet normal 0.593613196009095 -0.39663965676028884 0.7002145072825526
    outer loop
      vertex 52.29396890060484 19.20603109939516 7.777785116509801
      vertex 52.25663998357967 19.393696238154092 7.9157348061512725
      vertex 52.196423739596774 19.303576260403226 7.9157348061512725
    endloop
  endfacet
  facet normal 0.2161474415048846 -0.3234875065416038 0.9212144791753919
    outer loop
      vertex 52.06897484482074 19.431025155179263 7.990392640201615
      vertex 52.10630376184591 19.243360016420333 7.9157348061512725
      vertex 52.196423739596774 19.303576260403226 7.9157348061512725
    endloop
  endfacet
  facet normal 0.7002145072825529 -0.13928132531717977 0.7002145072825482
    outer loop
      vertex 52.384088878355705 19.340905177428397 7.777785116509801
      vertex 52.277785116509804 19.5 7.9157348061512725
      vertex 52.25663998357967 19.393696238154092 7.9157348061512725
    endloop
  endfacet
  facet normal 0.3234875065416038 -0.2161474415048846 0.9212144791753919
    outer loop
      vertex 52.06897484482074 19.431025155179263 7.990392640201615
      vertex 52.196423739596774 19.303576260403226 7.9157348061512725
      vertex 52.25663998357967 19.393696238154092 7.9157348061512725
    endloop
  endfacet
  facet normal 0.32348750654161373 -0.21614744150484574 0.9212144791753974
    outer loop
      vertex 52.06897484482074 19.431025155179263 7.990392640201615
      vertex 52.25663998357967 19.393696238154092 7.9157348061512725
      vertex 52.09011997775087 19.46267108297483 7.990392640201615
    endloop
  endfacet
  facet normal 0.38157953112890747 -0.07590088788048982 0.9212144791753962
    outer loop
      vertex 52.25663998357967 19.393696238154092 7.9157348061512725
      vertex 52.097545161008064 19.5 7.990392640201615
      vertex 52.09011997775087 19.46267108297483 7.990392640201615
    endloop
  endfacet
  facet normal 0.3815795311289099 -0.07590088788048573 0.9212144791753955
    outer loop
      vertex 52.25663998357967 19.393696238154092 7.9157348061512725
      vertex 52.277785116509804 19.5 7.9157348061512725
      vertex 52.097545161008064 19.5 7.990392640201615
    endloop
  endfacet
  facet normal 0 0 -1
    outer loop
      vertex 52 20.490392640201616 6.009607359798385
      vertex 52 31.009607359798384 6.009607359798385
      vertex 52.097545161008064 20.47098970129907 6.009607359798385
    endloop
  endfacet
  facet normal 0.7071067811865612 0 -0.7071067811865339
    outer loop
      vertex 52.277785116509804 20.39284747919355 6.0842651938487275
      vertex 52.277785116509804 31.10715252080645 6.0842651938487275
      vertex 52.346759961330534 20.346759961330537 6.15324003866946
    endloop
  endfacet
  facet normal 0.3826834323650858 0 -0.9238795325112883
    outer loop
      vertex 52.097545161008064 20.47098970129907 6.009607359798385
      vertex 52.097545161008064 31.02901029870093 6.009607359798385
      vertex 52.18766513875893 20.453063723176445 6.046936276823555
    endloop
  endfacet
  facet normal 0.3826834323650834 0 -0.9238795325112895
    outer loop
      vertex 52.18766513875893 20.453063723176445 6.046936276823555
      vertex 52.277785116509804 31.10715252080645 6.0842651938487275
      vertex 52.277785116509804 20.39284747919355 6.0842651938487275
    endloop
  endfacet
  facet normal 0.7071067811865612 0 -0.7071067811865339
    outer loop
      vertex 52.346759961330534 20.346759961330537 6.15324003866946
      vertex 52.277785116509804 31.10715252080645 6.0842651938487275
      vertex 52.41573480615127 20.243531811092865 6.222214883490199
    endloop
  endfacet
  facet normal 0.9238795325112878 0 -0.3826834323650871
    outer loop
      vertex 52.41573480615127 20.243531811092865 6.222214883490199
      vertex 52.41573480615127 31.256468188907135 6.222214883490199
      vertex 52.45306372317644 20.187665138758934 6.312334861241068
    endloop
  endfacet
  facet normal 0.9238795325112877 0 -0.3826834323650872
    outer loop
      vertex 52.49039264020161 20 6.402454838991936
      vertex 52.45306372317644 20.187665138758934 6.312334861241068
      vertex 52.41573480615127 31.256468188907135 6.222214883490199
    endloop
  endfacet
  facet normal 1 0 0
    outer loop
      vertex 52.49039264020161 20 6.402454838991936
      vertex 52.49039264020161 31.5 6.402454838991936
      vertex 52.49039264020161 20 6.597545161008064
    endloop
  endfacet
  facet normal 1 0 0
    outer loop
      vertex 52.49039264020161 20 6.597545161008064
      vertex 52.49039264020161 31.5 6.402454838991936
      vertex 52.49039264020161 19.5 7.597545161008064
    endloop
  endfacet
  facet normal 0.923879532511288 0 0.3826834323650872
    outer loop
      vertex 52.49039264020161 19.5 7.597545161008064
      vertex 52.41573480615127 31.5 7.777785116509801
      vertex 52.41573480615127 19.5 7.777785116509801
    endloop
  endfacet
  facet normal 0.7071067811865611 0 0.7071067811865338
    outer loop
      vertex 52.41573480615127 19.5 7.777785116509801
      vertex 52.41573480615127 31.5 7.777785116509801
      vertex 52.277785116509804 19.5 7.9157348061512725
    endloop
  endfacet
  facet normal 0.38268343236508456 0 0.9238795325112887
    outer loop
      vertex 52.277785116509804 19.5 7.9157348061512725
      vertex 52.097545161008064 31.5 7.990392640201615
      vertex 52.097545161008064 19.5 7.990392640201615
    endloop
  endfacet
  facet normal 0.19509032201613413 -0.9807852804032293 0
    outer loop
      vertex 52 31.009607359798384 -0.009607359798384785
      vertex 52.097545161008064 31.02901029870093 6.009607359798385
      vertex 52 31.009607359798384 6.009607359798385
    endloop
  endfacet
  facet normal 0.19509032201612245 -0.9807852804032317 0
    outer loop
      vertex 52.097545161008064 31.02901029870093 -0.009607359798384785
      vertex 52.18766513875893 31.046936276823555 6.046936276823555
      vertex 52.097545161008064 31.02901029870093 6.009607359798385
    endloop
  endfacet
  facet normal 0.5555702330196042 -0.8314696123025438 0
    outer loop
      vertex 52.277785116509804 31.10715252080645 -0.08426519384872738
      vertex 52.277785116509804 31.10715252080645 6.0842651938487275
      vertex 52.18766513875893 31.046936276823555 6.046936276823555
    endloop
  endfacet
  facet normal 0.5555702330196103 -0.8314696123025399 0
    outer loop
      vertex 52.277785116509804 31.10715252080645 -0.08426519384872738
      vertex 52.346759961330534 31.153240038669463 6.15324003866946
      vertex 52.277785116509804 31.10715252080645 6.0842651938487275
    endloop
  endfacet
  facet normal 0.8314696123025453 -0.555570233019602 0
    outer loop
      vertex 52.346759961330534 31.153240038669463 -0.1532400386694596
      vertex 52.41573480615127 31.256468188907135 6.222214883490199
      vertex 52.346759961330534 31.153240038669463 6.15324003866946
    endloop
  endfacet
  facet normal 0.8314696123025361 -0.5555702330196159 0
    outer loop
      vertex 52.41573480615127 31.256468188907135 -0.2222148834901989
      vertex 52.45306372317644 31.312334861241066 6.312334861241068
      vertex 52.41573480615127 31.256468188907135 6.222214883490199
    endloop
  endfacet
  facet normal 0.9807852804032312 -0.19509032201612497 0
    outer loop
      vertex 52.45306372317644 31.312334861241066 -0.3123348612410674
      vertex 52.49039264020161 31.5 6.402454838991936
      vertex 52.45306372317644 31.312334861241066 6.312334861241068
    endloop
  endfacet
  facet normal 1 0 0
    outer loop
      vertex 52.49039264020161 31.5 -0.4024548389919359
      vertex 52.49039264020161 32.5 7.597545161008064
      vertex 52.49039264020161 31.5 6.402454838991936
    endloop
  endfacet
  facet normal 0.9807852804032304 0.19509032201612853 0
    outer loop
      vertex 52.45306372317644 32.68766513875893 -0.5975451610080641
      vertex 52.45306372317644 32.68766513875893 7.597545161008064
      vertex 52.49039264020161 32.5 7.597545161008064
    endloop
  endfacet
  facet normal 0.5555702330196068 0.8314696123025422 0
    outer loop
      vertex 52.346759961330534 32.846759961330534 -0.5975451610080641
      vertex 52.18766513875893 32.95306372317644 7.597545161008064
      vertex 52.346759961330534 32.846759961330534 7.597545161008064
    endloop
  endfacet
  facet normal 0.8314696123025422 0.5555702330196068 0
    outer loop
      vertex 52.45306372317644 32.68766513875893 -0.5975451610080641
      vertex 52.346759961330534 32.846759961330534 7.597545161008064
      vertex 52.45306372317644 32.68766513875893 7.597545161008064
    endloop
  endfacet
  facet normal 0.19509032201612853 0.9807852804032304 -2.4117247345262647e-17
    outer loop
      vertex 52.00446751053534 32.989503997104734 -0.4024548389919359
      vertex 52 32.99039264020161 7.597545161008064
      vertex 52.18766513875893 32.95306372317644 7.597545161008064
    endloop
  endfacet
  facet normal 0 0 -1
    outer loop
      vertex 52.097545161008064 20.47098970129907 6.009607359798385
      vertex 52 31.009607359798384 6.009607359798385
      vertex 52.097545161008064 31.02901029870093 6.009607359798385
    endloop
  endfacet
  facet normal 0.38268343236508584 0 -0.9238795325112885
    outer loop
      vertex 52.18766513875893 20.453063723176445 6.046936276823555
      vertex 52.097545161008064 31.02901029870093 6.009607359798385
      vertex 52.18766513875893 31.046936276823555 6.046936276823555
    endloop
  endfacet
  facet normal 0.38268343236508334 0 -0.9238795325112893
    outer loop
      vertex 52.18766513875893 20.453063723176445 6.046936276823555
      vertex 52.18766513875893 31.046936276823555 6.046936276823555
      vertex 52.277785116509804 31.10715252080645 6.0842651938487275
    endloop
  endfacet
  facet normal 0.707106781186561 0 -0.7071067811865339
    outer loop
      vertex 52.41573480615127 20.243531811092865 6.222214883490199
      vertex 52.277785116509804 31.10715252080645 6.0842651938487275
      vertex 52.346759961330534 31.153240038669463 6.15324003866946
    endloop
  endfacet
  facet normal 0.7071067811865611 0 -0.7071067811865338
    outer loop
      vertex 52.41573480615127 20.243531811092865 6.222214883490199
      vertex 52.346759961330534 31.153240038669463 6.15324003866946
      vertex 52.41573480615127 31.256468188907135 6.222214883490199
    endloop
  endfacet
  facet normal 0.923879532511288 0 -0.3826834323650872
    outer loop
      vertex 52.49039264020161 20 6.402454838991936
      vertex 52.41573480615127 31.256468188907135 6.222214883490199
      vertex 52.45306372317644 31.312334861241066 6.312334861241068
    endloop
  endfacet
  facet normal 0.9238795325112878 0 -0.3826834323650871
    outer loop
      vertex 52.49039264020161 20 6.402454838991936
      vertex 52.45306372317644 31.312334861241066 6.312334861241068
      vertex 52.49039264020161 31.5 6.402454838991936
    endloop
  endfacet
  facet normal 1 0 0
    outer loop
      vertex 52.49039264020161 19.5 7.597545161008064
      vertex 52.49039264020161 31.5 6.402454838991936
      vertex 52.49039264020161 31.5 7.597545161008064
    endloop
  endfacet
  facet normal 0.923879532511288 0 0.3826834323650872
    outer loop
      vertex 52.49039264020161 19.5 7.597545161008064
      vertex 52.49039264020161 31.5 7.597545161008064
      vertex 52.41573480615127 31.5 7.777785116509801
    endloop
  endfacet
  facet normal 0 0 1
    outer loop
      vertex 52.097545161008064 19.5 7.990392640201615
      vertex 52.097545161008064 31.5 7.990392640201615
      vertex 51.73270444366145 31.402811802655904 7.990392640201615
    endloop
  endfacet
  facet normal 0.7071067811865611 0 0.7071067811865338
    outer loop
      vertex 52.277785116509804 19.5 7.9157348061512725
      vertex 52.41573480615127 31.5 7.777785116509801
      vertex 52.277785116509804 31.5 7.9157348061512725
    endloop
  endfacet
  facet normal 0.38268343236508456 0 0.9238795325112887
    outer loop
      vertex 52.277785116509804 19.5 7.9157348061512725
      vertex 52.277785116509804 31.5 7.9157348061512725
      vertex 52.097545161008064 31.5 7.990392640201615
    endloop
  endfacet
  facet normal 1 0 0
    outer loop
      vertex 52.49039264020161 31.5 6.402454838991936
      vertex 52.49039264020161 32.5 7.597545161008064
      vertex 52.49039264020161 31.5 7.597545161008064
    endloop
  endfacet
  facet normal 0.9238795325112878 0 0.3826834323650872
    outer loop
      vertex 52.49039264020161 31.5 7.597545161008064
      vertex 52.49039264020161 32.5 7.597545161008064
      vertex 52.41573480615127 31.5 7.777785116509801
    endloop
  endfacet
  facet normal 0.7071067811865612 0 0.7071067811865339
    outer loop
      vertex 52.41573480615127 31.5 7.777785116509801
      vertex 52.41573480615127 32.5 7.777785116509801
      vertex 52.277785116509804 31.5 7.9157348061512725
    endloop
  endfacet
  facet normal 0.3826834323650846 0 0.923879532511289
    outer loop
      vertex 52.277785116509804 31.5 7.9157348061512725
      vertex 52.097545161008064 32.5 7.990392640201615
      vertex 52.097545161008064 31.5 7.990392640201615
    endloop
  endfacet
  facet normal 0.18074437515937436 0.9086633352183316 0.3763806770786
    outer loop
      vertex 52 32.99039264020161 7.597545161008064
      vertex 52 32.91573480615127 7.777785116509801
      vertex 52.18766513875893 32.95306372317644 7.597545161008064
    endloop
  endfacet
  facet normal 0.9086633352183316 0.18074437515937436 0.3763806770786
    outer loop
      vertex 52.49039264020161 32.5 7.597545161008064
      vertex 52.45306372317644 32.68766513875893 7.597545161008064
      vertex 52.41573480615127 32.5 7.777785116509801
    endloop
  endfacet
  facet normal 0.5147164328119541 0.7703275794849853 0.3763806770785939
    outer loop
      vertex 52.18766513875893 32.95306372317644 7.597545161008064
      vertex 52.29396890060484 32.79396890060484 7.777785116509801
      vertex 52.346759961330534 32.846759961330534 7.597545161008064
    endloop
  endfacet
  facet normal 0.7703275794849853 0.5147164328119541 0.3763806770785939
    outer loop
      vertex 52.45306372317644 32.68766513875893 7.597545161008064
      vertex 52.346759961330534 32.846759961330534 7.597545161008064
      vertex 52.29396890060484 32.79396890060484 7.777785116509801
    endloop
  endfacet
  facet normal 0.9238795325112878 0 0.3826834323650872
    outer loop
      vertex 52.41573480615127 31.5 7.777785116509801
      vertex 52.49039264020161 32.5 7.597545161008064
      vertex 52.41573480615127 32.5 7.777785116509801
    endloop
  endfacet
  facet normal 0.7071067811865612 0 0.7071067811865339
    outer loop
      vertex 52.277785116509804 31.5 7.9157348061512725
      vertex 52.41573480615127 32.5 7.777785116509801
      vertex 52.277785116509804 32.5 7.9157348061512725
    endloop
  endfacet
  facet normal 0.3826834323650846 0 0.923879532511289
    outer loop
      vertex 52.277785116509804 31.5 7.9157348061512725
      vertex 52.277785116509804 32.5 7.9157348061512725
      vertex 52.097545161008064 32.5 7.990392640201615
    endloop
  endfacet
  facet normal 0.13928132531716292 0.7002145072825657 0.7002145072825388
    outer loop
      vertex 52 32.91573480615127 7.777785116509801
      vertex 52 32.777785116509804 7.9157348061512725
      vertex 52.1590948225716 32.884088878355705 7.777785116509801
    endloop
  endfacet
  facet normal 0.908663335218327 0.18074437515938221 0.37638067707860723
    outer loop
      vertex 52.45306372317644 32.68766513875893 7.597545161008064
      vertex 52.384088878355705 32.6590948225716 7.777785116509801
      vertex 52.41573480615127 32.5 7.777785116509801
    endloop
  endfacet
  facet normal 0.7703275794849886 0.5147164328119411 0.3763806770786045
    outer loop
      vertex 52.45306372317644 32.68766513875893 7.597545161008064
      vertex 52.29396890060484 32.79396890060484 7.777785116509801
      vertex 52.384088878355705 32.6590948225716 7.777785116509801
    endloop
  endfacet
  facet normal 0.7002145072825657 0.13928132531716292 0.7002145072825388
    outer loop
      vertex 52.41573480615127 32.5 7.777785116509801
      vertex 52.384088878355705 32.6590948225716 7.777785116509801
      vertex 52.277785116509804 32.5 7.9157348061512725
    endloop
  endfacet
  facet normal 0.5936131960091086 0.39663965676028107 0.7002145072825455
    outer loop
      vertex 52.384088878355705 32.6590948225716 7.777785116509801
      vertex 52.29396890060484 32.79396890060484 7.777785116509801
      vertex 52.25663998357967 32.60630376184591 7.9157348061512725
    endloop
  endfacet
  facet normal 0.18074437515938221 0.908663335218327 0.37638067707860723
    outer loop
      vertex 52.18766513875893 32.95306372317644 7.597545161008064
      vertex 52 32.91573480615127 7.777785116509801
      vertex 52.1590948225716 32.884088878355705 7.777785116509801
    endloop
  endfacet
  facet normal 0.5147164328119411 0.7703275794849886 0.3763806770786045
    outer loop
      vertex 52.18766513875893 32.95306372317644 7.597545161008064
      vertex 52.1590948225716 32.884088878355705 7.777785116509801
      vertex 52.29396890060484 32.79396890060484 7.777785116509801
    endloop
  endfacet
  facet normal 0.39663965676028107 0.5936131960091086 0.7002145072825456
    outer loop
      vertex 52.29396890060484 32.79396890060484 7.777785116509801
      vertex 52.1590948225716 32.884088878355705 7.777785116509801
      vertex 52.10630376184591 32.75663998357967 7.9157348061512725
    endloop
  endfacet
  facet normal 0.07590088788048573 0.3815795311289099 0.9212144791753955
    outer loop
      vertex 52 32.597545161008064 7.990392640201615
      vertex 52.10630376184591 32.75663998357967 7.9157348061512725
      vertex 52 32.777785116509804 7.9157348061512725
    endloop
  endfacet
  facet normal 0.21614744150484574 0.32348750654161373 0.9212144791753974
    outer loop
      vertex 52.06897484482074 32.56897484482074 7.990392640201615
      vertex 52.10630376184591 32.75663998357967 7.9157348061512725
      vertex 52.03732891702517 32.59011997775087 7.990392640201615
    endloop
  endfacet
  facet normal 0.07590088788048989 0.38157953112890747 0.9212144791753962
    outer loop
      vertex 52 32.597545161008064 7.990392640201615
      vertex 52.03732891702517 32.59011997775087 7.990392640201615
      vertex 52.10630376184591 32.75663998357967 7.9157348061512725
    endloop
  endfacet
  facet normal 0.7002145072825529 0.13928132531717977 0.7002145072825482
    outer loop
      vertex 52.384088878355705 32.6590948225716 7.777785116509801
      vertex 52.25663998357967 32.60630376184591 7.9157348061512725
      vertex 52.277785116509804 32.5 7.9157348061512725
    endloop
  endfacet
  facet normal 0.593613196009095 0.39663965676028884 0.7002145072825526
    outer loop
      vertex 52.29396890060484 32.79396890060484 7.777785116509801
      vertex 52.196423739596774 32.696423739596774 7.9157348061512725
      vertex 52.25663998357967 32.60630376184591 7.9157348061512725
    endloop
  endfacet
  facet normal 0.3815795311289099 0.07590088788048573 0.9212144791753955
    outer loop
      vertex 52.277785116509804 32.5 7.9157348061512725
      vertex 52.25663998357967 32.60630376184591 7.9157348061512725
      vertex 52.097545161008064 32.5 7.990392640201615
    endloop
  endfacet
  facet normal 0.38157953112890747 0.07590088788048989 0.9212144791753962
    outer loop
      vertex 52.097545161008064 32.5 7.990392640201615
      vertex 52.25663998357967 32.60630376184591 7.9157348061512725
      vertex 52.09011997775087 32.53732891702517 7.990392640201615
    endloop
  endfacet
  facet normal 0.32348750654161373 0.21614744150484574 0.9212144791753974
    outer loop
      vertex 52.06897484482074 32.56897484482074 7.990392640201615
      vertex 52.09011997775087 32.53732891702517 7.990392640201615
      vertex 52.25663998357967 32.60630376184591 7.9157348061512725
    endloop
  endfacet
  facet normal 0.3234875065416038 0.2161474415048846 0.9212144791753919
    outer loop
      vertex 52.06897484482074 32.56897484482074 7.990392640201615
      vertex 52.25663998357967 32.60630376184591 7.9157348061512725
      vertex 52.196423739596774 32.696423739596774 7.9157348061512725
    endloop
  endfacet
  facet normal 0.2161474415048846 0.3234875065416038 0.9212144791753919
    outer loop
      vertex 52.06897484482074 32.56897484482074 7.990392640201615
      vertex 52.196423739596774 32.696423739596774 7.9157348061512725
      vertex 52.10630376184591 32.75663998357967 7.9157348061512725
    endloop
  endfacet
  facet normal 0.13928132531717977 0.7002145072825529 0.7002145072825482
    outer loop
      vertex 52.1590948225716 32.884088878355705 7.777785116509801
      vertex 52 32.777785116509804 7.9157348061512725
      vertex 52.10630376184591 32.75663998357967 7.9157348061512725
    endloop
  endfacet
  facet normal 0.39663965676028884 0.593613196009095 0.7002145072825526
    outer loop
      vertex 52.29396890060484 32.79396890060484 7.777785116509801
      vertex 52.10630376184591 32.75663998357967 7.9157348061512725
      vertex 52.196423739596774 32.696423739596774 7.9157348061512725
    endloop
  endfacet
  facet normal -1 0 0
    outer loop
      vertex 7 18.5 0
      vertex 7 18.5 0.009607359798384785
      vertex 7 18.597545161008064 0.009607359798384785
    endloop
  endfacet
  facet normal -1 0 0
    outer loop
      vertex 7 18.5 0
      vertex 7 18.597545161008064 0.009607359798384785
      vertex 7 19.402454838991936 0.009607359798384785
    endloop
  endfacet
  facet normal -1 0 0
    outer loop
      vertex 7 19.2222148834902 0.08426519384872738
      vertex 7 19.402454838991936 0.009607359798384785
      vertex 7 18.597545161008064 0.009607359798384785
    endloop
  endfacet
  facet normal -1 0 0
    outer loop
      vertex 7 19.2222148834902 0.08426519384872738
      vertex 7 18.597545161008064 0.009607359798384785
      vertex 7 18.7777851165098 0.08426519384872738
    endloop
  endfacet
  facet normal -1 0 0
    outer loop
      vertex 7 19.2222148834902 0.08426519384872738
      vertex 7 18.7777851165098 0.08426519384872738
      vertex 7 18.915734806151274 0.2222148834901989
    endloop
  endfacet
  facet normal -1 0 0
    outer loop
      vertex 7 19.084265193848726 0.2222148834901989
      vertex 7 19.2222148834902 0.08426519384872738
      vertex 7 18.915734806151274 0.2222148834901989
    endloop
  endfacet
  facet normal -1 0 0
    outer loop
      vertex 7 18.5 0
      vertex 7 19.402454838991936 0.009607359798384785
      vertex 7 20 0
    endloop
  endfacet
  facet normal -1 0 0
    outer loop
      vertex 7 19.084265193848726 0.2222148834901989
      vertex 7 18.915734806151274 0.2222148834901989
      vertex 7 19.009607359798384 0.4024548389919359
    endloop
  endfacet
  facet normal -1 0 0
    outer loop
      vertex 7 19.009607359798384 0.4024548389919359
      vertex 7 18.915734806151274 0.2222148834901989
      vertex 7 18.990392640201616 0.4024548389919359
    endloop
  endfacet
  facet normal -1 0 0
    outer loop
      vertex 7 19 0.5
      vertex 7 19.009607359798384 0.4024548389919359
      vertex 7 18.990392640201616 0.4024548389919359
    endloop
  endfacet
  facet normal -1 0 0
    outer loop
      vertex 7 19 0.5
      vertex 7 19.009607359798384 0.5
      vertex 7 19.009607359798384 0.4024548389919359
    endloop
  endfacet
  facet normal -1 0 0
    outer loop
      vertex 7 20 0
      vertex 7 19.402454838991936 0.009607359798384785
      vertex 7 20 0.009607359798384785
    endloop
  endfacet
  facet normal -1 0 0
    outer loop
      vertex 7 19 0.5
      vertex 7 18.990392640201616 0.4024548389919359
      vertex 7 18.990392640201616 1
    endloop
  endfacet
  facet normal -1 0 0
    outer loop
      vertex 7 19 0.5
      vertex 7 18.990392640201616 1
      vertex 7 19 1
    endloop
  endfacet
  facet normal 0 -1 0
    outer loop
      vertex 7 18.5 0
      vertex 52 18.5 0.009607359798384785
      vertex 7 18.5 0.009607359798384785
    endloop
  endfacet
  facet normal 0 0 -1
    outer loop
      vertex 7 18.5 0
      vertex 7 20 0
      vertex 52 20 0
    endloop
  endfacet
  facet normal 0 1 0
    outer loop
      vertex 7 20 0
      vertex 7 20 0.009607359798384785
      vertex 52 20 0
    endloop
  endfacet
  facet normal 0 0 1
    outer loop
      vertex 7 18.990392640201616 1
      vertex 52 19.009607359798384 1
      vertex 7 19 1
    endloop
  endfacet
  facet normal 0 0 1
    outer loop
      vertex 7 19.009607359798384 1
      vertex 7 19 1
      vertex 52 19.009607359798384 1
    endloop
  endfacet
  facet normal 0 -1 0
    outer loop
      vertex 7 18.5 0
      vertex 52 18.5 0
      vertex 52 18.5 0.009607359798384785
    endloop
  endfacet
  facet normal 0 0 -1
    outer loop
      vertex 7 18.5 0
      vertex 52 20 0
      vertex 52 18.5 0
    endloop
  endfacet
  facet normal 0 1 0
    outer loop
      vertex 52 20 0
      vertex 7 20 0.009607359798384785
      vertex 52 20 0.009607359798384785
    endloop
  endfacet
  facet normal 0 0 1
    outer loop
      vertex 7 18.990392640201616 1
      vertex 52 18.990392640201616 1
      vertex 52 19 1
    endloop
  endfacet
  facet normal 0 0 1
    outer loop
      vertex 7 18.990392640201616 1
      vertex 52 19 1
      vertex 52 19.009607359798384 1
    endloop
  endfacet
  facet normal 1 0 0
    outer loop
      vertex 52 18.5 0
      vertex 52 18.597545161008064 0.009607359798384785
      vertex 52 18.5 0.009607359798384785
    endloop
  endfacet
  facet normal 1 0 0
    outer loop
      vertex 52 18.5 0
      vertex 52 19.402454838991936 0.009607359798384785
      vertex 52 18.597545161008064 0.009607359798384785
    endloop
  endfacet
  facet normal 1 0 0
    outer loop
      vertex 52 18.597545161008064 0.009607359798384785
      vertex 52 19.402454838991936 0.009607359798384785
      vertex 52 18.7777851165098 0.08426519384872738
    endloop
  endfacet
  facet normal 1 0 0
    outer loop
      vertex 52 18.7777851165098 0.08426519384872738
      vertex 52 19.2222148834902 0.08426519384872738
      vertex 52 18.915734806151274 0.2222148834901989
    endloop
  endfacet
  facet normal 1 0 0
    outer loop
      vertex 52 18.915734806151274 0.2222148834901989
      vertex 52 19.2222148834902 0.08426519384872738
      vertex 52 19.084265193848726 0.2222148834901989
    endloop
  endfacet
  facet normal 1 0 0
    outer loop
      vertex 52 18.5 0
      vertex 52 20 0.009607359798384785
      vertex 52 19.402454838991936 0.009607359798384785
    endloop
  endfacet
  facet normal 1 0 0
    outer loop
      vertex 52 18.5 0
      vertex 52 20 0
      vertex 52 20 0.009607359798384785
    endloop
  endfacet
  facet normal 1 0 0
    outer loop
      vertex 52 18.7777851165098 0.08426519384872738
      vertex 52 19.402454838991936 0.009607359798384785
      vertex 52 19.2222148834902 0.08426519384872738
    endloop
  endfacet
  facet normal 1 0 0
    outer loop
      vertex 52 18.915734806151274 0.2222148834901989
      vertex 52 19.084265193848726 0.2222148834901989
      vertex 52 18.990392640201616 0.4024548389919359
    endloop
  endfacet
  facet normal 1 0 0
    outer loop
      vertex 52 18.990392640201616 0.4024548389919359
      vertex 52 19.084265193848726 0.2222148834901989
      vertex 52 19.009607359798384 0.4024548389919359
    endloop
  endfacet
  facet normal 1 0 0
    outer loop
      vertex 52 18.990392640201616 0.4024548389919359
      vertex 52 19.009607359798384 0.4024548389919359
      vertex 52 19 0.5
    endloop
  endfacet
  facet normal 1 0 0
    outer loop
      vertex 52 19.009607359798384 0.4024548389919359
      vertex 52 19.009607359798384 0.5
      vertex 52 19 0.5
    endloop
  endfacet
  facet normal 1 0 0
    outer loop
      vertex 52 18.990392640201616 0.4024548389919359
      vertex 52 19 0.5
      vertex 52 18.990392640201616 1
    endloop
  endfacet
  facet normal 1 0 0
    outer loop
      vertex 52 18.990392640201616 1
      vertex 52 19 0.5
      vertex 52 19 1
    endloop
  endfacet
  facet normal -1 0 0
    outer loop
      vertex 7 18.5 6
      vertex 7 18.552264228463173 6.0027390494942665
      vertex 7 18.597545161008064 5.990392640201615
    endloop
  endfacet
  facet normal -1 0 0
    outer loop
      vertex 7 18.5 6
      vertex 7 18.597545161008064 5.990392640201615
      vertex 7 18.5 5.990392640201615
    endloop
  endfacet
  facet normal -1 0 0
    outer loop
      vertex 7 18.990392640201616 5.597545161008064
      vertex 7 19 5.5
      vertex 7 18.990392640201616 5.5
    endloop
  endfacet
  facet normal -1 0 0
    outer loop
      vertex 7 19.009607359798384 5.5
      vertex 7 19 5.5
      vertex 7 18.990392640201616 5.597545161008064
    endloop
  endfacet
  facet normal -1 0 0
    outer loop
      vertex 7 19.009607359798384 5.5
      vertex 7 18.990392640201616 5.597545161008064
      vertex 7 19.009607359798384 6.084035371489934
    endloop
  endfacet
  facet normal -1 0 0
    outer loop
      vertex 7 18.990392640201616 5.597545161008064
      vertex 7 18.915734806151274 5.777785116509801
      vertex 7 19.009607359798384 6.084035371489934
    endloop
  endfacet
  facet normal -1 0 0
    outer loop
      vertex 7 18.915734806151274 5.777785116509801
      vertex 7 18.7777851165098 5.9157348061512725
      vertex 7 19.009607359798384 6.084035371489934
    endloop
  endfacet
  facet normal -1 0 0
    outer loop
      vertex 7 18.552264228463173 6.0027390494942665
      vertex 7 18.60395584255457 6.010926201939583
      vertex 7 18.597545161008064 5.990392640201615
    endloop
  endfacet
  facet normal -1 0 0
    outer loop
      vertex 7 18.60395584255457 6.010926201939583
      vertex 7 18.7777851165098 5.9157348061512725
      vertex 7 18.597545161008064 5.990392640201615
    endloop
  endfacet
  facet normal -1 0 0
    outer loop
      vertex 7 18.60395584255457 6.010926201939583
      vertex 7 19.009607359798384 6.084035371489934
      vertex 7 18.7777851165098 5.9157348061512725
    endloop
  endfacet
  facet normal -1 0 0
    outer loop
      vertex 7 18.60395584255457 6.010926201939583
      vertex 7 18.654508493840694 6.024471744894981
      vertex 7 19.009607359798384 6.084035371489934
    endloop
  endfacet
  facet normal -1 0 0
    outer loop
      vertex 7 18.654508493840694 6.024471744894981
      vertex 7 18.703368321061134 6.043227270245552
      vertex 7 19.009607359798384 6.084035371489934
    endloop
  endfacet
  facet normal -1 0 0
    outer loop
      vertex 7 18.703368321061134 6.043227270245552
      vertex 7 18.75 6.066987298429012
      vertex 7 19.009607359798384 6.084035371489934
    endloop
  endfacet
  facet normal -1 0 0
    outer loop
      vertex 7 18.75 6.066987298429012
      vertex 7 18.7938926294446 6.095491506159306
      vertex 7 19.009607359798384 6.084035371489934
    endloop
  endfacet
  facet normal -1 0 0
    outer loop
      vertex 7 18.7938926294446 6.095491506159306
      vertex 7 18.834565304219723 6.128427587449551
      vertex 7 19.009607359798384 6.084035371489934
    endloop
  endfacet
  facet normal -1 0 0
    outer loop
      vertex 7 18.834565304219723 6.128427587449551
      vertex 7 18.87157241255045 6.165434695780277
      vertex 7 19.009607359798384 6.084035371489934
    endloop
  endfacet
  facet normal -1 0 0
    outer loop
      vertex 7 18.87157241255045 6.165434695780277
      vertex 7 18.904508493840694 6.206107370555401
      vertex 7 19.009607359798384 6.084035371489934
    endloop
  endfacet
  facet normal -1 0 0
    outer loop
      vertex 7 18.904508493840694 6.206107370555401
      vertex 7 18.933012701570988 6.25
      vertex 7 19.009607359798384 6.084035371489934
    endloop
  endfacet
  facet normal -1 0 0
    outer loop
      vertex 7 18.933012701570988 6.25
      vertex 7 18.956772729754448 6.296631678938866
      vertex 7 19.009607359798384 6.084035371489934
    endloop
  endfacet
  facet normal -1 0 0
    outer loop
      vertex 7 18.956772729754448 6.296631678938866
      vertex 7 18.97552825510502 6.345491506159306
      vertex 7 19.009607359798384 6.084035371489934
    endloop
  endfacet
  facet normal -1 0 0
    outer loop
      vertex 7 18.97552825510502 6.345491506159306
      vertex 7 18.989073798060417 6.396044157445431
      vertex 7 19.009607359798384 6.084035371489934
    endloop
  endfacet
  facet normal -1 0 0
    outer loop
      vertex 7 18.989073798060417 6.396044157445431
      vertex 7 19.009607359798384 6.5
      vertex 7 19.009607359798384 6.084035371489934
    endloop
  endfacet
  facet normal -1 0 0
    outer loop
      vertex 7 18.989073798060417 6.396044157445431
      vertex 7 18.997260950505733 6.447735771536827
      vertex 7 19.009607359798384 6.5
    endloop
  endfacet
  facet normal -1 0 0
    outer loop
      vertex 7 18.997260950505733 6.447735771536827
      vertex 7 19 6.5
      vertex 7 19.009607359798384 6.5
    endloop
  endfacet
  facet normal 0 -1 0
    outer loop
      vertex 7 18.5 6
      vertex 7 18.5 5.990392640201615
      vertex 52 18.5 6
    endloop
  endfacet
  facet normal 0 -0.052335905643759346 0.9986295374063636
    outer loop
      vertex 7 18.5 6
      vertex 52 18.552264228463173 6.0027390494942665
      vertex 7 18.552264228463173 6.0027390494942665
    endloop
  endfacet
  facet normal 0 0 -1
    outer loop
      vertex 7 19 5.5
      vertex 52 18.990392640201616 5.5
      vertex 7 18.990392640201616 5.5
    endloop
  endfacet
  facet normal 0 0 -1
    outer loop
      vertex 7 19.009607359798384 5.5
      vertex 52 18.990392640201616 5.5
      vertex 7 19 5.5
    endloop
  endfacet
  facet normal 0 -0.15643455969239403 0.9876883256037032
    outer loop
      vertex 7 18.552264228463173 6.0027390494942665
      vertex 52 18.60395584255457 6.010926201939583
      vertex 7 18.60395584255457 6.010926201939583
    endloop
  endfacet
  facet normal 0 -0.25881906057720194 0.9659258221426399
    outer loop
      vertex 7 18.60395584255457 6.010926201939583
      vertex 52 18.654508493840694 6.024471744894981
      vertex 7 18.654508493840694 6.024471744894981
    endloop
  endfacet
  facet normal 0 -0.35836786498923967 0.933580458955228
    outer loop
      vertex 7 18.654508493840694 6.024471744894981
      vertex 52 18.703368321061134 6.043227270245552
      vertex 7 18.703368321061134 6.043227270245552
    endloop
  endfacet
  facet normal 0 -0.453990515082469 0.8910065163707585
    outer loop
      vertex 7 18.703368321061134 6.043227270245552
      vertex 52 18.75 6.066987298429012
      vertex 7 18.75 6.066987298429012
    endloop
  endfacet
  facet normal 0 -0.5446390468896978 0.8386705602339226
    outer loop
      vertex 7 18.75 6.066987298429012
      vertex 52 18.7938926294446 6.095491506159306
      vertex 7 18.7938926294446 6.095491506159306
    endloop
  endfacet
  facet normal 0 -0.629320375701856 0.777145973885521
    outer loop
      vertex 7 18.7938926294446 6.095491506159306
      vertex 52 18.834565304219723 6.128427587449551
      vertex 7 18.834565304219723 6.128427587449551
    endloop
  endfacet
  facet normal 0 -0.7071067811865476 0.7071067811865476
    outer loop
      vertex 7 18.834565304219723 6.128427587449551
      vertex 52 18.87157241255045 6.165434695780277
      vertex 7 18.87157241255045 6.165434695780277
    endloop
  endfacet
  facet normal 0 -0.777145973885521 0.629320375701856
    outer loop
      vertex 7 18.87157241255045 6.165434695780277
      vertex 52 18.904508493840694 6.206107370555401
      vertex 7 18.904508493840694 6.206107370555401
    endloop
  endfacet
  facet normal 0 -0.8386705602339226 0.5446390468896978
    outer loop
      vertex 7 18.904508493840694 6.206107370555401
      vertex 52 18.933012701570988 6.25
      vertex 7 18.933012701570988 6.25
    endloop
  endfacet
  facet normal 0 -0.8910065163707585 0.453990515082469
    outer loop
      vertex 7 18.933012701570988 6.25
      vertex 52 18.956772729754448 6.296631678938866
      vertex 7 18.956772729754448 6.296631678938866
    endloop
  endfacet
  facet normal 0 -0.933580458955228 0.35836786498923967
    outer loop
      vertex 7 18.956772729754448 6.296631678938866
      vertex 52 18.97552825510502 6.345491506159306
      vertex 7 18.97552825510502 6.345491506159306
    endloop
  endfacet
  facet normal 0 -0.9659258221426399 0.25881906057720194
    outer loop
      vertex 7 18.97552825510502 6.345491506159306
      vertex 52 18.989073798060417 6.396044157445431
      vertex 7 18.989073798060417 6.396044157445431
    endloop
  endfacet
  facet normal 0 -0.9876883256037032 0.15643455969239403
    outer loop
      vertex 7 18.989073798060417 6.396044157445431
      vertex 52 18.997260950505733 6.447735771536827
      vertex 7 18.997260950505733 6.447735771536827
    endloop
  endfacet
  facet normal 0 -0.9986295374063636 0.052335905643759346
    outer loop
      vertex 7 18.997260950505733 6.447735771536827
      vertex 52 19 6.5
      vertex 7 19 6.5
    endloop
  endfacet
  facet normal 0 0 1
    outer loop
      vertex 7 19 6.5
      vertex 52 19.009607359798384 6.5
      vertex 7 19.009607359798384 6.5
    endloop
  endfacet
  facet normal 0 -1 0
    outer loop
      vertex 52 18.5 6
      vertex 7 18.5 5.990392640201615
      vertex 52 18.5 5.990392640201615
    endloop
  endfacet
  facet normal 0 -0.052335905643759346 0.9986295374063636
    outer loop
      vertex 7 18.5 6
      vertex 52 18.5 6
      vertex 52 18.552264228463173 6.0027390494942665
    endloop
  endfacet
  facet normal 0 0 -1
    outer loop
      vertex 52 19 5.5
      vertex 52 18.990392640201616 5.5
      vertex 7 19.009607359798384 5.5
    endloop
  endfacet
  facet normal 0 0 -1
    outer loop
      vertex 52 19.009607359798384 5.5
      vertex 52 19 5.5
      vertex 7 19.009607359798384 5.5
    endloop
  endfacet
  facet normal 0 -0.15643455969239403 0.9876883256037032
    outer loop
      vertex 7 18.552264228463173 6.0027390494942665
      vertex 52 18.552264228463173 6.0027390494942665
      vertex 52 18.60395584255457 6.010926201939583
    endloop
  endfacet
  facet normal 0 -0.25881906057720194 0.9659258221426399
    outer loop
      vertex 7 18.60395584255457 6.010926201939583
      vertex 52 18.60395584255457 6.010926201939583
      vertex 52 18.654508493840694 6.024471744894981
    endloop
  endfacet
  facet normal 0 -0.35836786498923967 0.933580458955228
    outer loop
      vertex 7 18.654508493840694 6.024471744894981
      vertex 52 18.654508493840694 6.024471744894981
      vertex 52 18.703368321061134 6.043227270245552
    endloop
  endfacet
  facet normal 0 -0.453990515082469 0.8910065163707585
    outer loop
      vertex 7 18.703368321061134 6.043227270245552
      vertex 52 18.703368321061134 6.043227270245552
      vertex 52 18.75 6.066987298429012
    endloop
  endfacet
  facet normal 0 -0.5446390468896978 0.8386705602339226
    outer loop
      vertex 7 18.75 6.066987298429012
      vertex 52 18.75 6.066987298429012
      vertex 52 18.7938926294446 6.095491506159306
    endloop
  endfacet
  facet normal 0 -0.629320375701856 0.777145973885521
    outer loop
      vertex 7 18.7938926294446 6.095491506159306
      vertex 52 18.7938926294446 6.095491506159306
      vertex 52 18.834565304219723 6.128427587449551
    endloop
  endfacet
  facet normal 0 -0.7071067811865476 0.7071067811865476
    outer loop
      vertex 7 18.834565304219723 6.128427587449551
      vertex 52 18.834565304219723 6.128427587449551
      vertex 52 18.87157241255045 6.165434695780277
    endloop
  endfacet
  facet normal 0 -0.777145973885521 0.629320375701856
    outer loop
      vertex 7 18.87157241255045 6.165434695780277
      vertex 52 18.87157241255045 6.165434695780277
      vertex 52 18.904508493840694 6.206107370555401
    endloop
  endfacet
  facet normal 0 -0.8386705602339226 0.5446390468896978
    outer loop
      vertex 7 18.904508493840694 6.206107370555401
      vertex 52 18.904508493840694 6.206107370555401
      vertex 52 18.933012701570988 6.25
    endloop
  endfacet
  facet normal 0 -0.8910065163707585 0.453990515082469
    outer loop
      vertex 7 18.933012701570988 6.25
      vertex 52 18.933012701570988 6.25
      vertex 52 18.956772729754448 6.296631678938866
    endloop
  endfacet
  facet normal 0 -0.933580458955228 0.35836786498923967
    outer loop
      vertex 7 18.956772729754448 6.296631678938866
      vertex 52 18.956772729754448 6.296631678938866
      vertex 52 18.97552825510502 6.345491506159306
    endloop
  endfacet
  facet normal 0 -0.9659258221426399 0.25881906057720194
    outer loop
      vertex 7 18.97552825510502 6.345491506159306
      vertex 52 18.97552825510502 6.345491506159306
      vertex 52 18.989073798060417 6.396044157445431
    endloop
  endfacet
  facet normal 0 -0.9876883256037032 0.15643455969239403
    outer loop
      vertex 7 18.989073798060417 6.396044157445431
      vertex 52 18.989073798060417 6.396044157445431
      vertex 52 18.997260950505733 6.447735771536827
    endloop
  endfacet
  facet normal 0 -0.9986295374063636 0.052335905643759346
    outer loop
      vertex 7 18.997260950505733 6.447735771536827
      vertex 52 18.997260950505733 6.447735771536827
      vertex 52 19 6.5
    endloop
  endfacet
  facet normal 0 0 1
    outer loop
      vertex 7 19 6.5
      vertex 52 19 6.5
      vertex 52 19.009607359798384 6.5
    endloop
  endfacet
  facet normal 1 0 0
    outer loop
      vertex 52 18.5 6
      vertex 52 18.5 5.990392640201615
      vertex 52 18.552264228463173 6.0027390494942665
    endloop
  endfacet
  facet normal 1 0 0
    outer loop
      vertex 52 18.552264228463173 6.0027390494942665
      vertex 52 18.5 5.990392640201615
      vertex 52 18.597545161008064 5.990392640201615
    endloop
  endfacet
  facet normal 1 0 0
    outer loop
      vertex 52 18.990392640201616 5.597545161008064
      vertex 52 18.990392640201616 5.5
      vertex 52 19 5.5
    endloop
  endfacet
  facet normal 1 0 0
    outer loop
      vertex 52 18.990392640201616 5.597545161008064
      vertex 52 19 5.5
      vertex 52 19.009607359798384 5.5
    endloop
  endfacet
  facet normal 1 0 0
    outer loop
      vertex 52 18.990392640201616 5.597545161008064
      vertex 52 19.009607359798384 5.5
      vertex 52 19.009607359798384 5.8624652897893075
    endloop
  endfacet
  facet normal 1 0 0
    outer loop
      vertex 52 18.915734806151274 5.777785116509801
      vertex 52 18.990392640201616 5.597545161008064
      vertex 52 19.009607359798384 5.8624652897893075
    endloop
  endfacet
  facet normal 1 0 0
    outer loop
      vertex 52 18.60395584255457 6.010926201939583
      vertex 52 18.7777851165098 5.9157348061512725
      vertex 52 19.009607359798384 5.8624652897893075
    endloop
  endfacet
  facet normal 1 0 0
    outer loop
      vertex 52 18.7777851165098 5.9157348061512725
      vertex 52 18.915734806151274 5.777785116509801
      vertex 52 19.009607359798384 5.8624652897893075
    endloop
  endfacet
  facet normal 1 0 0
    outer loop
      vertex 52 18.552264228463173 6.0027390494942665
      vertex 52 18.597545161008064 5.990392640201615
      vertex 52 18.60395584255457 6.010926201939583
    endloop
  endfacet
  facet normal 1 0 0
    outer loop
      vertex 52 18.60395584255457 6.010926201939583
      vertex 52 18.597545161008064 5.990392640201615
      vertex 52 18.7777851165098 5.9157348061512725
    endloop
  endfacet
  facet normal 1 0 0
    outer loop
      vertex 52 18.60395584255457 6.010926201939583
      vertex 52 19.009607359798384 5.8624652897893075
      vertex 52 18.654508493840694 6.024471744894981
    endloop
  endfacet
  facet normal 1 0 0
    outer loop
      vertex 52 18.654508493840694 6.024471744894981
      vertex 52 19.009607359798384 5.8624652897893075
      vertex 52 18.703368321061134 6.043227270245552
    endloop
  endfacet
  facet normal 1 0 0
    outer loop
      vertex 52 18.703368321061134 6.043227270245552
      vertex 52 19.009607359798384 5.8624652897893075
      vertex 52 18.75 6.066987298429012
    endloop
  endfacet
  facet normal 1 0 0
    outer loop
      vertex 52 18.75 6.066987298429012
      vertex 52 19.009607359798384 5.8624652897893075
      vertex 52 18.7938926294446 6.095491506159306
    endloop
  endfacet
  facet normal 1 0 0
    outer loop
      vertex 52 18.7938926294446 6.095491506159306
      vertex 52 19.009607359798384 5.8624652897893075
      vertex 52 18.834565304219723 6.128427587449551
    endloop
  endfacet
  facet normal 1 0 0
    outer loop
      vertex 52 18.834565304219723 6.128427587449551
      vertex 52 19.009607359798384 5.8624652897893075
      vertex 52 18.87157241255045 6.165434695780277
    endloop
  endfacet
  facet normal 1 0 0
    outer loop
      vertex 52 18.87157241255045 6.165434695780277
      vertex 52 19.009607359798384 5.8624652897893075
      vertex 52 18.904508493840694 6.206107370555401
    endloop
  endfacet
  facet normal 1 0 0
    outer loop
      vertex 52 18.904508493840694 6.206107370555401
      vertex 52 19.009607359798384 5.8624652897893075
      vertex 52 18.933012701570988 6.25
    endloop
  endfacet
  facet normal 1 0 0
    outer loop
      vertex 52 18.933012701570988 6.25
      vertex 52 19.009607359798384 5.8624652897893075
      vertex 52 18.956772729754448 6.296631678938866
    endloop
  endfacet
  facet normal 1 0 0
    outer loop
      vertex 52 18.956772729754448 6.296631678938866
      vertex 52 19.009607359798384 5.8624652897893075
      vertex 52 18.97552825510502 6.345491506159306
    endloop
  endfacet
  facet normal 1 0 0
    outer loop
      vertex 52 18.97552825510502 6.345491506159306
      vertex 52 19.009607359798384 5.8624652897893075
      vertex 52 18.989073798060417 6.396044157445431
    endloop
  endfacet
  facet normal 1 0 0
    outer loop
      vertex 52 18.989073798060417 6.396044157445431
      vertex 52 19.009607359798384 5.8624652897893075
      vertex 52 18.997260950505733 6.447735771536827
    endloop
  endfacet
  facet normal 1 0 0
    outer loop
      vertex 52 18.997260950505733 6.447735771536827
      vertex 52 19.009607359798384 5.8624652897893075
      vertex 52 19 6.5
    endloop
  endfacet
  facet normal 1 0 0
    outer loop
      vertex 52 19 6.5
      vertex 52 19.009607359798384 5.8624652897893075
      vertex 52 19.009607359798384 6.5
    endloop
  endfacet
  facet normal 0 0 -1
    outer loop
      vertex 6 19 0.5
      vertex 6.052264228463173 19.002739049494267 0.5
      vertex 7 19 0.5
    endloop
  endfacet
  facet normal 0 0 -1
    outer loop
      vertex 6.052264228463173 19.002739049494267 0.5
      vertex 6.103955842554569 19.010926201939583 0.5
      vertex 7 19 0.5
    endloop
  endfacet
  facet normal 0 0 -1
    outer loop
      vertex 6.103955842554569 19.010926201939583 0.5
      vertex 6.154508493840694 19.02447174489498 0.5
      vertex 7 19 0.5
    endloop
  endfacet
  facet normal 0 0 -1
    outer loop
      vertex 6.154508493840694 19.02447174489498 0.5
      vertex 6.203368321061134 19.043227270245552 0.5
      vertex 7 19 0.5
    endloop
  endfacet
  facet normal 0 0 -1
    outer loop
      vertex 6.203368321061134 19.043227270245552 0.5
      vertex 6.25 19.066987298429012 0.5
      vertex 7 19 0.5
    endloop
  endfacet
  facet normal 0 0 -1
    outer loop
      vertex 6.25 19.066987298429012 0.5
      vertex 6.293892629444599 19.095491506159306 0.5
      vertex 7 19 0.5
    endloop
  endfacet
  facet normal 0 0 -1
    outer loop
      vertex 6.293892629444599 19.095491506159306 0.5
      vertex 6.334565304219723 19.12842758744955 0.5
      vertex 7 19 0.5
    endloop
  endfacet
  facet normal 0 0 -1
    outer loop
      vertex 6.334565304219723 19.12842758744955 0.5
      vertex 6.812334861241068 19.046936276823555 0.5
      vertex 7 19.009607359798384 0.5
    endloop
  endfacet
  facet normal 0 0 -1
    outer loop
      vertex 6.334565304219723 19.12842758744955 0.5
      vertex 7 19.009607359798384 0.5
      vertex 7 19 0.5
    endloop
  endfacet
  facet normal 0 0 -1
    outer loop
      vertex 6.334565304219723 19.12842758744955 0.5
      vertex 6.371572412550449 19.165434695780277 0.5
      vertex 6.812334861241068 19.046936276823555 0.5
    endloop
  endfacet
  facet normal 0 0 -1
    outer loop
      vertex 6.371572412550449 19.165434695780277 0.5
      vertex 6.404508493840694 19.2061073705554 0.5
      vertex 6.812334861241068 19.046936276823555 0.5
    endloop
  endfacet
  facet normal 0 0 -1
    outer loop
      vertex 6.404508493840694 19.2061073705554 0.5
      vertex 6.433012701570988 19.25 0.5
      vertex 6.812334861241068 19.046936276823555 0.5
    endloop
  endfacet
  facet normal 0 0 -1
    outer loop
      vertex 6.433012701570988 19.25 0.5
      vertex 6.6532400386694635 19.153240038669463 0.5
      vertex 6.812334861241068 19.046936276823555 0.5
    endloop
  endfacet
  facet normal 0 0 -1
    outer loop
      vertex 6.433012701570988 19.25 0.5
      vertex 6.456772729754448 19.296631678938866 0.5
      vertex 6.6532400386694635 19.153240038669463 0.5
    endloop
  endfacet
  facet normal 0 0 -1
    outer loop
      vertex 6.456772729754448 19.296631678938866 0.5
      vertex 6.475528255105019 19.345491506159306 0.5
      vertex 6.6532400386694635 19.153240038669463 0.5
    endloop
  endfacet
  facet normal 0 0 -1
    outer loop
      vertex 6.6532400386694635 19.153240038669463 0.5
      vertex 6.475528255105019 19.345491506159306 0.5
      vertex 6.546936276823556 19.312334861241066 0.5
    endloop
  endfacet
  facet normal 0 0 -1
    outer loop
      vertex 6.546936276823556 19.312334861241066 0.5
      vertex 6.475528255105019 19.345491506159306 0.5
      vertex 6.489073798060417 19.39604415744543 0.5
    endloop
  endfacet
  facet normal 0 0 -1
    outer loop
      vertex 6.546936276823556 19.312334861241066 0.5
      vertex 6.489073798060417 19.39604415744543 0.5
      vertex 6.4972609505057335 19.447735771536827 0.5
    endloop
  endfacet
  facet normal 0 0 -1
    outer loop
      vertex 6.546936276823556 19.312334861241066 0.5
      vertex 6.4972609505057335 19.447735771536827 0.5
      vertex 6.509607359798385 19.5 0.5
    endloop
  endfacet
  facet normal 0 0 -1
    outer loop
      vertex 6.4972609505057335 19.447735771536827 0.5
      vertex 6.5 19.5 0.5
      vertex 6.509607359798385 19.5 0.5
    endloop
  endfacet
  facet normal -0.05233590564375934 0.9986295374063635 0
    outer loop
      vertex 6 19 0.5
      vertex 6.052264228463173 19.002739049494267 5.5
      vertex 6.052264228463173 19.002739049494267 0.5
    endloop
  endfacet
  facet normal -0.15643455969239403 0.9876883256037032 0
    outer loop
      vertex 6.052264228463173 19.002739049494267 0.5
      vertex 6.103955842554569 19.010926201939583 5.5
      vertex 6.103955842554569 19.010926201939583 0.5
    endloop
  endfacet
  facet normal -0.2588190605772019 0.9659258221426399 0
    outer loop
      vertex 6.103955842554569 19.010926201939583 0.5
      vertex 6.154508493840694 19.02447174489498 5.5
      vertex 6.154508493840694 19.02447174489498 0.5
    endloop
  endfacet
  facet normal -0.35836786498923967 0.9335804589552279 0
    outer loop
      vertex 6.154508493840694 19.02447174489498 0.5
      vertex 6.203368321061134 19.043227270245552 5.5
      vertex 6.203368321061134 19.043227270245552 0.5
    endloop
  endfacet
  facet normal 0 -1 0
    outer loop
      vertex 6 19 0.5
      vertex 7 19 0.5
      vertex 6 19 5.5
    endloop
  endfacet
  facet normal -0.453990515082469 0.8910065163707585 0
    outer loop
      vertex 6.203368321061134 19.043227270245552 0.5
      vertex 6.25 19.066987298429012 5.5
      vertex 6.25 19.066987298429012 0.5
    endloop
  endfacet
  facet normal -0.5446390468896978 0.8386705602339225 0
    outer loop
      vertex 6.25 19.066987298429012 0.5
      vertex 6.293892629444599 19.095491506159306 5.5
      vertex 6.293892629444599 19.095491506159306 0.5
    endloop
  endfacet
  facet normal -0.629320375701856 0.777145973885521 0
    outer loop
      vertex 6.293892629444599 19.095491506159306 0.5
      vertex 6.334565304219723 19.12842758744955 5.5
      vertex 6.334565304219723 19.12842758744955 0.5
    endloop
  endfacet
  facet normal -0.7071067811865476 0.7071067811865476 0
    outer loop
      vertex 6.334565304219723 19.12842758744955 0.5
      vertex 6.371572412550449 19.165434695780277 5.5
      vertex 6.371572412550449 19.165434695780277 0.5
    endloop
  endfacet
  facet normal -0.777145973885521 0.629320375701856 0
    outer loop
      vertex 6.371572412550449 19.165434695780277 0.5
      vertex 6.404508493840694 19.2061073705554 5.5
      vertex 6.404508493840694 19.2061073705554 0.5
    endloop
  endfacet
  facet normal -0.8386705602339225 0.5446390468896978 0
    outer loop
      vertex 6.404508493840694 19.2061073705554 0.5
      vertex 6.433012701570988 19.25 5.5
      vertex 6.433012701570988 19.25 0.5
    endloop
  endfacet
  facet normal -0.8910065163707585 0.453990515082469 0
    outer loop
      vertex 6.433012701570988 19.25 0.5
      vertex 6.456772729754448 19.296631678938866 5.5
      vertex 6.456772729754448 19.296631678938866 0.5
    endloop
  endfacet
  facet normal 0 -1 0
    outer loop
      vertex 6 19 5.5
      vertex 7 19 0.5
      vertex 7 19 1
    endloop
  endfacet
  facet normal -0.9335804589552279 0.35836786498923967 0
    outer loop
      vertex 6.456772729754448 19.296631678938866 0.5
      vertex 6.475528255105019 19.345491506159306 5.5
      vertex 6.475528255105019 19.345491506159306 0.5
    endloop
  endfacet
  facet normal -0.9659258221426399 0.2588190605772019 0
    outer loop
      vertex 6.475528255105019 19.345491506159306 0.5
      vertex 6.489073798060417 19.39604415744543 5.5
      vertex 6.489073798060417 19.39604415744543 0.5
    endloop
  endfacet
  facet normal -0.9876883256037032 0.15643455969239403 0
    outer loop
      vertex 6.489073798060417 19.39604415744543 0.5
      vertex 6.4972609505057335 19.447735771536827 5.5
      vertex 6.4972609505057335 19.447735771536827 0.5
    endloop
  endfacet
  facet normal -0.9986295374063635 0.05233590564375934 0
    outer loop
      vertex 6.4972609505057335 19.447735771536827 0.5
      vertex 6.5 19.5 5.5
      vertex 6.5 19.5 0.5
    endloop
  endfacet
  facet normal 0 1 0
    outer loop
      vertex 6.5 19.5 0.5
      vertex 6.5 19.5 5.5
      vertex 6.509607359798385 19.5 0.5
    endloop
  endfacet
  facet normal 1 0 0
    outer loop
      vertex 7 19 1
      vertex 7 19.009607359798384 1
      vertex 7 19 5.5
    endloop
  endfacet
  facet normal -0.05233590564375934 0.9986295374063635 0
    outer loop
      vertex 6 19 0.5
      vertex 6 19 5.5
      vertex 6.052264228463173 19.002739049494267 5.5
    endloop
  endfacet
  facet normal -0.15643455969239403 0.9876883256037032 0
    outer loop
      vertex 6.052264228463173 19.002739049494267 0.5
      vertex 6.052264228463173 19.002739049494267 5.5
      vertex 6.103955842554569 19.010926201939583 5.5
    endloop
  endfacet
  facet normal -0.2588190605772019 0.9659258221426399 0
    outer loop
      vertex 6.103955842554569 19.010926201939583 0.5
      vertex 6.103955842554569 19.010926201939583 5.5
      vertex 6.154508493840694 19.02447174489498 5.5
    endloop
  endfacet
  facet normal -0.35836786498923967 0.9335804589552279 0
    outer loop
      vertex 6.154508493840694 19.02447174489498 0.5
      vertex 6.154508493840694 19.02447174489498 5.5
      vertex 6.203368321061134 19.043227270245552 5.5
    endloop
  endfacet
  facet normal -0.453990515082469 0.8910065163707585 0
    outer loop
      vertex 6.203368321061134 19.043227270245552 0.5
      vertex 6.203368321061134 19.043227270245552 5.5
      vertex 6.25 19.066987298429012 5.5
    endloop
  endfacet
  facet normal -0.5446390468896978 0.8386705602339225 0
    outer loop
      vertex 6.25 19.066987298429012 0.5
      vertex 6.25 19.066987298429012 5.5
      vertex 6.293892629444599 19.095491506159306 5.5
    endloop
  endfacet
  facet normal -0.629320375701856 0.777145973885521 0
    outer loop
      vertex 6.293892629444599 19.095491506159306 0.5
      vertex 6.293892629444599 19.095491506159306 5.5
      vertex 6.334565304219723 19.12842758744955 5.5
    endloop
  endfacet
  facet normal -0.7071067811865476 0.7071067811865476 0
    outer loop
      vertex 6.334565304219723 19.12842758744955 0.5
      vertex 6.334565304219723 19.12842758744955 5.5
      vertex 6.371572412550449 19.165434695780277 5.5
    endloop
  endfacet
  facet normal -0.777145973885521 0.629320375701856 0
    outer loop
      vertex 6.371572412550449 19.165434695780277 0.5
      vertex 6.371572412550449 19.165434695780277 5.5
      vertex 6.404508493840694 19.2061073705554 5.5
    endloop
  endfacet
  facet normal -0.8386705602339225 0.5446390468896978 0
    outer loop
      vertex 6.404508493840694 19.2061073705554 0.5
      vertex 6.404508493840694 19.2061073705554 5.5
      vertex 6.433012701570988 19.25 5.5
    endloop
  endfacet
  facet normal -0.8910065163707585 0.453990515082469 0
    outer loop
      vertex 6.433012701570988 19.25 0.5
      vertex 6.433012701570988 19.25 5.5
      vertex 6.456772729754448 19.296631678938866 5.5
    endloop
  endfacet
  facet normal -0.9335804589552279 0.35836786498923967 0
    outer loop
      vertex 6.456772729754448 19.296631678938866 0.5
      vertex 6.456772729754448 19.296631678938866 5.5
      vertex 6.475528255105019 19.345491506159306 5.5
    endloop
  endfacet
  facet normal -0.9659258221426399 0.2588190605772019 0
    outer loop
      vertex 6.475528255105019 19.345491506159306 0.5
      vertex 6.475528255105019 19.345491506159306 5.5
      vertex 6.489073798060417 19.39604415744543 5.5
    endloop
  endfacet
  facet normal -0.9876883256037032 0.15643455969239403 0
    outer loop
      vertex 6.489073798060417 19.39604415744543 0.5
      vertex 6.489073798060417 19.39604415744543 5.5
      vertex 6.4972609505057335 19.447735771536827 5.5
    endloop
  endfacet
  facet normal -0.9986295374063635 0.05233590564375934 0
    outer loop
      vertex 6.4972609505057335 19.447735771536827 0.5
      vertex 6.4972609505057335 19.447735771536827 5.5
      vertex 6.5 19.5 5.5
    endloop
  endfacet
  facet normal 0 1 0
    outer loop
      vertex 6.509607359798385 19.5 0.5
      vertex 6.5 19.5 5.5
      vertex 6.509607359798385 19.5 5.5
    endloop
  endfacet
  facet normal 0 -1 0
    outer loop
      vertex 6 19 5.5
      vertex 7 19 1
      vertex 7 19 5.5
    endloop
  endfacet
  facet normal 1 0 0
    outer loop
      vertex 7 19 5.5
      vertex 7 19.009607359798384 1
      vertex 7 19.009607359798384 5.5
    endloop
  endfacet
  facet normal 0 0 1
    outer loop
      vertex 6 19 5.5
      vertex 7 19 5.5
      vertex 6.052264228463173 19.002739049494267 5.5
    endloop
  endfacet
  facet normal 0 0 1
    outer loop
      vertex 6.052264228463173 19.002739049494267 5.5
      vertex 7 19 5.5
      vertex 6.103955842554569 19.010926201939583 5.5
    endloop
  endfacet
  facet normal 0 0 1
    outer loop
      vertex 6.103955842554569 19.010926201939583 5.5
      vertex 7 19 5.5
      vertex 6.154508493840694 19.02447174489498 5.5
    endloop
  endfacet
  facet normal 0 0 1
    outer loop
      vertex 6.154508493840694 19.02447174489498 5.5
      vertex 7 19 5.5
      vertex 6.203368321061134 19.043227270245552 5.5
    endloop
  endfacet
  facet normal 0 0 1
    outer loop
      vertex 6.203368321061134 19.043227270245552 5.5
      vertex 7 19 5.5
      vertex 6.25 19.066987298429012 5.5
    endloop
  endfacet
  facet normal 0 0 1
    outer loop
      vertex 6.25 19.066987298429012 5.5
      vertex 7 19 5.5
      vertex 6.293892629444599 19.095491506159306 5.5
    endloop
  endfacet
  facet normal 0 0 1
    outer loop
      vertex 6.293892629444599 19.095491506159306 5.5
      vertex 7 19 5.5
      vertex 6.334565304219723 19.12842758744955 5.5
    endloop
  endfacet
  facet normal 0 0 1
    outer loop
      vertex 6.334565304219723 19.12842758744955 5.5
      vertex 7 19 5.5
      vertex 6.812334861241068 19.046936276823555 5.5
    endloop
  endfacet
  facet normal 0 0 1
    outer loop
      vertex 6.812334861241068 19.046936276823555 5.5
      vertex 7 19 5.5
      vertex 7 19.009607359798384 5.5
    endloop
  endfacet
  facet normal 0 0 1
    outer loop
      vertex 6.334565304219723 19.12842758744955 5.5
      vertex 6.812334861241068 19.046936276823555 5.5
      vertex 6.371572412550449 19.165434695780277 5.5
    endloop
  endfacet
  facet normal 0 0 1
    outer loop
      vertex 6.371572412550449 19.165434695780277 5.5
      vertex 6.6532400386694635 19.153240038669463 5.5
      vertex 6.404508493840694 19.2061073705554 5.5
    endloop
  endfacet
  facet normal 0 0 1
    outer loop
      vertex 6.404508493840694 19.2061073705554 5.5
      vertex 6.6532400386694635 19.153240038669463 5.5
      vertex 6.433012701570988 19.25 5.5
    endloop
  endfacet
  facet normal 0 0 1
    outer loop
      vertex 6.371572412550449 19.165434695780277 5.5
      vertex 6.812334861241068 19.046936276823555 5.5
      vertex 6.6532400386694635 19.153240038669463 5.5
    endloop
  endfacet
  facet normal 0 0 1
    outer loop
      vertex 6.433012701570988 19.25 5.5
      vertex 6.6532400386694635 19.153240038669463 5.5
      vertex 6.546936276823556 19.312334861241066 5.5
    endloop
  endfacet
  facet normal 0 0 1
    outer loop
      vertex 6.433012701570988 19.25 5.5
      vertex 6.546936276823556 19.312334861241066 5.5
      vertex 6.456772729754448 19.296631678938866 5.5
    endloop
  endfacet
  facet normal 0 0 1
    outer loop
      vertex 6.456772729754448 19.296631678938866 5.5
      vertex 6.546936276823556 19.312334861241066 5.5
      vertex 6.475528255105019 19.345491506159306 5.5
    endloop
  endfacet
  facet normal 0 0 1
    outer loop
      vertex 6.546936276823556 19.312334861241066 5.5
      vertex 6.489073798060417 19.39604415744543 5.5
      vertex 6.475528255105019 19.345491506159306 5.5
    endloop
  endfacet
  facet normal 0 0 1
    outer loop
      vertex 6.546936276823556 19.312334861241066 5.5
      vertex 6.4972609505057335 19.447735771536827 5.5
      vertex 6.489073798060417 19.39604415744543 5.5
    endloop
  endfacet
  facet normal 0 0 1
    outer loop
      vertex 6.546936276823556 19.312334861241066 5.5
      vertex 6.5 19.5 5.5
      vertex 6.4972609505057335 19.447735771536827 5.5
    endloop
  endfacet
  facet normal 0 0 1
    outer loop
      vertex 6.546936276823556 19.312334861241066 5.5
      vertex 6.509607359798385 19.5 5.5
      vertex 6.5 19.5 5.5
    endloop
  endfacet
  facet normal 0 0 -1
    outer loop
      vertex 52.18766513875893 19.046936276823555 0.5
      vertex 52 19 0.5
      vertex 52 19.009607359798384 0.5
    endloop
  endfacet
  facet normal 0 0 -1
    outer loop
      vertex 52.18766513875893 19.046936276823555 0.5
      vertex 52.66543469578028 19.12842758744955 0.5
      vertex 52 19 0.5
    endloop
  endfacet
  facet normal 0 0 -1
    outer loop
      vertex 52.7061073705554 19.095491506159306 0.5
      vertex 52 19 0.5
      vertex 52.66543469578028 19.12842758744955 0.5
    endloop
  endfacet
  facet normal 0 0 -1
    outer loop
      vertex 52.75 19.066987298429012 0.5
      vertex 52.796631678938866 19.043227270245552 0.5
      vertex 52 19 0.5
    endloop
  endfacet
  facet normal 0 0 -1
    outer loop
      vertex 52.75 19.066987298429012 0.5
      vertex 52 19 0.5
      vertex 52.7061073705554 19.095491506159306 0.5
    endloop
  endfacet
  facet normal 0 0 -1
    outer loop
      vertex 52.18766513875893 19.046936276823555 0.5
      vertex 52.346759961330534 19.153240038669463 0.5
      vertex 52.62842758744955 19.165434695780277 0.5
    endloop
  endfacet
  facet normal 0 0 -1
    outer loop
      vertex 52.18766513875893 19.046936276823555 0.5
      vertex 52.62842758744955 19.165434695780277 0.5
      vertex 52.66543469578028 19.12842758744955 0.5
    endloop
  endfacet
  facet normal 0 0 -1
    outer loop
      vertex 52.346759961330534 19.153240038669463 0.5
      vertex 52.595491506159306 19.2061073705554 0.5
      vertex 52.62842758744955 19.165434695780277 0.5
    endloop
  endfacet
  facet normal 0 0 -1
    outer loop
      vertex 52.346759961330534 19.153240038669463 0.5
      vertex 52.56698729842901 19.25 0.5
      vertex 52.595491506159306 19.2061073705554 0.5
    endloop
  endfacet
  facet normal 0 0 -1
    outer loop
      vertex 52.346759961330534 19.153240038669463 0.5
      vertex 52.45306372317644 19.312334861241066 0.5
      vertex 52.56698729842901 19.25 0.5
    endloop
  endfacet
  facet normal 0 0 -1
    outer loop
      vertex 52.45306372317644 19.312334861241066 0.5
      vertex 52.54322727024555 19.296631678938866 0.5
      vertex 52.56698729842901 19.25 0.5
    endloop
  endfacet
  facet normal 0 0 -1
    outer loop
      vertex 52.45306372317644 19.312334861241066 0.5
      vertex 52.52447174489498 19.345491506159306 0.5
      vertex 52.54322727024555 19.296631678938866 0.5
    endloop
  endfacet
  facet normal 0 0 -1
    outer loop
      vertex 52.45306372317644 19.312334861241066 0.5
      vertex 52.51092620193958 19.39604415744543 0.5
      vertex 52.52447174489498 19.345491506159306 0.5
    endloop
  endfacet
  facet normal 0 0 -1
    outer loop
      vertex 52.45306372317644 19.312334861241066 0.5
      vertex 52.50273904949427 19.447735771536827 0.5
      vertex 52.51092620193958 19.39604415744543 0.5
    endloop
  endfacet
  facet normal 0 0 -1
    outer loop
      vertex 52.45306372317644 19.312334861241066 0.5
      vertex 52.49039264020161 19.5 0.5
      vertex 52.50273904949427 19.447735771536827 0.5
    endloop
  endfacet
  facet normal 0 0 -1
    outer loop
      vertex 52.50273904949427 19.447735771536827 0.5
      vertex 52.49039264020161 19.5 0.5
      vertex 52.5 19.5 0.5
    endloop
  endfacet
  facet normal 0 0 -1
    outer loop
      vertex 52.845491506159306 19.02447174489498 0.5
      vertex 52.89604415744543 19.010926201939583 0.5
      vertex 52 19 0.5
    endloop
  endfacet
  facet normal 0 0 -1
    outer loop
      vertex 52.89604415744543 19.010926201939583 0.5
      vertex 52.94773577153683 19.002739049494267 0.5
      vertex 52 19 0.5
    endloop
  endfacet
  facet normal 0 0 -1
    outer loop
      vertex 52.94773577153683 19.002739049494267 0.5
      vertex 53 19 0.5
      vertex 52 19 0.5
    endloop
  endfacet
  facet normal 0 0 -1
    outer loop
      vertex 52.796631678938866 19.043227270245552 0.5
      vertex 52.845491506159306 19.02447174489498 0.5
      vertex 52 19 0.5
    endloop
  endfacet
  facet normal 0 -1 0
    outer loop
      vertex 53 19 0.5
      vertex 52 19 1
      vertex 52 19 0.5
    endloop
  endfacet
  facet normal 0 -1 0
    outer loop
      vertex 53 19 0.5
      vertex 52 19 5.5
      vertex 52 19 1
    endloop
  endfacet
  facet normal 0.9335804589552279 0.35836786498923967 0
    outer loop
      vertex 52.52447174489498 19.345491506159306 0.5
      vertex 52.54322727024555 19.296631678938866 5.5
      vertex 52.54322727024555 19.296631678938866 0.5
    endloop
  endfacet
  facet normal 0.9659258221426399 0.2588190605772019 0
    outer loop
      vertex 52.52447174489498 19.345491506159306 0.5
      vertex 52.51092620193958 19.39604415744543 0.5
      vertex 52.52447174489498 19.345491506159306 5.5
    endloop
  endfacet
  facet normal 0.9876883256037032 0.15643455969239403 0
    outer loop
      vertex 52.51092620193958 19.39604415744543 0.5
      vertex 52.50273904949427 19.447735771536827 0.5
      vertex 52.51092620193958 19.39604415744543 5.5
    endloop
  endfacet
  facet normal 0.9986295374063635 0.05233590564375934 0
    outer loop
      vertex 52.50273904949427 19.447735771536827 0.5
      vertex 52.5 19.5 0.5
      vertex 52.50273904949427 19.447735771536827 5.5
    endloop
  endfacet
  facet normal 0 1 0
    outer loop
      vertex 52.5 19.5 0.5
      vertex 52.49039264020161 19.5 0.5
      vertex 52.49039264020161 19.5 5.5
    endloop
  endfacet
  facet normal 0.5446390468896978 0.8386705602339225 0
    outer loop
      vertex 52.75 19.066987298429012 0.5
      vertex 52.7061073705554 19.095491506159306 0.5
      vertex 52.75 19.066987298429012 5.5
    endloop
  endfacet
  facet normal 0.453990515082469 0.8910065163707585 0
    outer loop
      vertex 52.75 19.066987298429012 0.5
      vertex 52.796631678938866 19.043227270245552 5.5
      vertex 52.796631678938866 19.043227270245552 0.5
    endloop
  endfacet
  facet normal 0.35836786498923967 0.9335804589552279 0
    outer loop
      vertex 52.796631678938866 19.043227270245552 0.5
      vertex 52.845491506159306 19.02447174489498 5.5
      vertex 52.845491506159306 19.02447174489498 0.5
    endloop
  endfacet
  facet normal 0.2588190605772019 0.9659258221426399 0
    outer loop
      vertex 52.845491506159306 19.02447174489498 0.5
      vertex 52.89604415744543 19.010926201939583 5.5
      vertex 52.89604415744543 19.010926201939583 0.5
    endloop
  endfacet
  facet normal 0.15643455969239403 0.9876883256037032 0
    outer loop
      vertex 52.89604415744543 19.010926201939583 0.5
      vertex 52.94773577153683 19.002739049494267 5.5
      vertex 52.94773577153683 19.002739049494267 0.5
    endloop
  endfacet
  facet normal 0.05233590564375934 0.9986295374063635 0
    outer loop
      vertex 52.94773577153683 19.002739049494267 0.5
      vertex 53 19 5.5
      vertex 53 19 0.5
    endloop
  endfacet
  facet normal 0.7071067811865476 0.7071067811865476 0
    outer loop
      vertex 52.62842758744955 19.165434695780277 0.5
      vertex 52.66543469578028 19.12842758744955 5.5
      vertex 52.66543469578028 19.12842758744955 0.5
    endloop
  endfacet
  facet normal 0.777145973885521 0.629320375701856 0
    outer loop
      vertex 52.62842758744955 19.165434695780277 0.5
      vertex 52.595491506159306 19.2061073705554 0.5
      vertex 52.62842758744955 19.165434695780277 5.5
    endloop
  endfacet
  facet normal 0.629320375701856 0.777145973885521 0
    outer loop
      vertex 52.7061073705554 19.095491506159306 0.5
      vertex 52.66543469578028 19.12842758744955 0.5
      vertex 52.7061073705554 19.095491506159306 5.5
    endloop
  endfacet
  facet normal 0.8386705602339225 0.5446390468896978 0
    outer loop
      vertex 52.595491506159306 19.2061073705554 0.5
      vertex 52.56698729842901 19.25 0.5
      vertex 52.595491506159306 19.2061073705554 5.5
    endloop
  endfacet
  facet normal 0.8910065163707585 0.453990515082469 0
    outer loop
      vertex 52.56698729842901 19.25 0.5
      vertex 52.54322727024555 19.296631678938866 0.5
      vertex 52.56698729842901 19.25 5.5
    endloop
  endfacet
  facet normal -1 0 0
    outer loop
      vertex 52 19.009607359798384 1
      vertex 52 19 1
      vertex 52 19.009607359798384 5.5
    endloop
  endfacet
  facet normal 0.9335804589552279 0.35836786498923967 0
    outer loop
      vertex 52.52447174489498 19.345491506159306 0.5
      vertex 52.52447174489498 19.345491506159306 5.5
      vertex 52.54322727024555 19.296631678938866 5.5
    endloop
  endfacet
  facet normal 0.9659258221426399 0.2588190605772019 0
    outer loop
      vertex 52.51092620193958 19.39604415744543 0.5
      vertex 52.51092620193958 19.39604415744543 5.5
      vertex 52.52447174489498 19.345491506159306 5.5
    endloop
  endfacet
  facet normal 0.9876883256037032 0.15643455969239403 0
    outer loop
      vertex 52.50273904949427 19.447735771536827 0.5
      vertex 52.50273904949427 19.447735771536827 5.5
      vertex 52.51092620193958 19.39604415744543 5.5
    endloop
  endfacet
  facet normal 0.9986295374063635 0.05233590564375934 0
    outer loop
      vertex 52.5 19.5 0.5
      vertex 52.5 19.5 5.5
      vertex 52.50273904949427 19.447735771536827 5.5
    endloop
  endfacet
  facet normal 0 1 0
    outer loop
      vertex 52.5 19.5 0.5
      vertex 52.49039264020161 19.5 5.5
      vertex 52.5 19.5 5.5
    endloop
  endfacet
  facet normal 0 -1 0
    outer loop
      vertex 53 19 0.5
      vertex 53 19 5.5
      vertex 52 19 5.5
    endloop
  endfacet
  facet normal 0.453990515082469 0.8910065163707585 0
    outer loop
      vertex 52.75 19.066987298429012 0.5
      vertex 52.75 19.066987298429012 5.5
      vertex 52.796631678938866 19.043227270245552 5.5
    endloop
  endfacet
  facet normal 0.35836786498923967 0.9335804589552279 0
    outer loop
      vertex 52.796631678938866 19.043227270245552 0.5
      vertex 52.796631678938866 19.043227270245552 5.5
      vertex 52.845491506159306 19.02447174489498 5.5
    endloop
  endfacet
  facet normal 0.2588190605772019 0.9659258221426399 0
    outer loop
      vertex 52.845491506159306 19.02447174489498 0.5
      vertex 52.845491506159306 19.02447174489498 5.5
      vertex 52.89604415744543 19.010926201939583 5.5
    endloop
  endfacet
  facet normal 0.15643455969239403 0.9876883256037032 0
    outer loop
      vertex 52.89604415744543 19.010926201939583 0.5
      vertex 52.89604415744543 19.010926201939583 5.5
      vertex 52.94773577153683 19.002739049494267 5.5
    endloop
  endfacet
  facet normal 0.05233590564375934 0.9986295374063635 0
    outer loop
      vertex 52.94773577153683 19.002739049494267 0.5
      vertex 52.94773577153683 19.002739049494267 5.5
      vertex 53 19 5.5
    endloop
  endfacet
  facet normal 0.7071067811865476 0.7071067811865476 0
    outer loop
      vertex 52.62842758744955 19.165434695780277 0.5
      vertex 52.62842758744955 19.165434695780277 5.5
      vertex 52.66543469578028 19.12842758744955 5.5
    endloop
  endfacet
  facet normal 0.777145973885521 0.629320375701856 0
    outer loop
      vertex 52.595491506159306 19.2061073705554 0.5
      vertex 52.595491506159306 19.2061073705554 5.5
      vertex 52.62842758744955 19.165434695780277 5.5
    endloop
  endfacet
  facet normal 0.629320375701856 0.777145973885521 0
    outer loop
      vertex 52.66543469578028 19.12842758744955 0.5
      vertex 52.66543469578028 19.12842758744955 5.5
      vertex 52.7061073705554 19.095491506159306 5.5
    endloop
  endfacet
  facet normal 0.5446390468896978 0.8386705602339225 0
    outer loop
      vertex 52.7061073705554 19.095491506159306 0.5
      vertex 52.7061073705554 19.095491506159306 5.5
      vertex 52.75 19.066987298429012 5.5
    endloop
  endfacet
  facet normal 0.8386705602339225 0.5446390468896978 0
    outer loop
      vertex 52.56698729842901 19.25 0.5
      vertex 52.56698729842901 19.25 5.5
      vertex 52.595491506159306 19.2061073705554 5.5
    endloop
  endfacet
  facet normal 0.8910065163707585 0.453990515082469 0
    outer loop
      vertex 52.54322727024555 19.296631678938866 0.5
      vertex 52.54322727024555 19.296631678938866 5.5
      vertex 52.56698729842901 19.25 5.5
    endloop
  endfacet
  facet normal -1 0 0
    outer loop
      vertex 52 19.009607359798384 5.5
      vertex 52 19 1
      vertex 52 19 5.5
    endloop
  endfacet
  facet normal 0 0 1
    outer loop
      vertex 52.66543469578028 19.12842758744955 5.5
      vertex 52 19.009607359798384 5.5
      vertex 52 19 5.5
    endloop
  endfacet
  facet normal 0 0 1
    outer loop
      vertex 52.18766513875893 19.046936276823555 5.5
      vertex 52 19.009607359798384 5.5
      vertex 52.66543469578028 19.12842758744955 5.5
    endloop
  endfacet
  facet normal 0 0 1
    outer loop
      vertex 52.7061073705554 19.095491506159306 5.5
      vertex 52.66543469578028 19.12842758744955 5.5
      vertex 52 19 5.5
    endloop
  endfacet
  facet normal 0 0 1
    outer loop
      vertex 52.75 19.066987298429012 5.5
      vertex 52 19 5.5
      vertex 52.796631678938866 19.043227270245552 5.5
    endloop
  endfacet
  facet normal 0 0 1
    outer loop
      vertex 52.75 19.066987298429012 5.5
      vertex 52.7061073705554 19.095491506159306 5.5
      vertex 52 19 5.5
    endloop
  endfacet
  facet normal 0 0 1
    outer loop
      vertex 52.18766513875893 19.046936276823555 5.5
      vertex 52.56698729842901 19.25 5.5
      vertex 52.346759961330534 19.153240038669463 5.5
    endloop
  endfacet
  facet normal 0 0 1
    outer loop
      vertex 52.18766513875893 19.046936276823555 5.5
      vertex 52.62842758744955 19.165434695780277 5.5
      vertex 52.595491506159306 19.2061073705554 5.5
    endloop
  endfacet
  facet normal 0 0 1
    outer loop
      vertex 52.18766513875893 19.046936276823555 5.5
      vertex 52.66543469578028 19.12842758744955 5.5
      vertex 52.62842758744955 19.165434695780277 5.5
    endloop
  endfacet
  facet normal 0 0 1
    outer loop
      vertex 52.18766513875893 19.046936276823555 5.5
      vertex 52.595491506159306 19.2061073705554 5.5
      vertex 52.56698729842901 19.25 5.5
    endloop
  endfacet
  facet normal 0 0 1
    outer loop
      vertex 52.346759961330534 19.153240038669463 5.5
      vertex 52.54322727024555 19.296631678938866 5.5
      vertex 52.52447174489498 19.345491506159306 5.5
    endloop
  endfacet
  facet normal 0 0 1
    outer loop
      vertex 52.346759961330534 19.153240038669463 5.5
      vertex 52.56698729842901 19.25 5.5
      vertex 52.54322727024555 19.296631678938866 5.5
    endloop
  endfacet
  facet normal 0 0 1
    outer loop
      vertex 52.346759961330534 19.153240038669463 5.5
      vertex 52.52447174489498 19.345491506159306 5.5
      vertex 52.45306372317644 19.312334861241066 5.5
    endloop
  endfacet
  facet normal 0 0 1
    outer loop
      vertex 52.45306372317644 19.312334861241066 5.5
      vertex 52.52447174489498 19.345491506159306 5.5
      vertex 52.51092620193958 19.39604415744543 5.5
    endloop
  endfacet
  facet normal 0 0 1
    outer loop
      vertex 52.45306372317644 19.312334861241066 5.5
      vertex 52.51092620193958 19.39604415744543 5.5
      vertex 52.50273904949427 19.447735771536827 5.5
    endloop
  endfacet
  facet normal 0 0 1
    outer loop
      vertex 52.45306372317644 19.312334861241066 5.5
      vertex 52.50273904949427 19.447735771536827 5.5
      vertex 52.49039264020161 19.5 5.5
    endloop
  endfacet
  facet normal 0 0 1
    outer loop
      vertex 52.50273904949427 19.447735771536827 5.5
      vertex 52.5 19.5 5.5
      vertex 52.49039264020161 19.5 5.5
    endloop
  endfacet
  facet normal 0 0 1
    outer loop
      vertex 52.845491506159306 19.02447174489498 5.5
      vertex 52 19 5.5
      vertex 52.89604415744543 19.010926201939583 5.5
    endloop
  endfacet
  facet normal 0 0 1
    outer loop
      vertex 52.89604415744543 19.010926201939583 5.5
      vertex 52 19 5.5
      vertex 52.94773577153683 19.002739049494267 5.5
    endloop
  endfacet
  facet normal 0 0 1
    outer loop
      vertex 52.94773577153683 19.002739049494267 5.5
      vertex 52 19 5.5
      vertex 53 19 5.5
    endloop
  endfacet
  facet normal 0 0 1
    outer loop
      vertex 52.796631678938866 19.043227270245552 5.5
      vertex 52 19 5.5
      vertex 52.845491506159306 19.02447174489498 5.5
    endloop
  endfacet
  facet normal -1 0 0
    outer loop
      vertex 7 30.5 0
      vertex 7 30.552264228463173 0.00273904949426651
      vertex 7 31 0
    endloop
  endfacet
  facet normal -1 0 0
    outer loop
      vertex 7 30.552264228463173 0.00273904949426651
      vertex 7 30.60395584255457 0.010926201939582825
      vertex 7 31 0
    endloop
  endfacet
  facet normal -1 0 0
    outer loop
      vertex 7 30.60395584255457 0.010926201939582825
      vertex 7 30.654508493840694 0.024471744894981384
      vertex 7 31 0
    endloop
  endfacet
  facet normal -1 0 0
    outer loop
      vertex 7 30.654508493840694 0.024471744894981384
      vertex 7 30.703368321061134 0.04322727024555206
      vertex 7 31 0
    endloop
  endfacet
  facet normal -1 0 0
    outer loop
      vertex 7 30.703368321061134 0.04322727024555206
      vertex 7 30.75 0.0669872984290123
      vertex 7 31 0
    endloop
  endfacet
  facet normal -1 0 0
    outer loop
      vertex 7 30.75 0.0669872984290123
      vertex 7 30.7938926294446 0.09549150615930557
      vertex 7 31 0
    endloop
  endfacet
  facet normal -1 0 0
    outer loop
      vertex 7 30.7938926294446 0.09549150615930557
      vertex 7 30.834565304219723 0.12842758744955063
      vertex 7 31 0
    endloop
  endfacet
  facet normal -1 0 0
    outer loop
      vertex 7 30.834565304219723 0.12842758744955063
      vertex 7 30.87157241255045 0.16543469578027725
      vertex 7 31 0
    endloop
  endfacet
  facet normal -1 0 0
    outer loop
      vertex 7 30.87157241255045 0.16543469578027725
      vertex 7 30.904508493840694 0.20610737055540085
      vertex 7 31 0
    endloop
  endfacet
  facet normal -1 0 0
    outer loop
      vertex 7 30.904508493840694 0.20610737055540085
      vertex 7 30.933012701570988 0.25
      vertex 7 31 0
    endloop
  endfacet
  facet normal -1 0 0
    outer loop
      vertex 7 31 0
      vertex 7 30.933012701570988 0.25
      vertex 7 30.956772729754448 0.29663167893886566
    endloop
  endfacet
  facet normal -1 0 0
    outer loop
      vertex 7 31 0
      vertex 7 30.956772729754448 0.29663167893886566
      vertex 7 30.97552825510502 0.3454915061593056
    endloop
  endfacet
  facet normal -1 0 0
    outer loop
      vertex 7 31 0
      vertex 7 30.97552825510502 0.3454915061593056
      vertex 7 30.989073798060417 0.39604415744543076
    endloop
  endfacet
  facet normal -1 0 0
    outer loop
      vertex 7 31 0
      vertex 7 30.989073798060417 0.39604415744543076
      vertex 7 30.997260950505733 0.4477357715368271
    endloop
  endfacet
  facet normal -1 0 0
    outer loop
      vertex 7 31 0
      vertex 7 30.997260950505733 0.4477357715368271
      vertex 7 31 0.5
    endloop
  endfacet
  facet normal 0 -0.052335905643759346 0.9986295374063636
    outer loop
      vertex 7 30.5 0
      vertex 52 30.552264228463173 0.00273904949426651
      vertex 7 30.552264228463173 0.00273904949426651
    endloop
  endfacet
  facet normal 0 -0.15643455969239403 0.9876883256037032
    outer loop
      vertex 7 30.552264228463173 0.00273904949426651
      vertex 52 30.60395584255457 0.010926201939582825
      vertex 7 30.60395584255457 0.010926201939582825
    endloop
  endfacet
  facet normal 0 0 -1
    outer loop
      vertex 7 30.5 0
      vertex 7 31 0
      vertex 52 30.5 0
    endloop
  endfacet
  facet normal 0 -0.25881906057720194 0.9659258221426399
    outer loop
      vertex 7 30.60395584255457 0.010926201939582825
      vertex 52 30.654508493840694 0.024471744894981384
      vertex 7 30.654508493840694 0.024471744894981384
    endloop
  endfacet
  facet normal 0 -0.35836786498923967 0.933580458955228
    outer loop
      vertex 7 30.654508493840694 0.024471744894981384
      vertex 52 30.703368321061134 0.04322727024555206
      vertex 7 30.703368321061134 0.04322727024555206
    endloop
  endfacet
  facet normal 0 -0.453990515082469 0.8910065163707585
    outer loop
      vertex 7 30.703368321061134 0.04322727024555206
      vertex 52 30.75 0.0669872984290123
      vertex 7 30.75 0.0669872984290123
    endloop
  endfacet
  facet normal 0 -0.5446390468896978 0.8386705602339226
    outer loop
      vertex 7 30.75 0.0669872984290123
      vertex 52 30.7938926294446 0.09549150615930557
      vertex 7 30.7938926294446 0.09549150615930557
    endloop
  endfacet
  facet normal 0 -0.629320375701856 0.777145973885521
    outer loop
      vertex 7 30.7938926294446 0.09549150615930557
      vertex 52 30.834565304219723 0.12842758744955063
      vertex 7 30.834565304219723 0.12842758744955063
    endloop
  endfacet
  facet normal 0 -0.7071067811865476 0.7071067811865476
    outer loop
      vertex 7 30.834565304219723 0.12842758744955063
      vertex 52 30.87157241255045 0.16543469578027725
      vertex 7 30.87157241255045 0.16543469578027725
    endloop
  endfacet
  facet normal 0 -0.777145973885521 0.629320375701856
    outer loop
      vertex 7 30.87157241255045 0.16543469578027725
      vertex 52 30.904508493840694 0.20610737055540085
      vertex 7 30.904508493840694 0.20610737055540085
    endloop
  endfacet
  facet normal 0 -0.8386705602339226 0.5446390468896978
    outer loop
      vertex 7 30.904508493840694 0.20610737055540085
      vertex 52 30.933012701570988 0.25
      vertex 7 30.933012701570988 0.25
    endloop
  endfacet
  facet normal 0 1 0
    outer loop
      vertex 7 31 0
      vertex 7 31 0.5
      vertex 52 31 0
    endloop
  endfacet
  facet normal 0 -0.8910065163707585 0.453990515082469
    outer loop
      vertex 7 30.933012701570988 0.25
      vertex 52 30.956772729754448 0.29663167893886566
      vertex 7 30.956772729754448 0.29663167893886566
    endloop
  endfacet
  facet normal 0 -0.933580458955228 0.35836786498923967
    outer loop
      vertex 7 30.956772729754448 0.29663167893886566
      vertex 52 30.97552825510502 0.3454915061593056
      vertex 7 30.97552825510502 0.3454915061593056
    endloop
  endfacet
  facet normal 0 -0.9659258221426399 0.25881906057720194
    outer loop
      vertex 7 30.97552825510502 0.3454915061593056
      vertex 52 30.989073798060417 0.39604415744543076
      vertex 7 30.989073798060417 0.39604415744543076
    endloop
  endfacet
  facet normal 0 -0.9876883256037032 0.15643455969239403
    outer loop
      vertex 7 30.989073798060417 0.39604415744543076
      vertex 52 30.997260950505733 0.4477357715368271
      vertex 7 30.997260950505733 0.4477357715368271
    endloop
  endfacet
  facet normal 0 -0.9986295374063636 0.052335905643759346
    outer loop
      vertex 7 30.997260950505733 0.4477357715368271
      vertex 52 31 0.5
      vertex 7 31 0.5
    endloop
  endfacet
  facet normal -1 0 0
    outer loop
      vertex 7 20.5 5.5
      vertex 7 20.5 6
      vertex 7 20.502739049494267 5.552264228463173
    endloop
  endfacet
  facet normal -1 0 0
    outer loop
      vertex 7 20.502739049494267 5.552264228463173
      vertex 7 20.5 6
      vertex 7 20.510926201939583 5.603955842554569
    endloop
  endfacet
  facet normal -1 0 0
    outer loop
      vertex 7 20.510926201939583 5.603955842554569
      vertex 7 20.5 6
      vertex 7 20.52447174489498 5.654508493840694
    endloop
  endfacet
  facet normal -1 0 0
    outer loop
      vertex 7 20.52447174489498 5.654508493840694
      vertex 7 20.5 6
      vertex 7 20.543227270245552 5.703368321061134
    endloop
  endfacet
  facet normal -1 0 0
    outer loop
      vertex 7 20.543227270245552 5.703368321061134
      vertex 7 20.5 6
      vertex 7 20.566987298429012 5.75
    endloop
  endfacet
  facet normal -1 0 0
    outer loop
      vertex 7 20.566987298429012 5.75
      vertex 7 20.5 6
      vertex 7 20.595491506159306 5.793892629444599
    endloop
  endfacet
  facet normal -1 0 0
    outer loop
      vertex 7 20.595491506159306 5.793892629444599
      vertex 7 20.5 6
      vertex 7 20.62842758744955 5.834565304219723
    endloop
  endfacet
  facet normal -1 0 0
    outer loop
      vertex 7 20.5 6
      vertex 7 20.665434695780277 5.871572412550449
      vertex 7 20.62842758744955 5.834565304219723
    endloop
  endfacet
  facet normal -1 0 0
    outer loop
      vertex 7 20.5 6
      vertex 7 20.7061073705554 5.904508493840694
      vertex 7 20.665434695780277 5.871572412550449
    endloop
  endfacet
  facet normal -1 0 0
    outer loop
      vertex 7 20.5 6
      vertex 7 20.75 5.933012701570988
      vertex 7 20.7061073705554 5.904508493840694
    endloop
  endfacet
  facet normal -1 0 0
    outer loop
      vertex 7 20.5 6
      vertex 7 20.796631678938866 5.956772729754448
      vertex 7 20.75 5.933012701570988
    endloop
  endfacet
  facet normal -1 0 0
    outer loop
      vertex 7 20.5 6
      vertex 7 20.845491506159306 5.975528255105019
      vertex 7 20.796631678938866 5.956772729754448
    endloop
  endfacet
  facet normal -1 0 0
    outer loop
      vertex 7 20.5 6
      vertex 7 20.89604415744543 5.989073798060417
      vertex 7 20.845491506159306 5.975528255105019
    endloop
  endfacet
  facet normal -1 0 0
    outer loop
      vertex 7 20.5 6
      vertex 7 20.947735771536827 5.9972609505057335
      vertex 7 20.89604415744543 5.989073798060417
    endloop
  endfacet
  facet normal -1 0 0
    outer loop
      vertex 7 20.5 6
      vertex 7 21 6
      vertex 7 20.947735771536827 5.9972609505057335
    endloop
  endfacet
  facet normal -1 0 0
    outer loop
      vertex 7 30.904508493840694 5.793892629444599
      vertex 7 30.87157241255045 5.834565304219723
      vertex 7 31 6
    endloop
  endfacet
  facet normal -1 0 0
    outer loop
      vertex 7 30.87157241255045 5.834565304219723
      vertex 7 30.834565304219723 5.871572412550449
      vertex 7 31 6
    endloop
  endfacet
  facet normal -1 0 0
    outer loop
      vertex 7 30.7938926294446 5.904508493840694
      vertex 7 30.75 5.933012701570988
      vertex 7 31 6
    endloop
  endfacet
  facet normal -1 0 0
    outer loop
      vertex 7 30.834565304219723 5.871572412550449
      vertex 7 30.7938926294446 5.904508493840694
      vertex 7 31 6
    endloop
  endfacet
  facet normal -1 0 0
    outer loop
      vertex 7 30.5 6
      vertex 7 31 6
      vertex 7 30.552264228463173 5.9972609505057335
    endloop
  endfacet
  facet normal -1 0 0
    outer loop
      vertex 7 30.552264228463173 5.9972609505057335
      vertex 7 31 6
      vertex 7 30.60395584255457 5.989073798060417
    endloop
  endfacet
  facet normal -1 0 0
    outer loop
      vertex 7 30.703368321061134 5.956772729754448
      vertex 7 30.654508493840694 5.975528255105019
      vertex 7 31 6
    endloop
  endfacet
  facet normal -1 0 0
    outer loop
      vertex 7 30.60395584255457 5.989073798060417
      vertex 7 31 6
      vertex 7 30.654508493840694 5.975528255105019
    endloop
  endfacet
  facet normal -1 0 0
    outer loop
      vertex 7 30.703368321061134 5.956772729754448
      vertex 7 31 6
      vertex 7 30.75 5.933012701570988
    endloop
  endfacet
  facet normal -1 0 0
    outer loop
      vertex 7 31 5.5
      vertex 7 30.997260950505733 5.552264228463173
      vertex 7 31 6
    endloop
  endfacet
  facet normal -1 0 0
    outer loop
      vertex 7 30.997260950505733 5.552264228463173
      vertex 7 30.989073798060417 5.603955842554569
      vertex 7 31 6
    endloop
  endfacet
  facet normal -1 0 0
    outer loop
      vertex 7 30.989073798060417 5.603955842554569
      vertex 7 30.97552825510502 5.654508493840694
      vertex 7 31 6
    endloop
  endfacet
  facet normal -1 0 0
    outer loop
      vertex 7 30.97552825510502 5.654508493840694
      vertex 7 30.956772729754448 5.703368321061134
      vertex 7 31 6
    endloop
  endfacet
  facet normal -1 0 0
    outer loop
      vertex 7 30.956772729754448 5.703368321061134
      vertex 7 30.933012701570988 5.75
      vertex 7 31 6
    endloop
  endfacet
  facet normal -1 0 0
    outer loop
      vertex 7 30.904508493840694 5.793892629444599
      vertex 7 31 6
      vertex 7 30.933012701570988 5.75
    endloop
  endfacet
  facet normal 0 0.9986295374063636 -0.052335905643759346
    outer loop
      vertex 7 20.5 5.5
      vertex 7 20.502739049494267 5.552264228463173
      vertex 52 20.5 5.5
    endloop
  endfacet
  facet normal 0 0.9876883256037032 -0.15643455969239403
    outer loop
      vertex 7 20.502739049494267 5.552264228463173
      vertex 7 20.510926201939583 5.603955842554569
      vertex 52 20.502739049494267 5.552264228463173
    endloop
  endfacet
  facet normal 0 0.9659258221426399 -0.25881906057720194
    outer loop
      vertex 7 20.510926201939583 5.603955842554569
      vertex 7 20.52447174489498 5.654508493840694
      vertex 52 20.510926201939583 5.603955842554569
    endloop
  endfacet
  facet normal 0 0.933580458955228 -0.35836786498923967
    outer loop
      vertex 7 20.52447174489498 5.654508493840694
      vertex 7 20.543227270245552 5.703368321061134
      vertex 52 20.52447174489498 5.654508493840694
    endloop
  endfacet
  facet normal 0 0.8910065163707585 -0.453990515082469
    outer loop
      vertex 7 20.543227270245552 5.703368321061134
      vertex 7 20.566987298429012 5.75
      vertex 52 20.543227270245552 5.703368321061134
    endloop
  endfacet
  facet normal 0 0.8386705602339226 -0.5446390468896978
    outer loop
      vertex 7 20.566987298429012 5.75
      vertex 7 20.595491506159306 5.793892629444599
      vertex 52 20.566987298429012 5.75
    endloop
  endfacet
  facet normal 0 -1 0
    outer loop
      vertex 7 20.5 5.5
      vertex 52 20.5 6
      vertex 7 20.5 6
    endloop
  endfacet
  facet normal 0 0.777145973885521 -0.629320375701856
    outer loop
      vertex 7 20.595491506159306 5.793892629444599
      vertex 7 20.62842758744955 5.834565304219723
      vertex 52 20.595491506159306 5.793892629444599
    endloop
  endfacet
  facet normal 0 0.7071067811865476 -0.7071067811865476
    outer loop
      vertex 7 20.62842758744955 5.834565304219723
      vertex 7 20.665434695780277 5.871572412550449
      vertex 52 20.62842758744955 5.834565304219723
    endloop
  endfacet
  facet normal 0 0.629320375701856 -0.777145973885521
    outer loop
      vertex 7 20.665434695780277 5.871572412550449
      vertex 7 20.7061073705554 5.904508493840694
      vertex 52 20.665434695780277 5.871572412550449
    endloop
  endfacet
  facet normal 0 0.5446390468896978 -0.8386705602339226
    outer loop
      vertex 7 20.7061073705554 5.904508493840694
      vertex 7 20.75 5.933012701570988
      vertex 52 20.7061073705554 5.904508493840694
    endloop
  endfacet
  facet normal 0 0.453990515082469 -0.8910065163707585
    outer loop
      vertex 7 20.75 5.933012701570988
      vertex 7 20.796631678938866 5.956772729754448
      vertex 52 20.75 5.933012701570988
    endloop
  endfacet
  facet normal 0 0.35836786498923967 -0.933580458955228
    outer loop
      vertex 7 20.796631678938866 5.956772729754448
      vertex 7 20.845491506159306 5.975528255105019
      vertex 52 20.796631678938866 5.956772729754448
    endloop
  endfacet
  facet normal 0 0.25881906057720194 -0.9659258221426399
    outer loop
      vertex 7 20.845491506159306 5.975528255105019
      vertex 7 20.89604415744543 5.989073798060417
      vertex 52 20.845491506159306 5.975528255105019
    endloop
  endfacet
  facet normal 0 0 1
    outer loop
      vertex 7 20.5 6
      vertex 52 21 6
      vertex 7 21 6
    endloop
  endfacet
  facet normal 0 0.15643455969239403 -0.9876883256037032
    outer loop
      vertex 7 20.89604415744543 5.989073798060417
      vertex 7 20.947735771536827 5.9972609505057335
      vertex 52 20.89604415744543 5.989073798060417
    endloop
  endfacet
  facet normal 0 0.052335905643759346 -0.9986295374063636
    outer loop
      vertex 7 20.947735771536827 5.9972609505057335
      vertex 7 21 6
      vertex 52 20.947735771536827 5.9972609505057335
    endloop
  endfacet
  facet normal 0 -0.8386705602339226 -0.5446390468896978
    outer loop
      vertex 7 30.904508493840694 5.793892629444599
      vertex 7 30.933012701570988 5.75
      vertex 52 30.904508493840694 5.793892629444599
    endloop
  endfacet
  facet normal 0 -0.777145973885521 -0.629320375701856
    outer loop
      vertex 7 30.904508493840694 5.793892629444599
      vertex 52 30.87157241255045 5.834565304219723
      vertex 7 30.87157241255045 5.834565304219723
    endloop
  endfacet
  facet normal 0 -0.7071067811865476 -0.7071067811865476
    outer loop
      vertex 7 30.87157241255045 5.834565304219723
      vertex 52 30.834565304219723 5.871572412550449
      vertex 7 30.834565304219723 5.871572412550449
    endloop
  endfacet
  facet normal 0 -0.5446390468896978 -0.8386705602339226
    outer loop
      vertex 7 30.7938926294446 5.904508493840694
      vertex 52 30.75 5.933012701570988
      vertex 7 30.75 5.933012701570988
    endloop
  endfacet
  facet normal 0 -0.453990515082469 -0.8910065163707585
    outer loop
      vertex 7 30.703368321061134 5.956772729754448
      vertex 7 30.75 5.933012701570988
      vertex 52 30.703368321061134 5.956772729754448
    endloop
  endfacet
  facet normal 0 -0.629320375701856 -0.777145973885521
    outer loop
      vertex 7 30.834565304219723 5.871572412550449
      vertex 52 30.7938926294446 5.904508493840694
      vertex 7 30.7938926294446 5.904508493840694
    endloop
  endfacet
  facet normal 0 -0.052335905643759346 -0.9986295374063636
    outer loop
      vertex 7 30.5 6
      vertex 7 30.552264228463173 5.9972609505057335
      vertex 52 30.5 6
    endloop
  endfacet
  facet normal 0 -0.15643455969239403 -0.9876883256037032
    outer loop
      vertex 7 30.552264228463173 5.9972609505057335
      vertex 7 30.60395584255457 5.989073798060417
      vertex 52 30.552264228463173 5.9972609505057335
    endloop
  endfacet
  facet normal 0 -0.35836786498923967 -0.933580458955228
    outer loop
      vertex 7 30.703368321061134 5.956772729754448
      vertex 52 30.654508493840694 5.975528255105019
      vertex 7 30.654508493840694 5.975528255105019
    endloop
  endfacet
  facet normal 0 -0.25881906057720194 -0.9659258221426399
    outer loop
      vertex 7 30.60395584255457 5.989073798060417
      vertex 7 30.654508493840694 5.975528255105019
      vertex 52 30.60395584255457 5.989073798060417
    endloop
  endfacet
  facet normal 0 0 1
    outer loop
      vertex 7 30.5 6
      vertex 52 31 6
      vertex 7 31 6
    endloop
  endfacet
  facet normal 0 -0.9986295374063636 -0.052335905643759346
    outer loop
      vertex 7 31 5.5
      vertex 52 30.997260950505733 5.552264228463173
      vertex 7 30.997260950505733 5.552264228463173
    endloop
  endfacet
  facet normal 0 -0.9876883256037032 -0.15643455969239403
    outer loop
      vertex 7 30.997260950505733 5.552264228463173
      vertex 52 30.989073798060417 5.603955842554569
      vertex 7 30.989073798060417 5.603955842554569
    endloop
  endfacet
  facet normal 0 -0.9659258221426399 -0.25881906057720194
    outer loop
      vertex 7 30.989073798060417 5.603955842554569
      vertex 52 30.97552825510502 5.654508493840694
      vertex 7 30.97552825510502 5.654508493840694
    endloop
  endfacet
  facet normal 0 -0.933580458955228 -0.35836786498923967
    outer loop
      vertex 7 30.97552825510502 5.654508493840694
      vertex 52 30.956772729754448 5.703368321061134
      vertex 7 30.956772729754448 5.703368321061134
    endloop
  endfacet
  facet normal 0 1 0
    outer loop
      vertex 7 31 5.5
      vertex 7 31 6
      vertex 52 31 5.5
    endloop
  endfacet
  facet normal 0 -0.8910065163707585 -0.453990515082469
    outer loop
      vertex 7 30.956772729754448 5.703368321061134
      vertex 52 30.933012701570988 5.75
      vertex 7 30.933012701570988 5.75
    endloop
  endfacet
  facet normal 0 -0.052335905643759346 0.9986295374063636
    outer loop
      vertex 7 30.5 0
      vertex 52 30.5 0
      vertex 52 30.552264228463173 0.00273904949426651
    endloop
  endfacet
  facet normal 0 -0.15643455969239403 0.9876883256037032
    outer loop
      vertex 7 30.552264228463173 0.00273904949426651
      vertex 52 30.552264228463173 0.00273904949426651
      vertex 52 30.60395584255457 0.010926201939582825
    endloop
  endfacet
  facet normal 0 -0.25881906057720194 0.9659258221426399
    outer loop
      vertex 7 30.60395584255457 0.010926201939582825
      vertex 52 30.60395584255457 0.010926201939582825
      vertex 52 30.654508493840694 0.024471744894981384
    endloop
  endfacet
  facet normal 0 -0.35836786498923967 0.933580458955228
    outer loop
      vertex 7 30.654508493840694 0.024471744894981384
      vertex 52 30.654508493840694 0.024471744894981384
      vertex 52 30.703368321061134 0.04322727024555206
    endloop
  endfacet
  facet normal 0 0 -1
    outer loop
      vertex 7 31 0
      vertex 52 31 0
      vertex 52 30.5 0
    endloop
  endfacet
  facet normal 0 -0.453990515082469 0.8910065163707585
    outer loop
      vertex 7 30.703368321061134 0.04322727024555206
      vertex 52 30.703368321061134 0.04322727024555206
      vertex 52 30.75 0.0669872984290123
    endloop
  endfacet
  facet normal 0 -0.5446390468896978 0.8386705602339226
    outer loop
      vertex 7 30.75 0.0669872984290123
      vertex 52 30.75 0.0669872984290123
      vertex 52 30.7938926294446 0.09549150615930557
    endloop
  endfacet
  facet normal 0 -0.629320375701856 0.777145973885521
    outer loop
      vertex 7 30.7938926294446 0.09549150615930557
      vertex 52 30.7938926294446 0.09549150615930557
      vertex 52 30.834565304219723 0.12842758744955063
    endloop
  endfacet
  facet normal 0 -0.7071067811865476 0.7071067811865476
    outer loop
      vertex 7 30.834565304219723 0.12842758744955063
      vertex 52 30.834565304219723 0.12842758744955063
      vertex 52 30.87157241255045 0.16543469578027725
    endloop
  endfacet
  facet normal 0 -0.777145973885521 0.629320375701856
    outer loop
      vertex 7 30.87157241255045 0.16543469578027725
      vertex 52 30.87157241255045 0.16543469578027725
      vertex 52 30.904508493840694 0.20610737055540085
    endloop
  endfacet
  facet normal 0 -0.8386705602339226 0.5446390468896978
    outer loop
      vertex 7 30.904508493840694 0.20610737055540085
      vertex 52 30.904508493840694 0.20610737055540085
      vertex 52 30.933012701570988 0.25
    endloop
  endfacet
  facet normal 0 -0.8910065163707585 0.453990515082469
    outer loop
      vertex 7 30.933012701570988 0.25
      vertex 52 30.933012701570988 0.25
      vertex 52 30.956772729754448 0.29663167893886566
    endloop
  endfacet
  facet normal 0 -0.933580458955228 0.35836786498923967
    outer loop
      vertex 7 30.956772729754448 0.29663167893886566
      vertex 52 30.956772729754448 0.29663167893886566
      vertex 52 30.97552825510502 0.3454915061593056
    endloop
  endfacet
  facet normal 0 1 0
    outer loop
      vertex 7 31 0.5
      vertex 52 31 0.5
      vertex 52 31 0
    endloop
  endfacet
  facet normal 0 -0.9659258221426399 0.25881906057720194
    outer loop
      vertex 7 30.97552825510502 0.3454915061593056
      vertex 52 30.97552825510502 0.3454915061593056
      vertex 52 30.989073798060417 0.39604415744543076
    endloop
  endfacet
  facet normal 0 -0.9876883256037032 0.15643455969239403
    outer loop
      vertex 7 30.989073798060417 0.39604415744543076
      vertex 52 30.989073798060417 0.39604415744543076
      vertex 52 30.997260950505733 0.4477357715368271
    endloop
  endfacet
  facet normal 0 -0.9986295374063636 0.052335905643759346
    outer loop
      vertex 7 30.997260950505733 0.4477357715368271
      vertex 52 30.997260950505733 0.4477357715368271
      vertex 52 31 0.5
    endloop
  endfacet
  facet normal 1 0 0
    outer loop
      vertex 52 30.5 0
      vertex 52 31 0
      vertex 52 30.552264228463173 0.00273904949426651
    endloop
  endfacet
  facet normal 1 0 0
    outer loop
      vertex 52 30.552264228463173 0.00273904949426651
      vertex 52 31 0
      vertex 52 30.60395584255457 0.010926201939582825
    endloop
  endfacet
  facet normal 1 0 0
    outer loop
      vertex 52 30.60395584255457 0.010926201939582825
      vertex 52 31 0
      vertex 52 30.654508493840694 0.024471744894981384
    endloop
  endfacet
  facet normal 1 0 0
    outer loop
      vertex 52 30.654508493840694 0.024471744894981384
      vertex 52 31 0
      vertex 52 30.703368321061134 0.04322727024555206
    endloop
  endfacet
  facet normal 1 0 0
    outer loop
      vertex 52 30.703368321061134 0.04322727024555206
      vertex 52 31 0
      vertex 52 30.75 0.0669872984290123
    endloop
  endfacet
  facet normal 1 0 0
    outer loop
      vertex 52 30.75 0.0669872984290123
      vertex 52 31 0
      vertex 52 30.7938926294446 0.09549150615930557
    endloop
  endfacet
  facet normal 1 0 0
    outer loop
      vertex 52 30.7938926294446 0.09549150615930557
      vertex 52 31 0
      vertex 52 30.834565304219723 0.12842758744955063
    endloop
  endfacet
  facet normal 1 0 0
    outer loop
      vertex 52 30.834565304219723 0.12842758744955063
      vertex 52 31 0
      vertex 52 30.87157241255045 0.16543469578027725
    endloop
  endfacet
  facet normal 1 0 0
    outer loop
      vertex 52 30.87157241255045 0.16543469578027725
      vertex 52 31 0
      vertex 52 30.904508493840694 0.20610737055540085
    endloop
  endfacet
  facet normal 1 0 0
    outer loop
      vertex 52 30.904508493840694 0.20610737055540085
      vertex 52 31 0
      vertex 52 30.933012701570988 0.25
    endloop
  endfacet
  facet normal 1 0 0
    outer loop
      vertex 52 31 0
      vertex 52 30.956772729754448 0.29663167893886566
      vertex 52 30.933012701570988 0.25
    endloop
  endfacet
  facet normal 1 0 0
    outer loop
      vertex 52 31 0
      vertex 52 30.97552825510502 0.3454915061593056
      vertex 52 30.956772729754448 0.29663167893886566
    endloop
  endfacet
  facet normal 1 0 0
    outer loop
      vertex 52 31 0
      vertex 52 30.989073798060417 0.39604415744543076
      vertex 52 30.97552825510502 0.3454915061593056
    endloop
  endfacet
  facet normal 1 0 0
    outer loop
      vertex 52 31 0
      vertex 52 30.997260950505733 0.4477357715368271
      vertex 52 30.989073798060417 0.39604415744543076
    endloop
  endfacet
  facet normal 1 0 0
    outer loop
      vertex 52 31 0
      vertex 52 31 0.5
      vertex 52 30.997260950505733 0.4477357715368271
    endloop
  endfacet
  facet normal 0 0.9986295374063636 -0.052335905643759346
    outer loop
      vertex 7 20.502739049494267 5.552264228463173
      vertex 52 20.502739049494267 5.552264228463173
      vertex 52 20.5 5.5
    endloop
  endfacet
  facet normal 0 0.9876883256037032 -0.15643455969239403
    outer loop
      vertex 7 20.510926201939583 5.603955842554569
      vertex 52 20.510926201939583 5.603955842554569
      vertex 52 20.502739049494267 5.552264228463173
    endloop
  endfacet
  facet normal 0 0.9659258221426399 -0.25881906057720194
    outer loop
      vertex 7 20.52447174489498 5.654508493840694
      vertex 52 20.52447174489498 5.654508493840694
      vertex 52 20.510926201939583 5.603955842554569
    endloop
  endfacet
  facet normal 0 -1 0
    outer loop
      vertex 7 20.5 5.5
      vertex 52 20.5 5.5
      vertex 52 20.5 6
    endloop
  endfacet
  facet normal 0 0.933580458955228 -0.35836786498923967
    outer loop
      vertex 7 20.543227270245552 5.703368321061134
      vertex 52 20.543227270245552 5.703368321061134
      vertex 52 20.52447174489498 5.654508493840694
    endloop
  endfacet
  facet normal 0 0.8910065163707585 -0.453990515082469
    outer loop
      vertex 7 20.566987298429012 5.75
      vertex 52 20.566987298429012 5.75
      vertex 52 20.543227270245552 5.703368321061134
    endloop
  endfacet
  facet normal 0 0.8386705602339226 -0.5446390468896978
    outer loop
      vertex 7 20.595491506159306 5.793892629444599
      vertex 52 20.595491506159306 5.793892629444599
      vertex 52 20.566987298429012 5.75
    endloop
  endfacet
  facet normal 0 0.777145973885521 -0.629320375701856
    outer loop
      vertex 7 20.62842758744955 5.834565304219723
      vertex 52 20.62842758744955 5.834565304219723
      vertex 52 20.595491506159306 5.793892629444599
    endloop
  endfacet
  facet normal 0 0.7071067811865476 -0.7071067811865476
    outer loop
      vertex 7 20.665434695780277 5.871572412550449
      vertex 52 20.665434695780277 5.871572412550449
      vertex 52 20.62842758744955 5.834565304219723
    endloop
  endfacet
  facet normal 0 0.629320375701856 -0.777145973885521
    outer loop
      vertex 7 20.7061073705554 5.904508493840694
      vertex 52 20.7061073705554 5.904508493840694
      vertex 52 20.665434695780277 5.871572412550449
    endloop
  endfacet
  facet normal 0 0.5446390468896978 -0.8386705602339226
    outer loop
      vertex 7 20.75 5.933012701570988
      vertex 52 20.75 5.933012701570988
      vertex 52 20.7061073705554 5.904508493840694
    endloop
  endfacet
  facet normal 0 0.453990515082469 -0.8910065163707585
    outer loop
      vertex 7 20.796631678938866 5.956772729754448
      vertex 52 20.796631678938866 5.956772729754448
      vertex 52 20.75 5.933012701570988
    endloop
  endfacet
  facet normal 0 0 1
    outer loop
      vertex 7 20.5 6
      vertex 52 20.5 6
      vertex 52 21 6
    endloop
  endfacet
  facet normal 0 0.35836786498923967 -0.933580458955228
    outer loop
      vertex 7 20.845491506159306 5.975528255105019
      vertex 52 20.845491506159306 5.975528255105019
      vertex 52 20.796631678938866 5.956772729754448
    endloop
  endfacet
  facet normal 0 0.25881906057720194 -0.9659258221426399
    outer loop
      vertex 7 20.89604415744543 5.989073798060417
      vertex 52 20.89604415744543 5.989073798060417
      vertex 52 20.845491506159306 5.975528255105019
    endloop
  endfacet
  facet normal 0 0.15643455969239403 -0.9876883256037032
    outer loop
      vertex 7 20.947735771536827 5.9972609505057335
      vertex 52 20.947735771536827 5.9972609505057335
      vertex 52 20.89604415744543 5.989073798060417
    endloop
  endfacet
  facet normal 0 0.052335905643759346 -0.9986295374063636
    outer loop
      vertex 7 21 6
      vertex 52 21 6
      vertex 52 20.947735771536827 5.9972609505057335
    endloop
  endfacet
  facet normal 0 -0.8386705602339226 -0.5446390468896978
    outer loop
      vertex 7 30.933012701570988 5.75
      vertex 52 30.933012701570988 5.75
      vertex 52 30.904508493840694 5.793892629444599
    endloop
  endfacet
  facet normal 0 -0.777145973885521 -0.629320375701856
    outer loop
      vertex 7 30.904508493840694 5.793892629444599
      vertex 52 30.904508493840694 5.793892629444599
      vertex 52 30.87157241255045 5.834565304219723
    endloop
  endfacet
  facet normal 0 -0.7071067811865476 -0.7071067811865476
    outer loop
      vertex 7 30.87157241255045 5.834565304219723
      vertex 52 30.87157241255045 5.834565304219723
      vertex 52 30.834565304219723 5.871572412550449
    endloop
  endfacet
  facet normal 0 -0.629320375701856 -0.777145973885521
    outer loop
      vertex 7 30.834565304219723 5.871572412550449
      vertex 52 30.834565304219723 5.871572412550449
      vertex 52 30.7938926294446 5.904508493840694
    endloop
  endfacet
  facet normal 0 -0.5446390468896978 -0.8386705602339226
    outer loop
      vertex 7 30.7938926294446 5.904508493840694
      vertex 52 30.7938926294446 5.904508493840694
      vertex 52 30.75 5.933012701570988
    endloop
  endfacet
  facet normal 0 -0.453990515082469 -0.8910065163707585
    outer loop
      vertex 7 30.75 5.933012701570988
      vertex 52 30.75 5.933012701570988
      vertex 52 30.703368321061134 5.956772729754448
    endloop
  endfacet
  facet normal 0 -0.35836786498923967 -0.933580458955228
    outer loop
      vertex 7 30.703368321061134 5.956772729754448
      vertex 52 30.703368321061134 5.956772729754448
      vertex 52 30.654508493840694 5.975528255105019
    endloop
  endfacet
  facet normal 0 -0.052335905643759346 -0.9986295374063636
    outer loop
      vertex 7 30.552264228463173 5.9972609505057335
      vertex 52 30.552264228463173 5.9972609505057335
      vertex 52 30.5 6
    endloop
  endfacet
  facet normal 0 -0.15643455969239403 -0.9876883256037032
    outer loop
      vertex 7 30.60395584255457 5.989073798060417
      vertex 52 30.60395584255457 5.989073798060417
      vertex 52 30.552264228463173 5.9972609505057335
    endloop
  endfacet
  facet normal 0 -0.25881906057720194 -0.9659258221426399
    outer loop
      vertex 7 30.654508493840694 5.975528255105019
      vertex 52 30.654508493840694 5.975528255105019
      vertex 52 30.60395584255457 5.989073798060417
    endloop
  endfacet
  facet normal 0 0 1
    outer loop
      vertex 7 30.5 6
      vertex 52 30.5 6
      vertex 52 31 6
    endloop
  endfacet
  facet normal 0 -0.9986295374063636 -0.052335905643759346
    outer loop
      vertex 7 31 5.5
      vertex 52 31 5.5
      vertex 52 30.997260950505733 5.552264228463173
    endloop
  endfacet
  facet normal 0 -0.9876883256037032 -0.15643455969239403
    outer loop
      vertex 7 30.997260950505733 5.552264228463173
      vertex 52 30.997260950505733 5.552264228463173
      vertex 52 30.989073798060417 5.603955842554569
    endloop
  endfacet
  facet normal 0 -0.9659258221426399 -0.25881906057720194
    outer loop
      vertex 7 30.989073798060417 5.603955842554569
      vertex 52 30.989073798060417 5.603955842554569
      vertex 52 30.97552825510502 5.654508493840694
    endloop
  endfacet
  facet normal 0 -0.933580458955228 -0.35836786498923967
    outer loop
      vertex 7 30.97552825510502 5.654508493840694
      vertex 52 30.97552825510502 5.654508493840694
      vertex 52 30.956772729754448 5.703368321061134
    endloop
  endfacet
  facet normal 0 -0.8910065163707585 -0.453990515082469
    outer loop
      vertex 7 30.956772729754448 5.703368321061134
      vertex 52 30.956772729754448 5.703368321061134
      vertex 52 30.933012701570988 5.75
    endloop
  endfacet
  facet normal 0 1 0
    outer loop
      vertex 7 31 6
      vertex 52 31 6
      vertex 52 31 5.5
    endloop
  endfacet
  facet normal 1 0 0
    outer loop
      vertex 52 20.5 5.5
      vertex 52 20.502739049494267 5.552264228463173
      vertex 52 20.5 6
    endloop
  endfacet
  facet normal 1 0 0
    outer loop
      vertex 52 20.502739049494267 5.552264228463173
      vertex 52 20.510926201939583 5.603955842554569
      vertex 52 20.5 6
    endloop
  endfacet
  facet normal 1 0 0
    outer loop
      vertex 52 20.510926201939583 5.603955842554569
      vertex 52 20.52447174489498 5.654508493840694
      vertex 52 20.5 6
    endloop
  endfacet
  facet normal 1 0 0
    outer loop
      vertex 52 20.52447174489498 5.654508493840694
      vertex 52 20.543227270245552 5.703368321061134
      vertex 52 20.5 6
    endloop
  endfacet
  facet normal 1 0 0
    outer loop
      vertex 52 20.543227270245552 5.703368321061134
      vertex 52 20.566987298429012 5.75
      vertex 52 20.5 6
    endloop
  endfacet
  facet normal 1 0 0
    outer loop
      vertex 52 20.566987298429012 5.75
      vertex 52 20.595491506159306 5.793892629444599
      vertex 52 20.5 6
    endloop
  endfacet
  facet normal 1 0 0
    outer loop
      vertex 52 20.595491506159306 5.793892629444599
      vertex 52 20.62842758744955 5.834565304219723
      vertex 52 20.5 6
    endloop
  endfacet
  facet normal 1 0 0
    outer loop
      vertex 52 20.5 6
      vertex 52 20.62842758744955 5.834565304219723
      vertex 52 20.665434695780277 5.871572412550449
    endloop
  endfacet
  facet normal 1 0 0
    outer loop
      vertex 52 20.5 6
      vertex 52 20.665434695780277 5.871572412550449
      vertex 52 20.7061073705554 5.904508493840694
    endloop
  endfacet
  facet normal 1 0 0
    outer loop
      vertex 52 20.5 6
      vertex 52 20.7061073705554 5.904508493840694
      vertex 52 20.75 5.933012701570988
    endloop
  endfacet
  facet normal 1 0 0
    outer loop
      vertex 52 20.5 6
      vertex 52 20.75 5.933012701570988
      vertex 52 20.796631678938866 5.956772729754448
    endloop
  endfacet
  facet normal 1 0 0
    outer loop
      vertex 52 20.5 6
      vertex 52 20.796631678938866 5.956772729754448
      vertex 52 20.845491506159306 5.975528255105019
    endloop
  endfacet
  facet normal 1 0 0
    outer loop
      vertex 52 20.5 6
      vertex 52 20.845491506159306 5.975528255105019
      vertex 52 20.89604415744543 5.989073798060417
    endloop
  endfacet
  facet normal 1 0 0
    outer loop
      vertex 52 20.5 6
      vertex 52 20.89604415744543 5.989073798060417
      vertex 52 20.947735771536827 5.9972609505057335
    endloop
  endfacet
  facet normal 1 0 0
    outer loop
      vertex 52 20.5 6
      vertex 52 20.947735771536827 5.9972609505057335
      vertex 52 21 6
    endloop
  endfacet
  facet normal 1 0 0
    outer loop
      vertex 52 30.904508493840694 5.793892629444599
      vertex 52 31 6
      vertex 52 30.87157241255045 5.834565304219723
    endloop
  endfacet
  facet normal 1 0 0
    outer loop
      vertex 52 30.87157241255045 5.834565304219723
      vertex 52 31 6
      vertex 52 30.834565304219723 5.871572412550449
    endloop
  endfacet
  facet normal 1 0 0
    outer loop
      vertex 52 30.7938926294446 5.904508493840694
      vertex 52 31 6
      vertex 52 30.75 5.933012701570988
    endloop
  endfacet
  facet normal 1 0 0
    outer loop
      vertex 52 30.834565304219723 5.871572412550449
      vertex 52 31 6
      vertex 52 30.7938926294446 5.904508493840694
    endloop
  endfacet
  facet normal 1 0 0
    outer loop
      vertex 52 30.5 6
      vertex 52 30.552264228463173 5.9972609505057335
      vertex 52 31 6
    endloop
  endfacet
  facet normal 1 0 0
    outer loop
      vertex 52 30.552264228463173 5.9972609505057335
      vertex 52 30.60395584255457 5.989073798060417
      vertex 52 31 6
    endloop
  endfacet
  facet normal 1 0 0
    outer loop
      vertex 52 30.703368321061134 5.956772729754448
      vertex 52 31 6
      vertex 52 30.654508493840694 5.975528255105019
    endloop
  endfacet
  facet normal 1 0 0
    outer loop
      vertex 52 30.60395584255457 5.989073798060417
      vertex 52 30.654508493840694 5.975528255105019
      vertex 52 31 6
    endloop
  endfacet
  facet normal 1 0 0
    outer loop
      vertex 52 30.703368321061134 5.956772729754448
      vertex 52 30.75 5.933012701570988
      vertex 52 31 6
    endloop
  endfacet
  facet normal 1 0 0
    outer loop
      vertex 52 31 5.5
      vertex 52 31 6
      vertex 52 30.997260950505733 5.552264228463173
    endloop
  endfacet
  facet normal 1 0 0
    outer loop
      vertex 52 30.997260950505733 5.552264228463173
      vertex 52 31 6
      vertex 52 30.989073798060417 5.603955842554569
    endloop
  endfacet
  facet normal 1 0 0
    outer loop
      vertex 52 30.989073798060417 5.603955842554569
      vertex 52 31 6
      vertex 52 30.97552825510502 5.654508493840694
    endloop
  endfacet
  facet normal 1 0 0
    outer loop
      vertex 52 30.97552825510502 5.654508493840694
      vertex 52 31 6
      vertex 52 30.956772729754448 5.703368321061134
    endloop
  endfacet
  facet normal 1 0 0
    outer loop
      vertex 52 30.956772729754448 5.703368321061134
      vertex 52 31 6
      vertex 52 30.933012701570988 5.75
    endloop
  endfacet
  facet normal 1 0 0
    outer loop
      vertex 52 30.904508493840694 5.793892629444599
      vertex 52 30.933012701570988 5.75
      vertex 52 31 6
    endloop
  endfacet
endsolid OpenSCAD_Model
