solid OpenSCAD_Model
  facet normal -0.7604059656000313 -0.6494480483301834 0
    outer loop
      vertex -66.05740672384253 -53.49223323923618 28.4
      vertex -63.16731016557851 -56.87610154050295 28.4
      vertex -66.05740672384253 -53.49223323923618 30.009999999999998
    endloop
  endfacet
  facet normal -0.7604059656000313 -0.6494480483301834 0
    outer loop
      vertex -66.05740672384253 -53.49223323923618 30.009999999999998
      vertex -63.16731016557851 -56.87610154050295 28.4
      vertex -63.16731016557851 -56.87610154050295 30.009999999999998
    endloop
  endfacet
  facet normal 0 0 1
    outer loop
      vertex -66.05740672384253 -53.49223323923618 30.009999999999998
      vertex -63.16731016557851 -56.87610154050295 30.009999999999998
      vertex -63.41511045488882 -51.35254390966673 30.009999999999998
    endloop
  endfacet
  facet normal -0.8241261886220164 -0.5664062369248318 0
    outer loop
      vertex -71.28699827536104 -46.294317976277306 30.009999999999998
      vertex -68.76644452187054 -49.96174644486022 28.4
      vertex -68.76644452187054 -49.96174644486022 30.009999999999998
    endloop
  endfacet
  facet normal 0 0 -1
    outer loop
      vertex -71.28699827536104 -46.294317976277306 28.4
      vertex -73.61215932167728 -42.5 28.4
      vertex -70.66767294881019 -40.8 28.4
    endloop
  endfacet
  facet normal -0.8526401643540928 -0.522498564715948 0
    outer loop
      vertex -71.28699827536104 -46.294317976277306 28.4
      vertex -73.61215932167728 -42.5 30.009999999999998
      vertex -73.61215932167728 -42.5 28.4
    endloop
  endfacet
  facet normal 4.307188294346924e-15 2.9602484998163936e-15 -1
    outer loop
      vertex -71.28699827536104 -46.294317976277306 28.4
      vertex -68.43551834434663 -44.442545257226165 28.400000000000016
      vertex -68.76644452187054 -49.96174644486022 28.4
    endloop
  endfacet
  facet normal -0.8241261886220164 -0.5664062369248318 0
    outer loop
      vertex -71.28699827536104 -46.294317976277306 28.4
      vertex -68.76644452187054 -49.96174644486022 28.4
      vertex -71.28699827536104 -46.294317976277306 30.009999999999998
    endloop
  endfacet
  facet normal 6.721632483646506e-15 -7.576695143715991e-16 -1
    outer loop
      vertex -71.28699827536104 -46.294317976277306 28.4
      vertex -70.66767294881019 -40.8 28.4
      vertex -68.43551834434663 -44.442545257226165 28.400000000000016
    endloop
  endfacet
  facet normal -0.8526401643540928 -0.522498564715948 0
    outer loop
      vertex -71.28699827536104 -46.294317976277306 28.4
      vertex -71.28699827536104 -46.294317976277306 30.009999999999998
      vertex -73.61215932167728 -42.5 30.009999999999998
    endloop
  endfacet
  facet normal 0 0 1
    outer loop
      vertex -71.28699827536104 -46.294317976277306 30.009999999999998
      vertex -68.76644452187054 -49.96174644486022 30.009999999999998
      vertex -70.66767294881018 -40.8 30.009999999999998
    endloop
  endfacet
  facet normal 0 0 1
    outer loop
      vertex -68.76644452187054 -49.96174644486022 30.009999999999998
      vertex -68.4355183443466 -44.44254525722621 30.009999999999998
      vertex -70.66767294881018 -40.8 30.009999999999998
    endloop
  endfacet
  facet normal 0 0 -1
    outer loop
      vertex -66.05740672384253 -53.49223323923618 28.4
      vertex -68.76644452187054 -49.96174644486022 28.4
      vertex -66.01578674099571 -47.96327658706581 28.4
    endloop
  endfacet
  facet normal -0.7933533402912346 -0.6087614290087214 0
    outer loop
      vertex -66.05740672384253 -53.49223323923618 28.4
      vertex -68.76644452187054 -49.96174644486022 30.009999999999998
      vertex -68.76644452187054 -49.96174644486022 28.4
    endloop
  endfacet
  facet normal 0 0 -1
    outer loop
      vertex -66.05740672384253 -53.49223323923618 28.4
      vertex -66.01578674099571 -47.96327658706581 28.4
      vertex -63.415110454888826 -51.352543909666736 28.4
    endloop
  endfacet
  facet normal -0.7933533402912346 -0.6087614290087214 0
    outer loop
      vertex -66.05740672384253 -53.49223323923618 28.4
      vertex -66.05740672384253 -53.49223323923618 30.009999999999998
      vertex -68.76644452187054 -49.96174644486022 30.009999999999998
    endloop
  endfacet
  facet normal 0 0 1
    outer loop
      vertex -66.05740672384253 -53.49223323923618 30.009999999999998
      vertex -68.4355183443466 -44.44254525722621 30.009999999999998
      vertex -68.76644452187054 -49.96174644486022 30.009999999999998
    endloop
  endfacet
  facet normal 0 0 1
    outer loop
      vertex -66.05740672384253 -53.49223323923618 30.009999999999998
      vertex -66.01578674099571 -47.963276587065806 30.009999999999998
      vertex -68.4355183443466 -44.44254525722621 30.009999999999998
    endloop
  endfacet
  facet normal 0 0 1
    outer loop
      vertex -66.05740672384253 -53.49223323923618 30.009999999999998
      vertex -63.41511045488882 -51.35254390966673 30.009999999999998
      vertex -66.01578674099571 -47.963276587065806 30.009999999999998
    endloop
  endfacet
  facet normal -2.4448857841388433e-15 3.3650965909057125e-15 -1
    outer loop
      vertex -68.76644452187054 -49.96174644486022 28.4
      vertex -68.43551834434663 -44.442545257226165 28.400000000000016
      vertex -66.01578674099571 -47.96327658706581 28.4
    endloop
  endfacet
  facet normal 0 0 -1
    outer loop
      vertex -53.49223323923618 -66.05740672384253 28.4
      vertex -56.87610154050295 -63.16731016557851 28.4
      vertex -51.35254390966674 -63.41511045488882 28.4
    endloop
  endfacet
  facet normal -0.6494480483301834 -0.7604059656000313 0
    outer loop
      vertex -53.49223323923618 -66.05740672384253 28.4
      vertex -53.49223323923618 -66.05740672384253 30.009999999999998
      vertex -56.87610154050295 -63.16731016557851 28.4
    endloop
  endfacet
  facet normal -0.6494480483301834 -0.7604059656000313 0
    outer loop
      vertex -53.49223323923618 -66.05740672384253 30.009999999999998
      vertex -56.87610154050295 -63.16731016557851 30.009999999999998
      vertex -56.87610154050295 -63.16731016557851 28.4
    endloop
  endfacet
  facet normal -0.5664062369248318 -0.8241261886220164 0
    outer loop
      vertex -49.96174644486022 -68.76644452187054 28.4
      vertex -46.294317976277306 -71.28699827536104 30.009999999999998
      vertex -49.96174644486022 -68.76644452187054 30.009999999999998
    endloop
  endfacet
  facet normal 0 0 -1
    outer loop
      vertex -53.49223323923618 -66.05740672384253 28.4
      vertex -47.963276587065806 -66.01578674099571 28.4
      vertex -49.96174644486022 -68.76644452187054 28.4
    endloop
  endfacet
  facet normal -0.6087614290087214 -0.7933533402912346 0
    outer loop
      vertex -53.49223323923618 -66.05740672384253 28.4
      vertex -49.96174644486022 -68.76644452187054 28.4
      vertex -49.96174644486022 -68.76644452187054 30.009999999999998
    endloop
  endfacet
  facet normal 0 0 -1
    outer loop
      vertex -53.49223323923618 -66.05740672384253 28.4
      vertex -51.35254390966674 -63.41511045488882 28.4
      vertex -47.963276587065806 -66.01578674099571 28.4
    endloop
  endfacet
  facet normal -0.6087614290087214 -0.7933533402912346 0
    outer loop
      vertex -53.49223323923618 -66.05740672384253 28.4
      vertex -49.96174644486022 -68.76644452187054 30.009999999999998
      vertex -53.49223323923618 -66.05740672384253 30.009999999999998
    endloop
  endfacet
  facet normal 0 0 1
    outer loop
      vertex -53.49223323923618 -66.05740672384253 30.009999999999998
      vertex -49.96174644486022 -68.76644452187054 30.009999999999998
      vertex -51.35254390966673 -63.41511045488882 30.009999999999998
    endloop
  endfacet
  facet normal 0 0 1
    outer loop
      vertex -49.96174644486022 -68.76644452187054 30.009999999999998
      vertex -46.294317976277306 -71.28699827536104 30.009999999999998
      vertex -47.963276587065806 -66.01578674099571 30.009999999999998
    endloop
  endfacet
  facet normal 0 0 1
    outer loop
      vertex -49.96174644486022 -68.76644452187054 30.009999999999998
      vertex -47.963276587065806 -66.01578674099571 30.009999999999998
      vertex -51.35254390966673 -63.41511045488882 30.009999999999998
    endloop
  endfacet
  facet normal 5.920496999632795e-16 8.61437658869386e-16 -1
    outer loop
      vertex -49.96174644486022 -68.76644452187054 28.4
      vertex -44.442545257226215 -68.4355183443466 28.400000000000002
      vertex -46.294317976277306 -71.28699827536104 28.4
    endloop
  endfacet
  facet normal -0.5664062369248318 -0.8241261886220164 0
    outer loop
      vertex -49.96174644486022 -68.76644452187054 28.4
      vertex -46.294317976277306 -71.28699827536104 28.4
      vertex -46.294317976277306 -71.28699827536104 30.009999999999998
    endloop
  endfacet
  facet normal 0 0 -1
    outer loop
      vertex -46.294317976277306 -71.28699827536104 28.4
      vertex -40.80000000000002 -70.66767294881018 28.4
      vertex -42.5 -73.61215932167728 28.4
    endloop
  endfacet
  facet normal -0.522498564715948 -0.8526401643540928 0
    outer loop
      vertex -46.294317976277306 -71.28699827536104 28.4
      vertex -42.5 -73.61215932167728 28.4
      vertex -42.5 -73.61215932167728 30.009999999999998
    endloop
  endfacet
  facet normal -1.5153390287432225e-16 1.3443264967292868e-15 -1
    outer loop
      vertex -46.294317976277306 -71.28699827536104 28.4
      vertex -44.442545257226215 -68.4355183443466 28.400000000000002
      vertex -40.80000000000002 -70.66767294881018 28.4
    endloop
  endfacet
  facet normal -0.522498564715948 -0.8526401643540928 0
    outer loop
      vertex -46.294317976277306 -71.28699827536104 28.4
      vertex -42.5 -73.61215932167728 30.009999999999998
      vertex -46.294317976277306 -71.28699827536104 30.009999999999998
    endloop
  endfacet
  facet normal 0 0 1
    outer loop
      vertex -46.294317976277306 -71.28699827536104 30.009999999999998
      vertex -42.5 -73.61215932167728 30.009999999999998
      vertex -44.44254525722621 -68.4355183443466 30.009999999999998
    endloop
  endfacet
  facet normal 0 0 1
    outer loop
      vertex -44.44254525722621 -68.4355183443466 30.009999999999998
      vertex -42.5 -73.61215932167728 30.009999999999998
      vertex -40.8 -70.66767294881018 30.009999999999998
    endloop
  endfacet
  facet normal 6.730193181811516e-16 -4.88977156827777e-16 -1
    outer loop
      vertex -49.96174644486022 -68.76644452187054 28.4
      vertex -47.963276587065806 -66.01578674099571 28.4
      vertex -44.442545257226215 -68.4355183443466 28.400000000000002
    endloop
  endfacet
  facet normal 0 0 1
    outer loop
      vertex -47.963276587065806 -66.01578674099571 30.009999999999998
      vertex -46.294317976277306 -71.28699827536104 30.009999999999998
      vertex -44.44254525722621 -68.4355183443466 30.009999999999998
    endloop
  endfacet
  facet normal -0.7253743710122874 -0.6883545756937541 0
    outer loop
      vertex -60.10407640085654 -60.10407640085654 28.4
      vertex -60.10407640085654 -60.10407640085654 30.009999999999998
      vertex -63.16731016557851 -56.87610154050295 30.009999999999998
    endloop
  endfacet
  facet normal -0.6883545756937541 -0.7253743710122874 0
    outer loop
      vertex -60.10407640085654 -60.10407640085654 28.4
      vertex -56.87610154050295 -63.16731016557851 30.009999999999998
      vertex -60.10407640085654 -60.10407640085654 30.009999999999998
    endloop
  endfacet
  facet normal -0.7253743710122874 -0.6883545756937541 0
    outer loop
      vertex -60.10407640085654 -60.10407640085654 28.4
      vertex -63.16731016557851 -56.87610154050295 30.009999999999998
      vertex -63.16731016557851 -56.87610154050295 28.4
    endloop
  endfacet
  facet normal 0 0 -1
    outer loop
      vertex -66.05740672384253 -53.49223323923618 28.4
      vertex -60.640617758955365 -54.60105747888282 28.4
      vertex -63.16731016557851 -56.87610154050295 28.4
    endloop
  endfacet
  facet normal 0 0 -1
    outer loop
      vertex -66.05740672384253 -53.49223323923618 28.4
      vertex -63.415110454888826 -51.352543909666736 28.4
      vertex -60.640617758955365 -54.60105747888282 28.4
    endloop
  endfacet
  facet normal 0 0 -1
    outer loop
      vertex -60.10407640085654 -60.10407640085654 28.4
      vertex -63.16731016557851 -56.87610154050295 28.4
      vertex -57.69991334482228 -57.69991334482228 28.4
    endloop
  endfacet
  facet normal 0 0 -1
    outer loop
      vertex -63.16731016557851 -56.87610154050295 28.4
      vertex -60.640617758955365 -54.60105747888282 28.4
      vertex -57.69991334482228 -57.69991334482228 28.4
    endloop
  endfacet
  facet normal 0 0 1
    outer loop
      vertex -60.10407640085654 -60.10407640085654 30.009999999999998
      vertex -60.640617758955365 -54.60105747888283 30.009999999999998
      vertex -63.16731016557851 -56.87610154050295 30.009999999999998
    endloop
  endfacet
  facet normal 0 0 1
    outer loop
      vertex -63.16731016557851 -56.87610154050295 30.009999999999998
      vertex -60.640617758955365 -54.60105747888283 30.009999999999998
      vertex -63.41511045488882 -51.35254390966673 30.009999999999998
    endloop
  endfacet
  facet normal 0 0 1
    outer loop
      vertex -60.10407640085654 -60.10407640085654 30.009999999999998
      vertex -57.69991334482228 -57.69991334482228 30.009999999999998
      vertex -60.640617758955365 -54.60105747888283 30.009999999999998
    endloop
  endfacet
  facet normal 0 0 -1
    outer loop
      vertex -60.10407640085654 -60.10407640085654 28.4
      vertex -54.60105747888284 -60.640617758955365 28.4
      vertex -56.87610154050295 -63.16731016557851 28.4
    endloop
  endfacet
  facet normal -0.6883545756937541 -0.7253743710122874 0
    outer loop
      vertex -60.10407640085654 -60.10407640085654 28.4
      vertex -56.87610154050295 -63.16731016557851 28.4
      vertex -56.87610154050295 -63.16731016557851 30.009999999999998
    endloop
  endfacet
  facet normal 0 0 -1
    outer loop
      vertex -60.10407640085654 -60.10407640085654 28.4
      vertex -57.69991334482228 -57.69991334482228 28.4
      vertex -54.60105747888284 -60.640617758955365 28.4
    endloop
  endfacet
  facet normal 0 0 -1
    outer loop
      vertex -56.87610154050295 -63.16731016557851 28.4
      vertex -54.60105747888284 -60.640617758955365 28.4
      vertex -51.35254390966674 -63.41511045488882 28.4
    endloop
  endfacet
  facet normal 0 0 1
    outer loop
      vertex -60.10407640085654 -60.10407640085654 30.009999999999998
      vertex -56.87610154050295 -63.16731016557851 30.009999999999998
      vertex -57.69991334482228 -57.69991334482228 30.009999999999998
    endloop
  endfacet
  facet normal 0 0 1
    outer loop
      vertex -56.87610154050295 -63.16731016557851 30.009999999999998
      vertex -54.60105747888283 -60.640617758955365 30.009999999999998
      vertex -57.69991334482228 -57.69991334482228 30.009999999999998
    endloop
  endfacet
  facet normal 0 0 1
    outer loop
      vertex -53.49223323923618 -66.05740672384253 30.009999999999998
      vertex -54.60105747888283 -60.640617758955365 30.009999999999998
      vertex -56.87610154050295 -63.16731016557851 30.009999999999998
    endloop
  endfacet
  facet normal 0 0 1
    outer loop
      vertex -53.49223323923618 -66.05740672384253 30.009999999999998
      vertex -51.35254390966673 -63.41511045488882 30.009999999999998
      vertex -54.60105747888283 -60.640617758955365 30.009999999999998
    endloop
  endfacet
  facet normal -0.8788171126619656 -0.4771587602596082 0
    outer loop
      vertex -75.73555455601127 -38.589192477861474 28.4
      vertex -73.61215932167728 -42.5 28.4
      vertex -75.73555455601127 -38.589192477861474 30.009999999999998
    endloop
  endfacet
  facet normal -0.9025852843498603 -0.4305110968082957 0
    outer loop
      vertex -75.73555455601127 -38.589192477861474 28.4
      vertex -75.73555455601127 -38.589192477861474 30.009999999999998
      vertex -77.65136389962107 -34.57261466144302 30.009999999999998
    endloop
  endfacet
  facet normal 0 0 1
    outer loop
      vertex -75.73555455601127 -38.589192477861474 30.009999999999998
      vertex -73.61215932167728 -42.5 30.009999999999998
      vertex -74.54530934363622 -33.18971007498529 30.009999999999998
    endloop
  endfacet
  facet normal 0 0 -1
    outer loop
      vertex -75.73555455601127 -38.589192477861474 28.4
      vertex -77.65136389962107 -34.57261466144302 28.4
      vertex -74.54530934363623 -33.1897100749853 28.4
    endloop
  endfacet
  facet normal -0.9025852843498603 -0.4305110968082957 0
    outer loop
      vertex -75.73555455601127 -38.589192477861474 28.4
      vertex -77.65136389962107 -34.57261466144302 30.009999999999998
      vertex -77.65136389962107 -34.57261466144302 28.4
    endloop
  endfacet
  facet normal 0 0 -1
    outer loop
      vertex -77.65136389962107 -34.57261466144302 28.4
      vertex -76.18016280217167 -29.2428246828965 28.4
      vertex -74.54530934363623 -33.1897100749853 28.4
    endloop
  endfacet
  facet normal -0.9238795325112871 -0.3826834323650891 0
    outer loop
      vertex -77.65136389962107 -34.57261466144302 28.4
      vertex -77.65136389962107 -34.57261466144302 30.009999999999998
      vertex -79.35433625226214 -30.461275711350524 30.009999999999998
    endloop
  endfacet
  facet normal 0 0 1
    outer loop
      vertex -75.73555455601127 -38.589192477861474 30.009999999999998
      vertex -76.18016280217165 -29.2428246828965 30.009999999999998
      vertex -77.65136389962107 -34.57261466144302 30.009999999999998
    endloop
  endfacet
  facet normal 0 0 1
    outer loop
      vertex -75.73555455601127 -38.589192477861474 30.009999999999998
      vertex -74.54530934363622 -33.18971007498529 30.009999999999998
      vertex -76.18016280217165 -29.2428246828965 30.009999999999998
    endloop
  endfacet
  facet normal -0.9426414910921787 -0.3338068592337701 0
    outer loop
      vertex -80.83980388508805 -26.26644452187053 28.4
      vertex -79.35433625226214 -30.461275711350524 28.4
      vertex -80.83980388508805 -26.26644452187053 30.009999999999998
    endloop
  endfacet
  facet normal -0.9426414910921787 -0.3338068592337701 0
    outer loop
      vertex -80.83980388508805 -26.26644452187053 30.009999999999998
      vertex -79.35433625226214 -30.461275711350524 28.4
      vertex -79.35433625226214 -30.461275711350524 30.009999999999998
    endloop
  endfacet
  facet normal 0 0 -1
    outer loop
      vertex -80.83980388508805 -26.26644452187053 28.4
      vertex -79.81684421987855 -16.965593970729163 28.4
      vertex -78.81954742518798 -21.119634080365692 28.4
    endloop
  endfacet
  facet normal -0.9588197348681924 -0.2840153447039249 0
    outer loop
      vertex -80.83980388508805 -26.26644452187053 28.4
      vertex -82.10369523457081 -21.999618833714262 30.009999999999998
      vertex -82.10369523457081 -21.999618833714262 28.4
    endloop
  endfacet
  facet normal -0.9588197348681924 -0.2840153447039249 0
    outer loop
      vertex -80.83980388508805 -26.26644452187053 28.4
      vertex -80.83980388508805 -26.26644452187053 30.009999999999998
      vertex -82.10369523457081 -21.999618833714262 30.009999999999998
    endloop
  endfacet
  facet normal 0 0 1
    outer loop
      vertex -80.83980388508805 -26.26644452187053 30.009999999999998
      vertex -79.35433625226214 -30.461275711350524 30.009999999999998
      vertex -79.81684421987853 -16.96559397072916 30.009999999999998
    endloop
  endfacet
  facet normal 0 0 -1
    outer loop
      vertex -77.65136389962107 -34.57261466144302 28.4
      vertex -79.35433625226214 -30.461275711350524 28.4
      vertex -77.60621172968453 -25.215786740995707 28.4
    endloop
  endfacet
  facet normal 0 0 -1
    outer loop
      vertex -77.65136389962107 -34.57261466144302 28.4
      vertex -77.60621172968453 -25.215786740995707 28.4
      vertex -76.18016280217167 -29.2428246828965 28.4
    endloop
  endfacet
  facet normal -0.9238795325112871 -0.3826834323650891 0
    outer loop
      vertex -77.65136389962107 -34.57261466144302 28.4
      vertex -79.35433625226214 -30.461275711350524 30.009999999999998
      vertex -79.35433625226214 -30.461275711350524 28.4
    endloop
  endfacet
  facet normal 0 0 1
    outer loop
      vertex -77.65136389962107 -34.57261466144302 30.009999999999998
      vertex -76.18016280217165 -29.2428246828965 30.009999999999998
      vertex -77.60621172968452 -25.215786740995707 30.009999999999998
    endloop
  endfacet
  facet normal 0 0 1
    outer loop
      vertex -77.65136389962107 -34.57261466144302 30.009999999999998
      vertex -78.81954742518796 -21.119634080365692 30.009999999999998
      vertex -79.35433625226214 -30.461275711350524 30.009999999999998
    endloop
  endfacet
  facet normal 0 0 1
    outer loop
      vertex -77.65136389962107 -34.57261466144302 30.009999999999998
      vertex -77.60621172968452 -25.215786740995707 30.009999999999998
      vertex -78.81954742518796 -21.119634080365692 30.009999999999998
    endloop
  endfacet
  facet normal 0 0 -1
    outer loop
      vertex -80.83980388508805 -26.26644452187053 28.4
      vertex -78.81954742518798 -21.119634080365692 28.4
      vertex -79.35433625226214 -30.461275711350524 28.4
    endloop
  endfacet
  facet normal 0 0 -1
    outer loop
      vertex -79.35433625226214 -30.461275711350524 28.4
      vertex -78.81954742518798 -21.119634080365692 28.4
      vertex -77.60621172968453 -25.215786740995707 28.4
    endloop
  endfacet
  facet normal 0 0 1
    outer loop
      vertex -79.35433625226214 -30.461275711350524 30.009999999999998
      vertex -78.81954742518796 -21.119634080365692 30.009999999999998
      vertex -79.81684421987853 -16.96559397072916 30.009999999999998
    endloop
  endfacet
  facet normal 0 0 -1
    outer loop
      vertex -73.61215932167728 -42.5 28.4
      vertex -72.70613237377081 -37.04562477874701 28.4
      vertex -70.66767294881019 -40.8 28.4
    endloop
  endfacet
  facet normal 0 0 -1
    outer loop
      vertex -75.73555455601127 -38.589192477861474 28.4
      vertex -72.70613237377081 -37.04562477874701 28.4
      vertex -73.61215932167728 -42.5 28.4
    endloop
  endfacet
  facet normal -0.8788171126619656 -0.4771587602596082 0
    outer loop
      vertex -75.73555455601127 -38.589192477861474 30.009999999999998
      vertex -73.61215932167728 -42.5 28.4
      vertex -73.61215932167728 -42.5 30.009999999999998
    endloop
  endfacet
  facet normal 0 0 1
    outer loop
      vertex -71.28699827536104 -46.294317976277306 30.009999999999998
      vertex -72.70613237377081 -37.04562477874701 30.009999999999998
      vertex -73.61215932167728 -42.5 30.009999999999998
    endloop
  endfacet
  facet normal 0 0 1
    outer loop
      vertex -74.54530934363622 -33.18971007498529 30.009999999999998
      vertex -73.61215932167728 -42.5 30.009999999999998
      vertex -72.70613237377081 -37.04562477874701 30.009999999999998
    endloop
  endfacet
  facet normal 0 0 1
    outer loop
      vertex -71.28699827536104 -46.294317976277306 30.009999999999998
      vertex -70.66767294881018 -40.8 30.009999999999998
      vertex -72.70613237377081 -37.04562477874701 30.009999999999998
    endloop
  endfacet
  facet normal 0 0 -1
    outer loop
      vertex -75.73555455601127 -38.589192477861474 28.4
      vertex -74.54530934363623 -33.1897100749853 28.4
      vertex -72.70613237377081 -37.04562477874701 28.4
    endloop
  endfacet
  facet normal -0.9723699203976766 -0.2334453638559058 0
    outer loop
      vertex -82.10369523457081 -21.999618833714262 28.4
      vertex -83.14254606237348 -17.672493719509543 30.009999999999998
      vertex -83.14254606237348 -17.672493719509543 28.4
    endloop
  endfacet
  facet normal 0 0 -1
    outer loop
      vertex -80.83980388508805 -26.26644452187053 28.4
      vertex -82.10369523457081 -21.999618833714262 28.4
      vertex -80.59536859256323 -12.765052347282838 28.4
    endloop
  endfacet
  facet normal 0 0 -1
    outer loop
      vertex -80.83980388508805 -26.26644452187053 28.4
      vertex -80.59536859256323 -12.765052347282838 28.4
      vertex -79.81684421987855 -16.965593970729163 28.4
    endloop
  endfacet
  facet normal -0.9723699203976766 -0.2334453638559058 0
    outer loop
      vertex -82.10369523457081 -21.999618833714262 28.4
      vertex -82.10369523457081 -21.999618833714262 30.009999999999998
      vertex -83.14254606237348 -17.672493719509543 30.009999999999998
    endloop
  endfacet
  facet normal -0.9832549075639546 -0.18223552549214705 0
    outer loop
      vertex -83.14254606237348 -17.672493719509543 28.4
      vertex -83.14254606237348 -17.672493719509543 30.009999999999998
      vertex -83.95350895058671 -13.296929528419623 30.009999999999998
    endloop
  endfacet
  facet normal 0 0 1
    outer loop
      vertex -80.83980388508805 -26.26644452187053 30.009999999999998
      vertex -79.81684421987853 -16.96559397072916 30.009999999999998
      vertex -80.59536859256323 -12.765052347282838 30.009999999999998
    endloop
  endfacet
  facet normal 0 0 1
    outer loop
      vertex -80.83980388508805 -26.26644452187053 30.009999999999998
      vertex -81.48817003597321 -4.270614029424217 30.009999999999998
      vertex -82.10369523457081 -21.999618833714262 30.009999999999998
    endloop
  endfacet
  facet normal -0.9832549075639546 -0.18223552549214705 0
    outer loop
      vertex -83.14254606237348 -17.672493719509543 28.4
      vertex -83.95350895058671 -13.296929528419623 30.009999999999998
      vertex -83.95350895058671 -13.296929528419623 28.4
    endloop
  endfacet
  facet normal 0 0 -1
    outer loop
      vertex -82.10369523457081 -21.999618833714262 28.4
      vertex -81.15298666205109 -8.529522602640522 28.4
      vertex -80.59536859256323 -12.765052347282838 28.4
    endloop
  endfacet
  facet normal 0 0 -1
    outer loop
      vertex -82.10369523457081 -21.999618833714262 28.4
      vertex -81.48817003597323 -4.270614029424217 28.4
      vertex -81.15298666205109 -8.529522602640522 28.4
    endloop
  endfacet
  facet normal -0.9914448613738107 -0.1305261922200487 0
    outer loop
      vertex -83.95350895058671 -13.296929528419623 28.4
      vertex -83.95350895058671 -13.296929528419623 30.009999999999998
      vertex -84.53436110630322 -8.884919377750546 30.009999999999998
    endloop
  endfacet
  facet normal 0 0 1
    outer loop
      vertex -80.83980388508805 -26.26644452187053 30.009999999999998
      vertex -80.59536859256323 -12.765052347282838 30.009999999999998
      vertex -81.15298666205109 -8.529522602640522 30.009999999999998
    endloop
  endfacet
  facet normal 0 0 1
    outer loop
      vertex -80.83980388508805 -26.26644452187053 30.009999999999998
      vertex -81.15298666205109 -8.529522602640522 30.009999999999998
      vertex -81.48817003597321 -4.270614029424217 30.009999999999998
    endloop
  endfacet
  facet normal -0.9914448613738107 -0.1305261922200487 0
    outer loop
      vertex -83.95350895058671 -13.296929528419623 28.4
      vertex -84.53436110630322 -8.884919377750546 30.009999999999998
      vertex -84.53436110630322 -8.884919377750546 28.4
    endloop
  endfacet
  facet normal 0 0 -1
    outer loop
      vertex -82.10369523457081 -21.999618833714262 28.4
      vertex -83.14254606237348 -17.672493719509543 28.4
      vertex -82.10369523457081 21.999618833714262 28.4
    endloop
  endfacet
  facet normal -0.996917333733128 -0.07845909572784578 0
    outer loop
      vertex -84.53436110630322 -8.884919377750546 28.4
      vertex -84.88351045413877 -4.448556280650226 30.009999999999998
      vertex -84.88351045413877 -4.448556280650226 28.4
    endloop
  endfacet
  facet normal 0 0 -1
    outer loop
      vertex -82.10369523457081 -21.999618833714262 28.4
      vertex -81.6 5.913049694094868e-14 28.4
      vertex -81.48817003597323 -4.270614029424217 28.4
    endloop
  endfacet
  facet normal -0.996917333733128 -0.07845909572784578 0
    outer loop
      vertex -84.53436110630322 -8.884919377750546 28.4
      vertex -84.53436110630322 -8.884919377750546 30.009999999999998
      vertex -84.88351045413877 -4.448556280650226 30.009999999999998
    endloop
  endfacet
  facet normal 0 0 1
    outer loop
      vertex -83.14254606237348 -17.672493719509543 30.009999999999998
      vertex -83.95350895058671 13.296929528419623 30.009999999999998
      vertex -83.95350895058671 -13.296929528419623 30.009999999999998
    endloop
  endfacet
  facet normal 0 0 1
    outer loop
      vertex -82.10369523457081 -21.999618833714262 30.009999999999998
      vertex -83.14254606237348 17.672493719509543 30.009999999999998
      vertex -83.14254606237348 -17.672493719509543 30.009999999999998
    endloop
  endfacet
  facet normal 0 0 1
    outer loop
      vertex -82.10369523457081 -21.999618833714262 30.009999999999998
      vertex -81.48817003597321 -4.270614029424217 30.009999999999998
      vertex -81.6 0 30.009999999999998
    endloop
  endfacet
  facet normal 0 0 -1
    outer loop
      vertex -83.95350895058671 -13.296929528419623 28.4
      vertex -84.53436110630322 -8.884919377750546 28.4
      vertex -83.95350895058671 13.296929528419623 28.4
    endloop
  endfacet
  facet normal 0 0 -1
    outer loop
      vertex -83.14254606237348 -17.672493719509543 28.4
      vertex -83.95350895058671 -13.296929528419623 28.4
      vertex -83.14254606237348 17.672493719509543 28.4
    endloop
  endfacet
  facet normal 0 0 -1
    outer loop
      vertex -84.53436110630322 -8.884919377750546 28.4
      vertex -84.88351045413877 -4.448556280650226 28.4
      vertex -84.53436110630322 8.884919377750546 28.4
    endloop
  endfacet
  facet normal -0.9996573249755573 -0.026176948307874752 0
    outer loop
      vertex -84.88351045413877 -4.448556280650226 28.4
      vertex -85 0 30.009999999999998
      vertex -85 0 28.4
    endloop
  endfacet
  facet normal -0.9996573249755573 -0.026176948307874752 0
    outer loop
      vertex -84.88351045413877 -4.448556280650226 28.4
      vertex -84.88351045413877 -4.448556280650226 30.009999999999998
      vertex -85 0 30.009999999999998
    endloop
  endfacet
  facet normal 0 0 1
    outer loop
      vertex -83.95350895058671 -13.296929528419623 30.009999999999998
      vertex -84.53436110630322 8.884919377750546 30.009999999999998
      vertex -84.53436110630322 -8.884919377750546 30.009999999999998
    endloop
  endfacet
  facet normal 0 0 1
    outer loop
      vertex -84.53436110630322 -8.884919377750546 30.009999999999998
      vertex -84.88351045413877 4.448556280650226 30.009999999999998
      vertex -84.88351045413877 -4.448556280650226 30.009999999999998
    endloop
  endfacet
  facet normal -0.4771587602596082 -0.8788171126619656 0
    outer loop
      vertex -38.589192477861474 -75.73555455601127 28.4
      vertex -38.589192477861474 -75.73555455601127 30.009999999999998
      vertex -42.5 -73.61215932167728 28.4
    endloop
  endfacet
  facet normal -0.4305110968082957 -0.9025852843498603 0
    outer loop
      vertex -38.589192477861474 -75.73555455601127 28.4
      vertex -34.57261466144302 -77.65136389962107 30.009999999999998
      vertex -38.589192477861474 -75.73555455601127 30.009999999999998
    endloop
  endfacet
  facet normal 0 0 -1
    outer loop
      vertex -38.589192477861474 -75.73555455601127 28.4
      vertex -33.18971007498531 -74.54530934363622 28.4
      vertex -34.57261466144302 -77.65136389962107 28.4
    endloop
  endfacet
  facet normal -0.4305110968082957 -0.9025852843498603 0
    outer loop
      vertex -38.589192477861474 -75.73555455601127 28.4
      vertex -34.57261466144302 -77.65136389962107 28.4
      vertex -34.57261466144302 -77.65136389962107 30.009999999999998
    endloop
  endfacet
  facet normal 0 0 -1
    outer loop
      vertex -34.57261466144302 -77.65136389962107 28.4
      vertex -33.18971007498531 -74.54530934363622 28.4
      vertex -29.242824682896526 -76.18016280217165 28.4
    endloop
  endfacet
  facet normal 0 0 1
    outer loop
      vertex -38.589192477861474 -75.73555455601127 30.009999999999998
      vertex -34.57261466144302 -77.65136389962107 30.009999999999998
      vertex -37.04562477874701 -72.70613237377081 30.009999999999998
    endloop
  endfacet
  facet normal 0 0 1
    outer loop
      vertex -34.57261466144302 -77.65136389962107 30.009999999999998
      vertex -33.18971007498529 -74.54530934363622 30.009999999999998
      vertex -37.04562477874701 -72.70613237377081 30.009999999999998
    endloop
  endfacet
  facet normal -0.3826834323650891 -0.9238795325112871 0
    outer loop
      vertex -34.57261466144302 -77.65136389962107 28.4
      vertex -30.461275711350524 -79.35433625226214 30.009999999999998
      vertex -34.57261466144302 -77.65136389962107 30.009999999999998
    endloop
  endfacet
  facet normal 0 0 1
    outer loop
      vertex -34.57261466144302 -77.65136389962107 30.009999999999998
      vertex -30.461275711350524 -79.35433625226214 30.009999999999998
      vertex -33.18971007498529 -74.54530934363622 30.009999999999998
    endloop
  endfacet
  facet normal 0 0 -1
    outer loop
      vertex -42.5 -73.61215932167728 28.4
      vertex -40.80000000000002 -70.66767294881018 28.4
      vertex -37.04562477874701 -72.70613237377081 28.4
    endloop
  endfacet
  facet normal 0 0 -1
    outer loop
      vertex -38.589192477861474 -75.73555455601127 28.4
      vertex -42.5 -73.61215932167728 28.4
      vertex -37.04562477874701 -72.70613237377081 28.4
    endloop
  endfacet
  facet normal -0.4771587602596082 -0.8788171126619656 0
    outer loop
      vertex -38.589192477861474 -75.73555455601127 30.009999999999998
      vertex -42.5 -73.61215932167728 30.009999999999998
      vertex -42.5 -73.61215932167728 28.4
    endloop
  endfacet
  facet normal 0 0 1
    outer loop
      vertex -38.589192477861474 -75.73555455601127 30.009999999999998
      vertex -40.8 -70.66767294881018 30.009999999999998
      vertex -42.5 -73.61215932167728 30.009999999999998
    endloop
  endfacet
  facet normal 0 0 1
    outer loop
      vertex -38.589192477861474 -75.73555455601127 30.009999999999998
      vertex -37.04562477874701 -72.70613237377081 30.009999999999998
      vertex -40.8 -70.66767294881018 30.009999999999998
    endloop
  endfacet
  facet normal 0 0 -1
    outer loop
      vertex -38.589192477861474 -75.73555455601127 28.4
      vertex -37.04562477874701 -72.70613237377081 28.4
      vertex -33.18971007498531 -74.54530934363622 28.4
    endloop
  endfacet
  facet normal -0.3338068592337701 -0.9426414910921787 0
    outer loop
      vertex -30.461275711350524 -79.35433625226214 28.4
      vertex -26.26644452187053 -80.83980388508805 28.4
      vertex -26.26644452187053 -80.83980388508805 30.009999999999998
    endloop
  endfacet
  facet normal -0.3338068592337701 -0.9426414910921787 0
    outer loop
      vertex -30.461275711350524 -79.35433625226214 28.4
      vertex -26.26644452187053 -80.83980388508805 30.009999999999998
      vertex -30.461275711350524 -79.35433625226214 30.009999999999998
    endloop
  endfacet
  facet normal 0 0 -1
    outer loop
      vertex -34.57261466144302 -77.65136389962107 28.4
      vertex -29.242824682896526 -76.18016280217165 28.4
      vertex -30.461275711350524 -79.35433625226214 28.4
    endloop
  endfacet
  facet normal -0.3826834323650891 -0.9238795325112871 0
    outer loop
      vertex -34.57261466144302 -77.65136389962107 28.4
      vertex -30.461275711350524 -79.35433625226214 28.4
      vertex -30.461275711350524 -79.35433625226214 30.009999999999998
    endloop
  endfacet
  facet normal 0 0 -1
    outer loop
      vertex -30.461275711350524 -79.35433625226214 28.4
      vertex -29.242824682896526 -76.18016280217165 28.4
      vertex -25.21578674099572 -77.60621172968452 28.4
    endloop
  endfacet
  facet normal 0 0 -1
    outer loop
      vertex -30.461275711350524 -79.35433625226214 28.4
      vertex -25.21578674099572 -77.60621172968452 28.4
      vertex -26.26644452187053 -80.83980388508805 28.4
    endloop
  endfacet
  facet normal 0 0 1
    outer loop
      vertex -33.18971007498529 -74.54530934363622 30.009999999999998
      vertex -30.461275711350524 -79.35433625226214 30.009999999999998
      vertex -29.2428246828965 -76.18016280217165 30.009999999999998
    endloop
  endfacet
  facet normal 0 0 1
    outer loop
      vertex -30.461275711350524 -79.35433625226214 30.009999999999998
      vertex -26.26644452187053 -80.83980388508805 30.009999999999998
      vertex -29.2428246828965 -76.18016280217165 30.009999999999998
    endloop
  endfacet
  facet normal 0 0 1
    outer loop
      vertex -29.2428246828965 -76.18016280217165 30.009999999999998
      vertex -26.26644452187053 -80.83980388508805 30.009999999999998
      vertex -25.215786740995707 -77.60621172968452 30.009999999999998
    endloop
  endfacet
  facet normal 0 0 -1
    outer loop
      vertex -26.26644452187053 -80.83980388508805 28.4
      vertex -21.119634080365714 -78.81954742518798 28.4
      vertex -21.999618833714262 -82.10369523457081 28.4
    endloop
  endfacet
  facet normal -0.2840153447039249 -0.9588197348681924 0
    outer loop
      vertex -26.26644452187053 -80.83980388508805 28.4
      vertex -21.999618833714262 -82.10369523457081 28.4
      vertex -21.999618833714262 -82.10369523457081 30.009999999999998
    endloop
  endfacet
  facet normal -0.2840153447039249 -0.9588197348681924 0
    outer loop
      vertex -26.26644452187053 -80.83980388508805 28.4
      vertex -21.999618833714262 -82.10369523457081 30.009999999999998
      vertex -26.26644452187053 -80.83980388508805 30.009999999999998
    endloop
  endfacet
  facet normal 0 0 1
    outer loop
      vertex -26.26644452187053 -80.83980388508805 30.009999999999998
      vertex -21.999618833714262 -82.10369523457081 30.009999999999998
      vertex -25.215786740995707 -77.60621172968452 30.009999999999998
    endloop
  endfacet
  facet normal 0 0 -1
    outer loop
      vertex -26.26644452187053 -80.83980388508805 28.4
      vertex -25.21578674099572 -77.60621172968452 28.4
      vertex -21.119634080365714 -78.81954742518798 28.4
    endloop
  endfacet
  facet normal 0 0 1
    outer loop
      vertex -21.999618833714262 -82.10369523457081 30.009999999999998
      vertex -21.119634080365692 -78.81954742518796 30.009999999999998
      vertex -25.215786740995707 -77.60621172968452 30.009999999999998
    endloop
  endfacet
  facet normal -0.2334453638559058 -0.9723699203976766 0
    outer loop
      vertex -21.999618833714262 -82.10369523457081 28.4
      vertex -17.672493719509543 -83.14254606237348 28.4
      vertex -17.672493719509543 -83.14254606237348 30.009999999999998
    endloop
  endfacet
  facet normal 0 0 -1
    outer loop
      vertex -21.999618833714262 -82.10369523457081 28.4
      vertex -21.119634080365714 -78.81954742518798 28.4
      vertex -16.965593970729188 -79.81684421987855 28.4
    endloop
  endfacet
  facet normal 0 0 -1
    outer loop
      vertex -21.999618833714262 -82.10369523457081 28.4
      vertex -16.965593970729188 -79.81684421987855 28.4
      vertex -17.672493719509543 -83.14254606237348 28.4
    endloop
  endfacet
  facet normal -0.2334453638559058 -0.9723699203976766 0
    outer loop
      vertex -21.999618833714262 -82.10369523457081 28.4
      vertex -17.672493719509543 -83.14254606237348 30.009999999999998
      vertex -21.999618833714262 -82.10369523457081 30.009999999999998
    endloop
  endfacet
  facet normal 0 0 1
    outer loop
      vertex -21.999618833714262 -82.10369523457081 30.009999999999998
      vertex -17.672493719509543 -83.14254606237348 30.009999999999998
      vertex -21.119634080365692 -78.81954742518796 30.009999999999998
    endloop
  endfacet
  facet normal -0.18223552549214705 -0.9832549075639546 0
    outer loop
      vertex -17.672493719509543 -83.14254606237348 28.4
      vertex -13.296929528419623 -83.95350895058671 30.009999999999998
      vertex -17.672493719509543 -83.14254606237348 30.009999999999998
    endloop
  endfacet
  facet normal 0 0 1
    outer loop
      vertex -17.672493719509543 -83.14254606237348 30.009999999999998
      vertex -16.96559397072916 -79.81684421987853 30.009999999999998
      vertex -21.119634080365692 -78.81954742518796 30.009999999999998
    endloop
  endfacet
  facet normal 0 0 1
    outer loop
      vertex -17.672493719509543 -83.14254606237348 30.009999999999998
      vertex -13.296929528419623 -83.95350895058671 30.009999999999998
      vertex -16.96559397072916 -79.81684421987853 30.009999999999998
    endloop
  endfacet
  facet normal 0 0 -1
    outer loop
      vertex -17.672493719509543 -83.14254606237348 28.4
      vertex -12.76505234728284 -80.59536859256323 28.4
      vertex -13.296929528419623 -83.95350895058671 28.4
    endloop
  endfacet
  facet normal -0.18223552549214705 -0.9832549075639546 0
    outer loop
      vertex -17.672493719509543 -83.14254606237348 28.4
      vertex -13.296929528419623 -83.95350895058671 28.4
      vertex -13.296929528419623 -83.95350895058671 30.009999999999998
    endloop
  endfacet
  facet normal 0 0 -1
    outer loop
      vertex -17.672493719509543 -83.14254606237348 28.4
      vertex -16.965593970729188 -79.81684421987855 28.4
      vertex -12.76505234728284 -80.59536859256323 28.4
    endloop
  endfacet
  facet normal 0 0 -1
    outer loop
      vertex -13.296929528419623 -83.95350895058671 28.4
      vertex -12.76505234728284 -80.59536859256323 28.4
      vertex -8.529522602640537 -81.1529866620511 28.4
    endloop
  endfacet
  facet normal 0 0 1
    outer loop
      vertex -16.96559397072916 -79.81684421987853 30.009999999999998
      vertex -13.296929528419623 -83.95350895058671 30.009999999999998
      vertex -12.765052347282838 -80.59536859256323 30.009999999999998
    endloop
  endfacet
  facet normal -0.1305261922200487 -0.9914448613738107 0
    outer loop
      vertex -13.296929528419623 -83.95350895058671 28.4
      vertex -8.884919377750546 -84.53436110630322 30.009999999999998
      vertex -13.296929528419623 -83.95350895058671 30.009999999999998
    endloop
  endfacet
  facet normal 0 0 1
    outer loop
      vertex -13.296929528419623 -83.95350895058671 30.009999999999998
      vertex -8.884919377750546 -84.53436110630322 30.009999999999998
      vertex -12.765052347282838 -80.59536859256323 30.009999999999998
    endloop
  endfacet
  facet normal 0 0 -1
    outer loop
      vertex -13.296929528419623 -83.95350895058671 28.4
      vertex -8.529522602640537 -81.1529866620511 28.4
      vertex -8.884919377750546 -84.53436110630322 28.4
    endloop
  endfacet
  facet normal -0.1305261922200487 -0.9914448613738107 0
    outer loop
      vertex -13.296929528419623 -83.95350895058671 28.4
      vertex -8.884919377750546 -84.53436110630322 28.4
      vertex -8.884919377750546 -84.53436110630322 30.009999999999998
    endloop
  endfacet
  facet normal 0 0 -1
    outer loop
      vertex -8.884919377750546 -84.53436110630322 28.4
      vertex -8.529522602640537 -81.1529866620511 28.4
      vertex -4.270614029424238 -81.48817003597323 28.4
    endloop
  endfacet
  facet normal 0 0 -1
    outer loop
      vertex -8.884919377750546 -84.53436110630322 28.4
      vertex -4.270614029424238 -81.48817003597323 28.4
      vertex -4.448556280650226 -84.88351045413877 28.4
    endloop
  endfacet
  facet normal -0.07845909572784578 -0.996917333733128 0
    outer loop
      vertex -8.884919377750546 -84.53436110630322 28.4
      vertex -4.448556280650226 -84.88351045413877 28.4
      vertex -4.448556280650226 -84.88351045413877 30.009999999999998
    endloop
  endfacet
  facet normal 0 0 1
    outer loop
      vertex -12.765052347282838 -80.59536859256323 30.009999999999998
      vertex -8.884919377750546 -84.53436110630322 30.009999999999998
      vertex -8.529522602640522 -81.15298666205109 30.009999999999998
    endloop
  endfacet
  facet normal -0.07845909572784578 -0.996917333733128 0
    outer loop
      vertex -8.884919377750546 -84.53436110630322 28.4
      vertex -4.448556280650226 -84.88351045413877 30.009999999999998
      vertex -8.884919377750546 -84.53436110630322 30.009999999999998
    endloop
  endfacet
  facet normal 0 0 1
    outer loop
      vertex -8.884919377750546 -84.53436110630322 30.009999999999998
      vertex -4.448556280650226 -84.88351045413877 30.009999999999998
      vertex -8.529522602640522 -81.15298666205109 30.009999999999998
    endloop
  endfacet
  facet normal 0 0 1
    outer loop
      vertex -8.529522602640522 -81.15298666205109 30.009999999999998
      vertex -4.448556280650226 -84.88351045413877 30.009999999999998
      vertex -4.270614029424217 -81.48817003597321 30.009999999999998
    endloop
  endfacet
  facet normal 0 0 -1
    outer loop
      vertex -4.448556280650226 -84.88351045413877 28.4
      vertex -4.270614029424238 -81.48817003597323 28.4
      vertex -3.7972572968203464e-15 -81.6 28.4
    endloop
  endfacet
  facet normal 0 0 -1
    outer loop
      vertex -4.448556280650226 -84.88351045413877 28.4
      vertex -3.7972572968203464e-15 -81.6 28.4
      vertex 0 -85 28.4
    endloop
  endfacet
  facet normal -0.026176948307874752 -0.9996573249755573 0
    outer loop
      vertex -4.448556280650226 -84.88351045413877 28.4
      vertex 0 -85 28.4
      vertex 0 -85 30.009999999999998
    endloop
  endfacet
  facet normal -0.026176948307874752 -0.9996573249755573 0
    outer loop
      vertex -4.448556280650226 -84.88351045413877 28.4
      vertex 0 -85 30.009999999999998
      vertex -4.448556280650226 -84.88351045413877 30.009999999999998
    endloop
  endfacet
  facet normal 0 0 1
    outer loop
      vertex -4.448556280650226 -84.88351045413877 30.009999999999998
      vertex 0 -85 30.009999999999998
      vertex -4.270614029424217 -81.48817003597321 30.009999999999998
    endloop
  endfacet
  facet normal 0 0 1
    outer loop
      vertex -4.270614029424217 -81.48817003597321 30.009999999999998
      vertex 0 -85 30.009999999999998
      vertex 0 -81.6 30.009999999999998
    endloop
  endfacet
  facet normal 0 0 -1
    outer loop
      vertex -84.88351045413877 -4.448556280650226 28.4
      vertex -85 0 28.4
      vertex -84.88351045413877 4.448556280650226 28.4
    endloop
  endfacet
  facet normal 0 0 -1
    outer loop
      vertex -84.88351045413877 -4.448556280650226 28.4
      vertex -84.88351045413877 4.448556280650226 28.4
      vertex -84.53436110630322 8.884919377750546 28.4
    endloop
  endfacet
  facet normal 0 0 -1
    outer loop
      vertex -84.53436110630322 -8.884919377750546 28.4
      vertex -84.53436110630322 8.884919377750546 28.4
      vertex -83.95350895058671 13.296929528419623 28.4
    endloop
  endfacet
  facet normal -0.9996573249755573 0.026176948307874752 0
    outer loop
      vertex -85 0 28.4
      vertex -84.88351045413877 4.448556280650226 30.009999999999998
      vertex -84.88351045413877 4.448556280650226 28.4
    endloop
  endfacet
  facet normal 0 0 -1
    outer loop
      vertex -82.10369523457081 -21.999618833714262 28.4
      vertex -82.10369523457081 21.999618833714262 28.4
      vertex -81.6 5.913049694094868e-14 28.4
    endloop
  endfacet
  facet normal -0.9996573249755573 0.026176948307874752 0
    outer loop
      vertex -85 0 28.4
      vertex -85 0 30.009999999999998
      vertex -84.88351045413877 4.448556280650226 30.009999999999998
    endloop
  endfacet
  facet normal 0 0 1
    outer loop
      vertex -84.88351045413877 -4.448556280650226 30.009999999999998
      vertex -84.88351045413877 4.448556280650226 30.009999999999998
      vertex -85 0 30.009999999999998
    endloop
  endfacet
  facet normal 0 0 1
    outer loop
      vertex -84.53436110630322 -8.884919377750546 30.009999999999998
      vertex -84.53436110630322 8.884919377750546 30.009999999999998
      vertex -84.88351045413877 4.448556280650226 30.009999999999998
    endloop
  endfacet
  facet normal 0 0 1
    outer loop
      vertex -83.95350895058671 -13.296929528419623 30.009999999999998
      vertex -83.95350895058671 13.296929528419623 30.009999999999998
      vertex -84.53436110630322 8.884919377750546 30.009999999999998
    endloop
  endfacet
  facet normal 0 0 1
    outer loop
      vertex -83.14254606237348 -17.672493719509543 30.009999999999998
      vertex -83.14254606237348 17.672493719509543 30.009999999999998
      vertex -83.95350895058671 13.296929528419623 30.009999999999998
    endloop
  endfacet
  facet normal 0 0 1
    outer loop
      vertex -82.10369523457081 -21.999618833714262 30.009999999999998
      vertex -81.6 0 30.009999999999998
      vertex -82.10369523457081 21.999618833714262 30.009999999999998
    endloop
  endfacet
  facet normal 0 0 -1
    outer loop
      vertex -83.95350895058671 -13.296929528419623 28.4
      vertex -83.95350895058671 13.296929528419623 28.4
      vertex -83.14254606237348 17.672493719509543 28.4
    endloop
  endfacet
  facet normal 0 0 -1
    outer loop
      vertex -83.14254606237348 -17.672493719509543 28.4
      vertex -83.14254606237348 17.672493719509543 28.4
      vertex -82.10369523457081 21.999618833714262 28.4
    endloop
  endfacet
  facet normal -0.996917333733128 0.07845909572784578 0
    outer loop
      vertex -84.88351045413877 4.448556280650226 28.4
      vertex -84.53436110630322 8.884919377750546 30.009999999999998
      vertex -84.53436110630322 8.884919377750546 28.4
    endloop
  endfacet
  facet normal 0 0 -1
    outer loop
      vertex -81.6 5.913049694094868e-14 28.4
      vertex -82.10369523457081 21.999618833714262 28.4
      vertex -81.48817003597321 4.270614029424424 28.4
    endloop
  endfacet
  facet normal -0.996917333733128 0.07845909572784578 0
    outer loop
      vertex -84.88351045413877 4.448556280650226 28.4
      vertex -84.88351045413877 4.448556280650226 30.009999999999998
      vertex -84.53436110630322 8.884919377750546 30.009999999999998
    endloop
  endfacet
  facet normal 0 0 1
    outer loop
      vertex -82.10369523457081 -21.999618833714262 30.009999999999998
      vertex -82.10369523457081 21.999618833714262 30.009999999999998
      vertex -83.14254606237348 17.672493719509543 30.009999999999998
    endloop
  endfacet
  facet normal -0.9914448613738107 0.1305261922200487 0
    outer loop
      vertex -84.53436110630322 8.884919377750546 28.4
      vertex -84.53436110630322 8.884919377750546 30.009999999999998
      vertex -83.95350895058671 13.296929528419623 30.009999999999998
    endloop
  endfacet
  facet normal 0 0 1
    outer loop
      vertex -81.6 0 30.009999999999998
      vertex -81.48817003597321 4.270614029424217 30.009999999999998
      vertex -82.10369523457081 21.999618833714262 30.009999999999998
    endloop
  endfacet
  facet normal -0.9914448613738107 0.1305261922200487 0
    outer loop
      vertex -84.53436110630322 8.884919377750546 28.4
      vertex -83.95350895058671 13.296929528419623 30.009999999999998
      vertex -83.95350895058671 13.296929528419623 28.4
    endloop
  endfacet
  facet normal 0 0 -1
    outer loop
      vertex -81.48817003597321 4.270614029424424 28.4
      vertex -80.83980388508805 26.26644452187053 28.4
      vertex -81.15298666205109 8.529522602640574 28.4
    endloop
  endfacet
  facet normal 0 0 -1
    outer loop
      vertex -81.15298666205109 8.529522602640574 28.4
      vertex -80.83980388508805 26.26644452187053 28.4
      vertex -80.59536859256323 12.765052347282838 28.4
    endloop
  endfacet
  facet normal -0.9832549075639546 0.18223552549214705 0
    outer loop
      vertex -83.95350895058671 13.296929528419623 28.4
      vertex -83.95350895058671 13.296929528419623 30.009999999999998
      vertex -83.14254606237348 17.672493719509543 30.009999999999998
    endloop
  endfacet
  facet normal 0 0 1
    outer loop
      vertex -81.48817003597321 4.270614029424217 30.009999999999998
      vertex -81.15298666205109 8.529522602640522 30.009999999999998
      vertex -82.10369523457081 21.999618833714262 30.009999999999998
    endloop
  endfacet
  facet normal 0 0 1
    outer loop
      vertex -81.15298666205109 8.529522602640522 30.009999999999998
      vertex -80.59536859256323 12.765052347282838 30.009999999999998
      vertex -82.10369523457081 21.999618833714262 30.009999999999998
    endloop
  endfacet
  facet normal -0.9832549075639546 0.18223552549214705 0
    outer loop
      vertex -83.95350895058671 13.296929528419623 28.4
      vertex -83.14254606237348 17.672493719509543 30.009999999999998
      vertex -83.14254606237348 17.672493719509543 28.4
    endloop
  endfacet
  facet normal -0.9723699203976766 0.2334453638559058 0
    outer loop
      vertex -83.14254606237348 17.672493719509543 28.4
      vertex -82.10369523457081 21.999618833714262 30.009999999999998
      vertex -82.10369523457081 21.999618833714262 28.4
    endloop
  endfacet
  facet normal 0 0 -1
    outer loop
      vertex -81.48817003597321 4.270614029424424 28.4
      vertex -82.10369523457081 21.999618833714262 28.4
      vertex -80.83980388508805 26.26644452187053 28.4
    endloop
  endfacet
  facet normal 0 0 -1
    outer loop
      vertex -80.59536859256323 12.765052347282838 28.4
      vertex -80.83980388508805 26.26644452187053 28.4
      vertex -79.81684421987853 16.965593970729216 28.4
    endloop
  endfacet
  facet normal -0.9723699203976766 0.2334453638559058 0
    outer loop
      vertex -83.14254606237348 17.672493719509543 28.4
      vertex -83.14254606237348 17.672493719509543 30.009999999999998
      vertex -82.10369523457081 21.999618833714262 30.009999999999998
    endloop
  endfacet
  facet normal 0 0 1
    outer loop
      vertex -80.59536859256323 12.765052347282838 30.009999999999998
      vertex -80.83980388508805 26.26644452187053 30.009999999999998
      vertex -82.10369523457081 21.999618833714262 30.009999999999998
    endloop
  endfacet
  facet normal 0 0 1
    outer loop
      vertex -80.59536859256323 12.765052347282838 30.009999999999998
      vertex -79.81684421987853 16.96559397072916 30.009999999999998
      vertex -80.83980388508805 26.26644452187053 30.009999999999998
    endloop
  endfacet
  facet normal 0 0 -1
    outer loop
      vertex -79.81684421987853 16.965593970729216 28.4
      vertex -80.83980388508805 26.26644452187053 28.4
      vertex -79.35433625226214 30.461275711350524 28.4
    endloop
  endfacet
  facet normal -0.9588197348681924 0.2840153447039249 0
    outer loop
      vertex -82.10369523457081 21.999618833714262 28.4
      vertex -80.83980388508805 26.26644452187053 30.009999999999998
      vertex -80.83980388508805 26.26644452187053 28.4
    endloop
  endfacet
  facet normal -0.9588197348681924 0.2840153447039249 0
    outer loop
      vertex -82.10369523457081 21.999618833714262 28.4
      vertex -82.10369523457081 21.999618833714262 30.009999999999998
      vertex -80.83980388508805 26.26644452187053 30.009999999999998
    endloop
  endfacet
  facet normal 0 0 1
    outer loop
      vertex -79.81684421987853 16.96559397072916 30.009999999999998
      vertex -78.81954742518796 21.119634080365692 30.009999999999998
      vertex -80.83980388508805 26.26644452187053 30.009999999999998
    endloop
  endfacet
  facet normal -0.9426414910921787 0.3338068592337701 0
    outer loop
      vertex -80.83980388508805 26.26644452187053 28.4
      vertex -79.35433625226214 30.461275711350524 30.009999999999998
      vertex -79.35433625226214 30.461275711350524 28.4
    endloop
  endfacet
  facet normal -0.9426414910921787 0.3338068592337701 0
    outer loop
      vertex -80.83980388508805 26.26644452187053 28.4
      vertex -80.83980388508805 26.26644452187053 30.009999999999998
      vertex -79.35433625226214 30.461275711350524 30.009999999999998
    endloop
  endfacet
  facet normal 0 0 -1
    outer loop
      vertex -79.81684421987853 16.965593970729216 28.4
      vertex -79.35433625226214 30.461275711350524 28.4
      vertex -78.81954742518796 21.11963408036575 28.4
    endloop
  endfacet
  facet normal 0 0 1
    outer loop
      vertex -78.81954742518796 21.119634080365692 30.009999999999998
      vertex -79.35433625226214 30.461275711350524 30.009999999999998
      vertex -80.83980388508805 26.26644452187053 30.009999999999998
    endloop
  endfacet
  facet normal 0 0 1
    outer loop
      vertex -78.81954742518796 21.119634080365692 30.009999999999998
      vertex -77.60621172968452 25.215786740995707 30.009999999999998
      vertex -79.35433625226214 30.461275711350524 30.009999999999998
    endloop
  endfacet
  facet normal 0 0 -1
    outer loop
      vertex -78.81954742518796 21.11963408036575 28.4
      vertex -79.35433625226214 30.461275711350524 28.4
      vertex -77.65136389962107 34.57261466144302 28.4
    endloop
  endfacet
  facet normal 0 0 -1
    outer loop
      vertex -78.81954742518796 21.11963408036575 28.4
      vertex -77.65136389962107 34.57261466144302 28.4
      vertex -77.60621172968452 25.215786740995735 28.4
    endloop
  endfacet
  facet normal 0 0 -1
    outer loop
      vertex -77.60621172968452 25.215786740995735 28.4
      vertex -77.65136389962107 34.57261466144302 28.4
      vertex -76.18016280217165 29.24282468289654 28.4
    endloop
  endfacet
  facet normal -0.9238795325112871 0.3826834323650891 0
    outer loop
      vertex -79.35433625226214 30.461275711350524 28.4
      vertex -79.35433625226214 30.461275711350524 30.009999999999998
      vertex -77.65136389962107 34.57261466144302 30.009999999999998
    endloop
  endfacet
  facet normal 0 0 1
    outer loop
      vertex -77.60621172968452 25.215786740995707 30.009999999999998
      vertex -77.65136389962107 34.57261466144302 30.009999999999998
      vertex -79.35433625226214 30.461275711350524 30.009999999999998
    endloop
  endfacet
  facet normal 0 0 1
    outer loop
      vertex -77.60621172968452 25.215786740995707 30.009999999999998
      vertex -76.18016280217165 29.2428246828965 30.009999999999998
      vertex -77.65136389962107 34.57261466144302 30.009999999999998
    endloop
  endfacet
  facet normal -0.9238795325112871 0.3826834323650891 0
    outer loop
      vertex -79.35433625226214 30.461275711350524 28.4
      vertex -77.65136389962107 34.57261466144302 30.009999999999998
      vertex -77.65136389962107 34.57261466144302 28.4
    endloop
  endfacet
  facet normal 0 0 -1
    outer loop
      vertex -76.18016280217165 29.24282468289654 28.4
      vertex -77.65136389962107 34.57261466144302 28.4
      vertex -75.73555455601127 38.589192477861474 28.4
    endloop
  endfacet
  facet normal 0 0 -1
    outer loop
      vertex -76.18016280217165 29.24282468289654 28.4
      vertex -75.73555455601127 38.589192477861474 28.4
      vertex -74.54530934363622 33.18971007498533 28.4
    endloop
  endfacet
  facet normal 0 0 1
    outer loop
      vertex -76.18016280217165 29.2428246828965 30.009999999999998
      vertex -74.54530934363622 33.18971007498529 30.009999999999998
      vertex -77.65136389962107 34.57261466144302 30.009999999999998
    endloop
  endfacet
  facet normal -0.9025852843498603 0.4305110968082957 0
    outer loop
      vertex -77.65136389962107 34.57261466144302 28.4
      vertex -77.65136389962107 34.57261466144302 30.009999999999998
      vertex -75.73555455601127 38.589192477861474 30.009999999999998
    endloop
  endfacet
  facet normal 0 0 1
    outer loop
      vertex -77.65136389962107 34.57261466144302 30.009999999999998
      vertex -74.54530934363622 33.18971007498529 30.009999999999998
      vertex -75.73555455601127 38.589192477861474 30.009999999999998
    endloop
  endfacet
  facet normal 0 0 -1
    outer loop
      vertex -74.54530934363622 33.18971007498533 28.4
      vertex -75.73555455601127 38.589192477861474 28.4
      vertex -73.61215932167728 42.5 28.4
    endloop
  endfacet
  facet normal -0.9025852843498603 0.4305110968082957 0
    outer loop
      vertex -77.65136389962107 34.57261466144302 28.4
      vertex -75.73555455601127 38.589192477861474 30.009999999999998
      vertex -75.73555455601127 38.589192477861474 28.4
    endloop
  endfacet
  facet normal -0.8788171126619656 0.4771587602596082 0
    outer loop
      vertex -75.73555455601127 38.589192477861474 28.4
      vertex -75.73555455601127 38.589192477861474 30.009999999999998
      vertex -73.61215932167728 42.5 30.009999999999998
    endloop
  endfacet
  facet normal 0 0 1
    outer loop
      vertex -74.54530934363622 33.18971007498529 30.009999999999998
      vertex -72.70613237377081 37.04562477874701 30.009999999999998
      vertex -75.73555455601127 38.589192477861474 30.009999999999998
    endloop
  endfacet
  facet normal 0 0 -1
    outer loop
      vertex -74.54530934363622 33.18971007498533 28.4
      vertex -73.61215932167728 42.5 28.4
      vertex -72.70613237377081 37.04562477874702 28.4
    endloop
  endfacet
  facet normal 0 0 -1
    outer loop
      vertex -72.70613237377081 37.04562477874702 28.4
      vertex -73.61215932167728 42.5 28.4
      vertex -71.28699827536104 46.294317976277306 28.4
    endloop
  endfacet
  facet normal -0.8788171126619656 0.4771587602596082 0
    outer loop
      vertex -75.73555455601127 38.589192477861474 28.4
      vertex -73.61215932167728 42.5 30.009999999999998
      vertex -73.61215932167728 42.5 28.4
    endloop
  endfacet
  facet normal 0 0 -1
    outer loop
      vertex -72.70613237377081 37.04562477874702 28.4
      vertex -71.28699827536104 46.294317976277306 28.4
      vertex -70.66767294881018 40.80000000000003 28.4
    endloop
  endfacet
  facet normal 0 0 1
    outer loop
      vertex -75.73555455601127 38.589192477861474 30.009999999999998
      vertex -72.70613237377081 37.04562477874701 30.009999999999998
      vertex -73.61215932167728 42.5 30.009999999999998
    endloop
  endfacet
  facet normal 0 0 1
    outer loop
      vertex -72.70613237377081 37.04562477874701 30.009999999999998
      vertex -70.66767294881018 40.8 30.009999999999998
      vertex -73.61215932167728 42.5 30.009999999999998
    endloop
  endfacet
  facet normal -0.8526401643540928 0.522498564715948 0
    outer loop
      vertex -73.61215932167728 42.5 28.4
      vertex -71.28699827536104 46.294317976277306 30.009999999999998
      vertex -71.28699827536104 46.294317976277306 28.4
    endloop
  endfacet
  facet normal 1.20328146725967e-14 -2.4970271169719487e-15 -1
    outer loop
      vertex -70.66767294881018 40.80000000000003 28.4
      vertex -68.76644452187054 49.96174644486022 28.4
      vertex -68.43551834434658 44.44254525722624 28.400000000000016
    endloop
  endfacet
  facet normal 0 0 -1
    outer loop
      vertex -70.66767294881018 40.80000000000003 28.4
      vertex -71.28699827536104 46.294317976277306 28.4
      vertex -68.76644452187054 49.96174644486022 28.4
    endloop
  endfacet
  facet normal -0.8526401643540928 0.522498564715948 0
    outer loop
      vertex -73.61215932167728 42.5 28.4
      vertex -73.61215932167728 42.5 30.009999999999998
      vertex -71.28699827536104 46.294317976277306 30.009999999999998
    endloop
  endfacet
  facet normal 0 0 1
    outer loop
      vertex -70.66767294881018 40.8 30.009999999999998
      vertex -71.28699827536104 46.294317976277306 30.009999999999998
      vertex -73.61215932167728 42.5 30.009999999999998
    endloop
  endfacet
  facet normal 0 0 1
    outer loop
      vertex -70.66767294881018 40.8 30.009999999999998
      vertex -68.4355183443466 44.44254525722621 30.009999999999998
      vertex -71.28699827536104 46.294317976277306 30.009999999999998
    endloop
  endfacet
  facet normal -0.8241261886220164 0.5664062369248318 0
    outer loop
      vertex -71.28699827536104 46.294317976277306 28.4
      vertex -71.28699827536104 46.294317976277306 30.009999999999998
      vertex -68.76644452187054 49.96174644486022 30.009999999999998
    endloop
  endfacet
  facet normal 0 0 1
    outer loop
      vertex -71.28699827536104 46.294317976277306 30.009999999999998
      vertex -68.4355183443466 44.44254525722621 30.009999999999998
      vertex -68.76644452187054 49.96174644486022 30.009999999999998
    endloop
  endfacet
  facet normal -0.8241261886220164 0.5664062369248318 0
    outer loop
      vertex -71.28699827536104 46.294317976277306 28.4
      vertex -68.76644452187054 49.96174644486022 30.009999999999998
      vertex -68.76644452187054 49.96174644486022 28.4
    endloop
  endfacet
  facet normal 0 0 1
    outer loop
      vertex -68.4355183443466 44.44254525722621 30.009999999999998
      vertex -66.01578674099571 47.963276587065806 30.009999999999998
      vertex -68.76644452187054 49.96174644486022 30.009999999999998
    endloop
  endfacet
  facet normal 3.8904360514239556e-15 -2.98523657726391e-15 -1
    outer loop
      vertex -68.43551834434658 44.44254525722624 28.400000000000016
      vertex -68.76644452187054 49.96174644486022 28.4
      vertex -66.05740672384253 53.49223323923618 28.4
    endloop
  endfacet
  facet normal -7.26159702506404e-15 -5.4662671935596397e-17 -1
    outer loop
      vertex -68.43551834434658 44.44254525722624 28.400000000000016
      vertex -66.05740672384253 53.49223323923618 28.4
      vertex -66.01578674099571 47.96327658706582 28.4
    endloop
  endfacet
  facet normal -0.7933533402912346 0.6087614290087214 0
    outer loop
      vertex -68.76644452187054 49.96174644486022 28.4
      vertex -66.05740672384253 53.49223323923618 30.009999999999998
      vertex -66.05740672384253 53.49223323923618 28.4
    endloop
  endfacet
  facet normal 0 0 -1
    outer loop
      vertex -66.01578674099571 47.96327658706582 28.4
      vertex -66.05740672384253 53.49223323923618 28.4
      vertex -63.41511045488882 51.35254390966674 28.4
    endloop
  endfacet
  facet normal -0.7933533402912346 0.6087614290087214 0
    outer loop
      vertex -68.76644452187054 49.96174644486022 28.4
      vertex -68.76644452187054 49.96174644486022 30.009999999999998
      vertex -66.05740672384253 53.49223323923618 30.009999999999998
    endloop
  endfacet
  facet normal 0 0 1
    outer loop
      vertex -68.76644452187054 49.96174644486022 30.009999999999998
      vertex -66.01578674099571 47.963276587065806 30.009999999999998
      vertex -66.05740672384253 53.49223323923618 30.009999999999998
    endloop
  endfacet
  facet normal 0 0 1
    outer loop
      vertex -66.01578674099571 47.963276587065806 30.009999999999998
      vertex -63.41511045488882 51.35254390966673 30.009999999999998
      vertex -66.05740672384253 53.49223323923618 30.009999999999998
    endloop
  endfacet
  facet normal 0 0 -1
    outer loop
      vertex -66.05740672384253 53.49223323923618 28.4
      vertex -63.16731016557851 56.87610154050295 28.4
      vertex -63.41511045488882 51.35254390966674 28.4
    endloop
  endfacet
  facet normal -0.7604059656000313 0.6494480483301834 0
    outer loop
      vertex -66.05740672384253 53.49223323923618 28.4
      vertex -63.16731016557851 56.87610154050295 30.009999999999998
      vertex -63.16731016557851 56.87610154050295 28.4
    endloop
  endfacet
  facet normal -0.7604059656000313 0.6494480483301834 0
    outer loop
      vertex -66.05740672384253 53.49223323923618 28.4
      vertex -66.05740672384253 53.49223323923618 30.009999999999998
      vertex -63.16731016557851 56.87610154050295 30.009999999999998
    endloop
  endfacet
  facet normal 0 0 -1
    outer loop
      vertex -63.41511045488882 51.35254390966674 28.4
      vertex -63.16731016557851 56.87610154050295 28.4
      vertex -60.640617758955365 54.60105747888283 28.4
    endloop
  endfacet
  facet normal 0 0 -1
    outer loop
      vertex -63.16731016557851 56.87610154050295 28.4
      vertex -60.10407640085654 60.10407640085654 28.4
      vertex -60.640617758955365 54.60105747888283 28.4
    endloop
  endfacet
  facet normal 2.6929108146828736e-15 -2.6255734283950903e-16 -1
    outer loop
      vertex -60.640617758955365 54.60105747888283 28.4
      vertex -60.10407640085654 60.10407640085654 28.4
      vertex -57.699913344822264 57.69991334482229 28.400000000000006
    endloop
  endfacet
  facet normal 0 0 1
    outer loop
      vertex -66.05740672384253 53.49223323923618 30.009999999999998
      vertex -63.41511045488882 51.35254390966673 30.009999999999998
      vertex -60.640617758955365 54.60105747888283 30.009999999999998
    endloop
  endfacet
  facet normal 0 0 1
    outer loop
      vertex -66.05740672384253 53.49223323923618 30.009999999999998
      vertex -60.640617758955365 54.60105747888283 30.009999999999998
      vertex -63.16731016557851 56.87610154050295 30.009999999999998
    endloop
  endfacet
  facet normal -0.7253743710122874 0.6883545756937541 0
    outer loop
      vertex -63.16731016557851 56.87610154050295 28.4
      vertex -63.16731016557851 56.87610154050295 30.009999999999998
      vertex -60.10407640085654 60.10407640085654 30.009999999999998
    endloop
  endfacet
  facet normal 0 0 1
    outer loop
      vertex -63.16731016557851 56.87610154050295 30.009999999999998
      vertex -60.640617758955365 54.60105747888283 30.009999999999998
      vertex -57.69991334482228 57.69991334482228 30.009999999999998
    endloop
  endfacet
  facet normal 0 0 1
    outer loop
      vertex -63.16731016557851 56.87610154050295 30.009999999999998
      vertex -57.69991334482228 57.69991334482228 30.009999999999998
      vertex -60.10407640085654 60.10407640085654 30.009999999999998
    endloop
  endfacet
  facet normal -0.7253743710122874 0.6883545756937541 0
    outer loop
      vertex -63.16731016557851 56.87610154050295 28.4
      vertex -60.10407640085654 60.10407640085654 30.009999999999998
      vertex -60.10407640085654 60.10407640085654 28.4
    endloop
  endfacet
  facet normal -0.6883545756937541 0.7253743710122874 0
    outer loop
      vertex -60.10407640085654 60.10407640085654 28.4
      vertex -60.10407640085654 60.10407640085654 30.009999999999998
      vertex -56.87610154050295 63.16731016557851 28.4
    endloop
  endfacet
  facet normal 1.4390382500746437e-15 -1.5164299074477538e-15 -1
    outer loop
      vertex -60.10407640085654 60.10407640085654 28.4
      vertex -56.87610154050295 63.16731016557851 28.4
      vertex -57.699913344822264 57.69991334482229 28.400000000000006
    endloop
  endfacet
  facet normal -1.2364408343215785e-15 -1.1132963277581465e-15 -1
    outer loop
      vertex -57.699913344822264 57.69991334482229 28.400000000000006
      vertex -56.87610154050295 63.16731016557851 28.4
      vertex -54.60105747888283 60.64061775895537 28.4
    endloop
  endfacet
  facet normal 0 0 -1
    outer loop
      vertex -56.87610154050295 63.16731016557851 28.4
      vertex -53.49223323923618 66.05740672384253 28.4
      vertex -54.60105747888283 60.64061775895537 28.4
    endloop
  endfacet
  facet normal 0 0 -1
    outer loop
      vertex -54.60105747888283 60.64061775895537 28.4
      vertex -53.49223323923618 66.05740672384253 28.4
      vertex -51.35254390966673 63.41511045488884 28.4
    endloop
  endfacet
  facet normal 0 0 1
    outer loop
      vertex -60.10407640085654 60.10407640085654 30.009999999999998
      vertex -57.69991334482228 57.69991334482228 30.009999999999998
      vertex -54.60105747888283 60.640617758955365 30.009999999999998
    endloop
  endfacet
  facet normal -0.6883545756937541 0.7253743710122874 0
    outer loop
      vertex -60.10407640085654 60.10407640085654 30.009999999999998
      vertex -56.87610154050295 63.16731016557851 30.009999999999998
      vertex -56.87610154050295 63.16731016557851 28.4
    endloop
  endfacet
  facet normal 0 0 1
    outer loop
      vertex -60.10407640085654 60.10407640085654 30.009999999999998
      vertex -54.60105747888283 60.640617758955365 30.009999999999998
      vertex -56.87610154050295 63.16731016557851 30.009999999999998
    endloop
  endfacet
  facet normal 0 0 1
    outer loop
      vertex -56.87610154050295 63.16731016557851 30.009999999999998
      vertex -54.60105747888283 60.640617758955365 30.009999999999998
      vertex -51.35254390966673 63.41511045488882 30.009999999999998
    endloop
  endfacet
  facet normal -0.6494480483301834 0.7604059656000313 0
    outer loop
      vertex -56.87610154050295 63.16731016557851 28.4
      vertex -56.87610154050295 63.16731016557851 30.009999999999998
      vertex -53.49223323923618 66.05740672384253 28.4
    endloop
  endfacet
  facet normal -0.6494480483301834 0.7604059656000313 0
    outer loop
      vertex -56.87610154050295 63.16731016557851 30.009999999999998
      vertex -53.49223323923618 66.05740672384253 30.009999999999998
      vertex -53.49223323923618 66.05740672384253 28.4
    endloop
  endfacet
  facet normal 0 0 1
    outer loop
      vertex -56.87610154050295 63.16731016557851 30.009999999999998
      vertex -51.35254390966673 63.41511045488882 30.009999999999998
      vertex -53.49223323923618 66.05740672384253 30.009999999999998
    endloop
  endfacet
  facet normal 0 0 -1
    outer loop
      vertex -51.35254390966673 63.41511045488884 28.4
      vertex -53.49223323923618 66.05740672384253 28.4
      vertex -49.96174644486022 68.76644452187054 28.4
    endloop
  endfacet
  facet normal -0.6087614290087214 0.7933533402912346 0
    outer loop
      vertex -53.49223323923618 66.05740672384253 28.4
      vertex -53.49223323923618 66.05740672384253 30.009999999999998
      vertex -49.96174644486022 68.76644452187054 28.4
    endloop
  endfacet
  facet normal 0 0 -1
    outer loop
      vertex -51.35254390966673 63.41511045488884 28.4
      vertex -49.96174644486022 68.76644452187054 28.4
      vertex -47.963276587065806 66.01578674099571 28.4
    endloop
  endfacet
  facet normal 0 0 -1
    outer loop
      vertex -47.963276587065806 66.01578674099571 28.4
      vertex -49.96174644486022 68.76644452187054 28.4
      vertex -46.294317976277306 71.28699827536104 28.4
    endloop
  endfacet
  facet normal 0 0 1
    outer loop
      vertex -51.35254390966673 63.41511045488882 30.009999999999998
      vertex -47.963276587065806 66.01578674099571 30.009999999999998
      vertex -53.49223323923618 66.05740672384253 30.009999999999998
    endloop
  endfacet
  facet normal -0.6087614290087214 0.7933533402912346 0
    outer loop
      vertex -53.49223323923618 66.05740672384253 30.009999999999998
      vertex -49.96174644486022 68.76644452187054 30.009999999999998
      vertex -49.96174644486022 68.76644452187054 28.4
    endloop
  endfacet
  facet normal 0 0 1
    outer loop
      vertex -53.49223323923618 66.05740672384253 30.009999999999998
      vertex -47.963276587065806 66.01578674099571 30.009999999999998
      vertex -49.96174644486022 68.76644452187054 30.009999999999998
    endloop
  endfacet
  facet normal -0.5664062369248318 0.8241261886220164 0
    outer loop
      vertex -49.96174644486022 68.76644452187054 28.4
      vertex -49.96174644486022 68.76644452187054 30.009999999999998
      vertex -46.294317976277306 71.28699827536104 28.4
    endloop
  endfacet
  facet normal 1.2897377556428965e-15 -4.0835373782782844e-16 -1
    outer loop
      vertex -47.963276587065806 66.01578674099571 28.4
      vertex -46.294317976277306 71.28699827536104 28.4
      vertex -44.4425452572262 68.4355183443466 28.400000000000002
    endloop
  endfacet
  facet normal 0 0 1
    outer loop
      vertex -47.963276587065806 66.01578674099571 30.009999999999998
      vertex -44.44254525722621 68.4355183443466 30.009999999999998
      vertex -49.96174644486022 68.76644452187054 30.009999999999998
    endloop
  endfacet
  facet normal 5.461541528053017e-16 -8.912425756877283e-16 -1
    outer loop
      vertex -44.4425452572262 68.4355183443466 28.400000000000002
      vertex -46.294317976277306 71.28699827536104 28.4
      vertex -42.5 73.61215932167728 28.4
    endloop
  endfacet
  facet normal -7.204444787131722e-16 -4.159488137212343e-16 -1
    outer loop
      vertex -44.4425452572262 68.4355183443466 28.400000000000002
      vertex -42.5 73.61215932167728 28.4
      vertex -40.79999999999999 70.6676729488102 28.4
    endloop
  endfacet
  facet normal -0.522498564715948 0.8526401643540928 0
    outer loop
      vertex -46.294317976277306 71.28699827536104 28.4
      vertex -46.294317976277306 71.28699827536104 30.009999999999998
      vertex -42.5 73.61215932167728 28.4
    endloop
  endfacet
  facet normal -0.5664062369248318 0.8241261886220164 0
    outer loop
      vertex -49.96174644486022 68.76644452187054 30.009999999999998
      vertex -46.294317976277306 71.28699827536104 30.009999999999998
      vertex -46.294317976277306 71.28699827536104 28.4
    endloop
  endfacet
  facet normal 0 0 1
    outer loop
      vertex -49.96174644486022 68.76644452187054 30.009999999999998
      vertex -44.44254525722621 68.4355183443466 30.009999999999998
      vertex -46.294317976277306 71.28699827536104 30.009999999999998
    endloop
  endfacet
  facet normal 0 0 1
    outer loop
      vertex -44.44254525722621 68.4355183443466 30.009999999999998
      vertex -40.8 70.66767294881018 30.009999999999998
      vertex -46.294317976277306 71.28699827536104 30.009999999999998
    endloop
  endfacet
  facet normal -0.522498564715948 0.8526401643540928 0
    outer loop
      vertex -46.294317976277306 71.28699827536104 30.009999999999998
      vertex -42.5 73.61215932167728 30.009999999999998
      vertex -42.5 73.61215932167728 28.4
    endloop
  endfacet
  facet normal 0 0 1
    outer loop
      vertex -46.294317976277306 71.28699827536104 30.009999999999998
      vertex -40.8 70.66767294881018 30.009999999999998
      vertex -42.5 73.61215932167728 30.009999999999998
    endloop
  endfacet
  facet normal 0 0 -1
    outer loop
      vertex -40.79999999999999 70.6676729488102 28.4
      vertex -42.5 73.61215932167728 28.4
      vertex -38.589192477861474 75.73555455601127 28.4
    endloop
  endfacet
  facet normal -0.4771587602596082 0.8788171126619656 0
    outer loop
      vertex -42.5 73.61215932167728 28.4
      vertex -42.5 73.61215932167728 30.009999999999998
      vertex -38.589192477861474 75.73555455601127 28.4
    endloop
  endfacet
  facet normal 3.719963545755732e-15 -1.6227931168226208e-15 -1
    outer loop
      vertex -40.79999999999999 70.6676729488102 28.4
      vertex -38.589192477861474 75.73555455601127 28.4
      vertex -37.04562477874698 72.70613237377083 28.40000000000001
    endloop
  endfacet
  facet normal 0 0 1
    outer loop
      vertex -40.8 70.66767294881018 30.009999999999998
      vertex -37.04562477874701 72.70613237377081 30.009999999999998
      vertex -42.5 73.61215932167728 30.009999999999998
    endloop
  endfacet
  facet normal 0 0 1
    outer loop
      vertex -42.5 73.61215932167728 30.009999999999998
      vertex -37.04562477874701 72.70613237377081 30.009999999999998
      vertex -38.589192477861474 75.73555455601127 30.009999999999998
    endloop
  endfacet
  facet normal 0 0 1
    outer loop
      vertex -37.04562477874701 72.70613237377081 30.009999999999998
      vertex -33.18971007498529 74.54530934363622 30.009999999999998
      vertex -38.589192477861474 75.73555455601127 30.009999999999998
    endloop
  endfacet
  facet normal -0.4305110968082957 0.9025852843498603 0
    outer loop
      vertex -38.589192477861474 75.73555455601127 28.4
      vertex -38.589192477861474 75.73555455601127 30.009999999999998
      vertex -34.57261466144302 77.65136389962107 28.4
    endloop
  endfacet
  facet normal -0.4771587602596082 0.8788171126619656 0
    outer loop
      vertex -42.5 73.61215932167728 30.009999999999998
      vertex -38.589192477861474 75.73555455601127 30.009999999999998
      vertex -38.589192477861474 75.73555455601127 28.4
    endloop
  endfacet
  facet normal 1.3500061391275213e-15 -2.8303467297175398e-15 -1
    outer loop
      vertex -37.04562477874698 72.70613237377083 28.40000000000001
      vertex -38.589192477861474 75.73555455601127 28.4
      vertex -34.57261466144302 77.65136389962107 28.4
    endloop
  endfacet
  facet normal -2.2799288963211647e-15 -1.0150897451060244e-15 -1
    outer loop
      vertex -37.04562477874698 72.70613237377083 28.40000000000001
      vertex -34.57261466144302 77.65136389962107 28.4
      vertex -33.189710074985285 74.54530934363623 28.4
    endloop
  endfacet
  facet normal 0 0 -1
    outer loop
      vertex -34.57261466144302 77.65136389962107 28.4
      vertex -30.461275711350524 79.35433625226214 28.4
      vertex -33.189710074985285 74.54530934363623 28.4
    endloop
  endfacet
  facet normal -0.3826834323650891 0.9238795325112871 0
    outer loop
      vertex -34.57261466144302 77.65136389962107 28.4
      vertex -34.57261466144302 77.65136389962107 30.009999999999998
      vertex -30.461275711350524 79.35433625226214 28.4
    endloop
  endfacet
  facet normal -0.4305110968082957 0.9025852843498603 0
    outer loop
      vertex -38.589192477861474 75.73555455601127 30.009999999999998
      vertex -34.57261466144302 77.65136389962107 30.009999999999998
      vertex -34.57261466144302 77.65136389962107 28.4
    endloop
  endfacet
  facet normal 0 0 1
    outer loop
      vertex -38.589192477861474 75.73555455601127 30.009999999999998
      vertex -33.18971007498529 74.54530934363622 30.009999999999998
      vertex -34.57261466144302 77.65136389962107 30.009999999999998
    endloop
  endfacet
  facet normal 0 0 1
    outer loop
      vertex -34.57261466144302 77.65136389962107 30.009999999999998
      vertex -33.18971007498529 74.54530934363622 30.009999999999998
      vertex -29.2428246828965 76.18016280217165 30.009999999999998
    endloop
  endfacet
  facet normal 0 0 -1
    outer loop
      vertex -33.189710074985285 74.54530934363623 28.4
      vertex -30.461275711350524 79.35433625226214 28.4
      vertex -29.242824682896487 76.18016280217167 28.4
    endloop
  endfacet
  facet normal 0 0 -1
    outer loop
      vertex -29.242824682896487 76.18016280217167 28.4
      vertex -30.461275711350524 79.35433625226214 28.4
      vertex -26.26644452187053 80.83980388508805 28.4
    endloop
  endfacet
  facet normal 0 0 -1
    outer loop
      vertex -29.242824682896487 76.18016280217167 28.4
      vertex -26.26644452187053 80.83980388508805 28.4
      vertex -25.215786740995696 77.60621172968453 28.4
    endloop
  endfacet
  facet normal -0.3826834323650891 0.9238795325112871 0
    outer loop
      vertex -34.57261466144302 77.65136389962107 30.009999999999998
      vertex -30.461275711350524 79.35433625226214 30.009999999999998
      vertex -30.461275711350524 79.35433625226214 28.4
    endloop
  endfacet
  facet normal 0 0 1
    outer loop
      vertex -34.57261466144302 77.65136389962107 30.009999999999998
      vertex -29.2428246828965 76.18016280217165 30.009999999999998
      vertex -30.461275711350524 79.35433625226214 30.009999999999998
    endloop
  endfacet
  facet normal 0 0 1
    outer loop
      vertex -29.2428246828965 76.18016280217165 30.009999999999998
      vertex -25.215786740995707 77.60621172968452 30.009999999999998
      vertex -30.461275711350524 79.35433625226214 30.009999999999998
    endloop
  endfacet
  facet normal 0 0 1
    outer loop
      vertex -30.461275711350524 79.35433625226214 30.009999999999998
      vertex -25.215786740995707 77.60621172968452 30.009999999999998
      vertex -26.26644452187053 80.83980388508805 30.009999999999998
    endloop
  endfacet
  facet normal -0.3338068592337701 0.9426414910921787 0
    outer loop
      vertex -30.461275711350524 79.35433625226214 28.4
      vertex -30.461275711350524 79.35433625226214 30.009999999999998
      vertex -26.26644452187053 80.83980388508805 28.4
    endloop
  endfacet
  facet normal -0.3338068592337701 0.9426414910921787 0
    outer loop
      vertex -30.461275711350524 79.35433625226214 30.009999999999998
      vertex -26.26644452187053 80.83980388508805 30.009999999999998
      vertex -26.26644452187053 80.83980388508805 28.4
    endloop
  endfacet
  facet normal 0 0 -1
    outer loop
      vertex -25.215786740995696 77.60621172968453 28.4
      vertex -21.999618833714262 82.10369523457081 28.4
      vertex -21.119634080365675 78.81954742518798 28.4
    endloop
  endfacet
  facet normal 0 0 1
    outer loop
      vertex -25.215786740995707 77.60621172968452 30.009999999999998
      vertex -21.119634080365692 78.81954742518796 30.009999999999998
      vertex -26.26644452187053 80.83980388508805 30.009999999999998
    endloop
  endfacet
  facet normal 0 0 -1
    outer loop
      vertex -25.215786740995696 77.60621172968453 28.4
      vertex -26.26644452187053 80.83980388508805 28.4
      vertex -21.999618833714262 82.10369523457081 28.4
    endloop
  endfacet
  facet normal -0.2840153447039249 0.9588197348681924 0
    outer loop
      vertex -26.26644452187053 80.83980388508805 28.4
      vertex -26.26644452187053 80.83980388508805 30.009999999999998
      vertex -21.999618833714262 82.10369523457081 28.4
    endloop
  endfacet
  facet normal -0.2840153447039249 0.9588197348681924 0
    outer loop
      vertex -21.999618833714262 82.10369523457081 28.4
      vertex -26.26644452187053 80.83980388508805 30.009999999999998
      vertex -21.999618833714262 82.10369523457081 30.009999999999998
    endloop
  endfacet
  facet normal 0 0 1
    outer loop
      vertex -26.26644452187053 80.83980388508805 30.009999999999998
      vertex -21.119634080365692 78.81954742518796 30.009999999999998
      vertex -21.999618833714262 82.10369523457081 30.009999999999998
    endloop
  endfacet
  facet normal 0 0 -1
    outer loop
      vertex -21.999618833714262 82.10369523457081 28.4
      vertex -17.672493719509543 83.14254606237348 28.4
      vertex -21.119634080365675 78.81954742518798 28.4
    endloop
  endfacet
  facet normal -0.2334453638559058 0.9723699203976766 0
    outer loop
      vertex -21.999618833714262 82.10369523457081 28.4
      vertex -21.999618833714262 82.10369523457081 30.009999999999998
      vertex -17.672493719509543 83.14254606237348 28.4
    endloop
  endfacet
  facet normal 0 0 -1
    outer loop
      vertex -21.119634080365675 78.81954742518798 28.4
      vertex -17.672493719509543 83.14254606237348 28.4
      vertex -16.965593970729138 79.81684421987856 28.4
    endloop
  endfacet
  facet normal 0 0 -1
    outer loop
      vertex -16.965593970729138 79.81684421987856 28.4
      vertex -17.672493719509543 83.14254606237348 28.4
      vertex -13.296929528419623 83.95350895058671 28.4
    endloop
  endfacet
  facet normal -0.18223552549214705 0.9832549075639546 0
    outer loop
      vertex -17.672493719509543 83.14254606237348 28.4
      vertex -17.672493719509543 83.14254606237348 30.009999999999998
      vertex -13.296929528419623 83.95350895058671 28.4
    endloop
  endfacet
  facet normal 0 0 1
    outer loop
      vertex -21.999618833714262 82.10369523457081 30.009999999999998
      vertex -21.119634080365692 78.81954742518796 30.009999999999998
      vertex -16.96559397072916 79.81684421987853 30.009999999999998
    endloop
  endfacet
  facet normal 0 0 1
    outer loop
      vertex -21.999618833714262 82.10369523457081 30.009999999999998
      vertex -16.96559397072916 79.81684421987853 30.009999999999998
      vertex -17.672493719509543 83.14254606237348 30.009999999999998
    endloop
  endfacet
  facet normal -0.2334453638559058 0.9723699203976766 0
    outer loop
      vertex -21.999618833714262 82.10369523457081 30.009999999999998
      vertex -17.672493719509543 83.14254606237348 30.009999999999998
      vertex -17.672493719509543 83.14254606237348 28.4
    endloop
  endfacet
  facet normal 0 0 -1
    outer loop
      vertex -16.965593970729138 79.81684421987856 28.4
      vertex -13.296929528419623 83.95350895058671 28.4
      vertex -12.765052347282836 80.59536859256323 28.4
    endloop
  endfacet
  facet normal 0 0 -1
    outer loop
      vertex -13.296929528419623 83.95350895058671 28.4
      vertex -8.884919377750546 84.53436110630322 28.4
      vertex -12.765052347282836 80.59536859256323 28.4
    endloop
  endfacet
  facet normal -0.1305261922200487 0.9914448613738107 0
    outer loop
      vertex -13.296929528419623 83.95350895058671 28.4
      vertex -13.296929528419623 83.95350895058671 30.009999999999998
      vertex -8.884919377750546 84.53436110630322 28.4
    endloop
  endfacet
  facet normal 0 0 1
    outer loop
      vertex -16.96559397072916 79.81684421987853 30.009999999999998
      vertex -12.765052347282838 80.59536859256323 30.009999999999998
      vertex -17.672493719509543 83.14254606237348 30.009999999999998
    endloop
  endfacet
  facet normal -0.18223552549214705 0.9832549075639546 0
    outer loop
      vertex -17.672493719509543 83.14254606237348 30.009999999999998
      vertex -13.296929528419623 83.95350895058671 30.009999999999998
      vertex -13.296929528419623 83.95350895058671 28.4
    endloop
  endfacet
  facet normal 0 0 1
    outer loop
      vertex -17.672493719509543 83.14254606237348 30.009999999999998
      vertex -12.765052347282838 80.59536859256323 30.009999999999998
      vertex -13.296929528419623 83.95350895058671 30.009999999999998
    endloop
  endfacet
  facet normal 0 0 1
    outer loop
      vertex -13.296929528419623 83.95350895058671 30.009999999999998
      vertex -12.765052347282838 80.59536859256323 30.009999999999998
      vertex -8.529522602640522 81.15298666205109 30.009999999999998
    endloop
  endfacet
  facet normal 0 0 -1
    outer loop
      vertex -12.765052347282836 80.59536859256323 28.4
      vertex -8.884919377750546 84.53436110630322 28.4
      vertex -8.52952260264051 81.1529866620511 28.4
    endloop
  endfacet
  facet normal 0 0 -1
    outer loop
      vertex -8.52952260264051 81.1529866620511 28.4
      vertex -8.884919377750546 84.53436110630322 28.4
      vertex -4.448556280650226 84.88351045413877 28.4
    endloop
  endfacet
  facet normal 0 0 -1
    outer loop
      vertex -8.52952260264051 81.1529866620511 28.4
      vertex -4.448556280650226 84.88351045413877 28.4
      vertex -4.270614029424197 81.48817003597323 28.4
    endloop
  endfacet
  facet normal -0.07845909572784578 0.996917333733128 0
    outer loop
      vertex -8.884919377750546 84.53436110630322 28.4
      vertex -8.884919377750546 84.53436110630322 30.009999999999998
      vertex -4.448556280650226 84.88351045413877 28.4
    endloop
  endfacet
  facet normal -0.1305261922200487 0.9914448613738107 0
    outer loop
      vertex -13.296929528419623 83.95350895058671 30.009999999999998
      vertex -8.884919377750546 84.53436110630322 30.009999999999998
      vertex -8.884919377750546 84.53436110630322 28.4
    endloop
  endfacet
  facet normal 0 0 1
    outer loop
      vertex -13.296929528419623 83.95350895058671 30.009999999999998
      vertex -8.529522602640522 81.15298666205109 30.009999999999998
      vertex -8.884919377750546 84.53436110630322 30.009999999999998
    endloop
  endfacet
  facet normal -0.07845909572784578 0.996917333733128 0
    outer loop
      vertex -8.884919377750546 84.53436110630322 30.009999999999998
      vertex -4.448556280650226 84.88351045413877 30.009999999999998
      vertex -4.448556280650226 84.88351045413877 28.4
    endloop
  endfacet
  facet normal 0 0 1
    outer loop
      vertex -8.529522602640522 81.15298666205109 30.009999999999998
      vertex -4.270614029424217 81.48817003597321 30.009999999999998
      vertex -8.884919377750546 84.53436110630322 30.009999999999998
    endloop
  endfacet
  facet normal 0 0 1
    outer loop
      vertex -8.884919377750546 84.53436110630322 30.009999999999998
      vertex -4.270614029424217 81.48817003597321 30.009999999999998
      vertex -4.448556280650226 84.88351045413877 30.009999999999998
    endloop
  endfacet
  facet normal 0 0 -1
    outer loop
      vertex -4.270614029424197 81.48817003597323 28.4
      vertex -4.448556280650226 84.88351045413877 28.4
      vertex 0 85 28.4
    endloop
  endfacet
  facet normal -0.026176948307874752 0.9996573249755573 0
    outer loop
      vertex -4.448556280650226 84.88351045413877 28.4
      vertex -4.448556280650226 84.88351045413877 30.009999999999998
      vertex 0 85 28.4
    endloop
  endfacet
  facet normal 0 0 -1
    outer loop
      vertex -4.270614029424197 81.48817003597323 28.4
      vertex 0 85 28.4
      vertex 3.7972572968203464e-15 81.6 28.4
    endloop
  endfacet
  facet normal 0 0 1
    outer loop
      vertex -4.270614029424217 81.48817003597321 30.009999999999998
      vertex 0 81.6 30.009999999999998
      vertex -4.448556280650226 84.88351045413877 30.009999999999998
    endloop
  endfacet
  facet normal -0.026176948307874752 0.9996573249755573 0
    outer loop
      vertex -4.448556280650226 84.88351045413877 30.009999999999998
      vertex 0 85 30.009999999999998
      vertex 0 85 28.4
    endloop
  endfacet
  facet normal 0 0 1
    outer loop
      vertex -4.448556280650226 84.88351045413877 30.009999999999998
      vertex 0 81.6 30.009999999999998
      vertex 0 85 30.009999999999998
    endloop
  endfacet
  facet normal 0 0 -1
    outer loop
      vertex 0 -85 28.4
      vertex -3.7972572968203464e-15 -81.6 28.4
      vertex 4.270614029424197 -81.48817003597323 28.4
    endloop
  endfacet
  facet normal 0 0 -1
    outer loop
      vertex 0 -85 28.4
      vertex 4.270614029424197 -81.48817003597323 28.4
      vertex 4.448556280650226 -84.88351045413877 28.4
    endloop
  endfacet
  facet normal 0.026176948307874752 -0.9996573249755573 0
    outer loop
      vertex 0 -85 28.4
      vertex 4.448556280650226 -84.88351045413877 28.4
      vertex 4.448556280650226 -84.88351045413877 30.009999999999998
    endloop
  endfacet
  facet normal 0.026176948307874752 -0.9996573249755573 0
    outer loop
      vertex 0 -85 28.4
      vertex 4.448556280650226 -84.88351045413877 30.009999999999998
      vertex 0 -85 30.009999999999998
    endloop
  endfacet
  facet normal 0 0 1
    outer loop
      vertex 0 -85 30.009999999999998
      vertex 4.448556280650226 -84.88351045413877 30.009999999999998
      vertex 0 -81.6 30.009999999999998
    endloop
  endfacet
  facet normal 0 0 1
    outer loop
      vertex 0 -81.6 30.009999999999998
      vertex 4.448556280650226 -84.88351045413877 30.009999999999998
      vertex 4.270614029424217 -81.48817003597321 30.009999999999998
    endloop
  endfacet
  facet normal 0 0 -1
    outer loop
      vertex 4.448556280650226 -84.88351045413877 28.4
      vertex 4.270614029424197 -81.48817003597323 28.4
      vertex 8.52952260264051 -81.1529866620511 28.4
    endloop
  endfacet
  facet normal 0 0 -1
    outer loop
      vertex 4.448556280650226 -84.88351045413877 28.4
      vertex 8.52952260264051 -81.1529866620511 28.4
      vertex 8.884919377750546 -84.53436110630322 28.4
    endloop
  endfacet
  facet normal 0.07845909572784578 -0.996917333733128 0
    outer loop
      vertex 4.448556280650226 -84.88351045413877 28.4
      vertex 8.884919377750546 -84.53436110630322 28.4
      vertex 8.884919377750546 -84.53436110630322 30.009999999999998
    endloop
  endfacet
  facet normal 0 0 -1
    outer loop
      vertex 8.884919377750546 -84.53436110630322 28.4
      vertex 8.52952260264051 -81.1529866620511 28.4
      vertex 12.765052347282836 -80.59536859256323 28.4
    endloop
  endfacet
  facet normal 0.07845909572784578 -0.996917333733128 0
    outer loop
      vertex 4.448556280650226 -84.88351045413877 28.4
      vertex 8.884919377750546 -84.53436110630322 30.009999999999998
      vertex 4.448556280650226 -84.88351045413877 30.009999999999998
    endloop
  endfacet
  facet normal 0 0 1
    outer loop
      vertex 4.448556280650226 -84.88351045413877 30.009999999999998
      vertex 8.884919377750546 -84.53436110630322 30.009999999999998
      vertex 4.270614029424217 -81.48817003597321 30.009999999999998
    endloop
  endfacet
  facet normal 0 0 1
    outer loop
      vertex 4.270614029424217 -81.48817003597321 30.009999999999998
      vertex 8.884919377750546 -84.53436110630322 30.009999999999998
      vertex 8.529522602640522 -81.15298666205109 30.009999999999998
    endloop
  endfacet
  facet normal 0.1305261922200487 -0.9914448613738107 0
    outer loop
      vertex 8.884919377750546 -84.53436110630322 28.4
      vertex 13.296929528419623 -83.95350895058671 30.009999999999998
      vertex 8.884919377750546 -84.53436110630322 30.009999999999998
    endloop
  endfacet
  facet normal 0 0 1
    outer loop
      vertex 8.884919377750546 -84.53436110630322 30.009999999999998
      vertex 13.296929528419623 -83.95350895058671 30.009999999999998
      vertex 8.529522602640522 -81.15298666205109 30.009999999999998
    endloop
  endfacet
  facet normal 0 0 -1
    outer loop
      vertex 8.884919377750546 -84.53436110630322 28.4
      vertex 12.765052347282836 -80.59536859256323 28.4
      vertex 13.296929528419623 -83.95350895058671 28.4
    endloop
  endfacet
  facet normal 0.1305261922200487 -0.9914448613738107 0
    outer loop
      vertex 8.884919377750546 -84.53436110630322 28.4
      vertex 13.296929528419623 -83.95350895058671 28.4
      vertex 13.296929528419623 -83.95350895058671 30.009999999999998
    endloop
  endfacet
  facet normal 0 0 -1
    outer loop
      vertex 12.765052347282836 -80.59536859256323 28.4
      vertex 16.965593970729138 -79.81684421987856 28.4
      vertex 13.296929528419623 -83.95350895058671 28.4
    endloop
  endfacet
  facet normal 0 0 1
    outer loop
      vertex 8.529522602640522 -81.15298666205109 30.009999999999998
      vertex 13.296929528419623 -83.95350895058671 30.009999999999998
      vertex 12.765052347282838 -80.59536859256323 30.009999999999998
    endloop
  endfacet
  facet normal 0.18223552549214705 -0.9832549075639546 0
    outer loop
      vertex 13.296929528419623 -83.95350895058671 28.4
      vertex 17.672493719509543 -83.14254606237348 30.009999999999998
      vertex 13.296929528419623 -83.95350895058671 30.009999999999998
    endloop
  endfacet
  facet normal 0 0 1
    outer loop
      vertex 12.765052347282838 -80.59536859256323 30.009999999999998
      vertex 13.296929528419623 -83.95350895058671 30.009999999999998
      vertex 17.672493719509543 -83.14254606237348 30.009999999999998
    endloop
  endfacet
  facet normal 0 0 1
    outer loop
      vertex 12.765052347282838 -80.59536859256323 30.009999999999998
      vertex 17.672493719509543 -83.14254606237348 30.009999999999998
      vertex 16.96559397072916 -79.81684421987853 30.009999999999998
    endloop
  endfacet
  facet normal 0.18223552549214705 -0.9832549075639546 0
    outer loop
      vertex 13.296929528419623 -83.95350895058671 28.4
      vertex 17.672493719509543 -83.14254606237348 28.4
      vertex 17.672493719509543 -83.14254606237348 30.009999999999998
    endloop
  endfacet
  facet normal 0 0 -1
    outer loop
      vertex 13.296929528419623 -83.95350895058671 28.4
      vertex 16.965593970729138 -79.81684421987856 28.4
      vertex 17.672493719509543 -83.14254606237348 28.4
    endloop
  endfacet
  facet normal 0 0 -1
    outer loop
      vertex 17.672493719509543 -83.14254606237348 28.4
      vertex 16.965593970729138 -79.81684421987856 28.4
      vertex 21.119634080365675 -78.81954742518798 28.4
    endloop
  endfacet
  facet normal 0.2334453638559058 -0.9723699203976766 0
    outer loop
      vertex 17.672493719509543 -83.14254606237348 28.4
      vertex 21.999618833714262 -82.10369523457081 28.4
      vertex 21.999618833714262 -82.10369523457081 30.009999999999998
    endloop
  endfacet
  facet normal 0 0 -1
    outer loop
      vertex 17.672493719509543 -83.14254606237348 28.4
      vertex 21.119634080365675 -78.81954742518798 28.4
      vertex 21.999618833714262 -82.10369523457081 28.4
    endloop
  endfacet
  facet normal 0.2334453638559058 -0.9723699203976766 0
    outer loop
      vertex 17.672493719509543 -83.14254606237348 28.4
      vertex 21.999618833714262 -82.10369523457081 30.009999999999998
      vertex 17.672493719509543 -83.14254606237348 30.009999999999998
    endloop
  endfacet
  facet normal 0 0 1
    outer loop
      vertex 17.672493719509543 -83.14254606237348 30.009999999999998
      vertex 21.999618833714262 -82.10369523457081 30.009999999999998
      vertex 16.96559397072916 -79.81684421987853 30.009999999999998
    endloop
  endfacet
  facet normal 0 0 1
    outer loop
      vertex 16.96559397072916 -79.81684421987853 30.009999999999998
      vertex 21.999618833714262 -82.10369523457081 30.009999999999998
      vertex 21.119634080365692 -78.81954742518796 30.009999999999998
    endloop
  endfacet
  facet normal 0 0 -1
    outer loop
      vertex 21.999618833714262 -82.10369523457081 28.4
      vertex 25.215786740995696 -77.60621172968453 28.4
      vertex 26.26644452187053 -80.83980388508805 28.4
    endloop
  endfacet
  facet normal 0.2840153447039249 -0.9588197348681924 0
    outer loop
      vertex 21.999618833714262 -82.10369523457081 28.4
      vertex 26.26644452187053 -80.83980388508805 28.4
      vertex 26.26644452187053 -80.83980388508805 30.009999999999998
    endloop
  endfacet
  facet normal 0.2840153447039249 -0.9588197348681924 0
    outer loop
      vertex 21.999618833714262 -82.10369523457081 28.4
      vertex 26.26644452187053 -80.83980388508805 30.009999999999998
      vertex 21.999618833714262 -82.10369523457081 30.009999999999998
    endloop
  endfacet
  facet normal 0 0 1
    outer loop
      vertex 21.119634080365692 -78.81954742518796 30.009999999999998
      vertex 21.999618833714262 -82.10369523457081 30.009999999999998
      vertex 26.26644452187053 -80.83980388508805 30.009999999999998
    endloop
  endfacet
  facet normal 0 0 -1
    outer loop
      vertex 21.119634080365675 -78.81954742518798 28.4
      vertex 25.215786740995696 -77.60621172968453 28.4
      vertex 21.999618833714262 -82.10369523457081 28.4
    endloop
  endfacet
  facet normal 0 0 1
    outer loop
      vertex 21.119634080365692 -78.81954742518796 30.009999999999998
      vertex 26.26644452187053 -80.83980388508805 30.009999999999998
      vertex 25.215786740995707 -77.60621172968452 30.009999999999998
    endloop
  endfacet
  facet normal 0.3338068592337701 -0.9426414910921787 0
    outer loop
      vertex 26.26644452187053 -80.83980388508805 28.4
      vertex 30.461275711350524 -79.35433625226214 28.4
      vertex 30.461275711350524 -79.35433625226214 30.009999999999998
    endloop
  endfacet
  facet normal 0.3338068592337701 -0.9426414910921787 0
    outer loop
      vertex 26.26644452187053 -80.83980388508805 28.4
      vertex 30.461275711350524 -79.35433625226214 30.009999999999998
      vertex 26.26644452187053 -80.83980388508805 30.009999999999998
    endloop
  endfacet
  facet normal 0 0 -1
    outer loop
      vertex 26.26644452187053 -80.83980388508805 28.4
      vertex 25.215786740995696 -77.60621172968453 28.4
      vertex 29.242824682896487 -76.18016280217167 28.4
    endloop
  endfacet
  facet normal 0 0 -1
    outer loop
      vertex 26.26644452187053 -80.83980388508805 28.4
      vertex 29.242824682896487 -76.18016280217167 28.4
      vertex 30.461275711350524 -79.35433625226214 28.4
    endloop
  endfacet
  facet normal 0 0 -1
    outer loop
      vertex 30.461275711350524 -79.35433625226214 28.4
      vertex 29.242824682896487 -76.18016280217167 28.4
      vertex 33.189710074985285 -74.54530934363623 28.4
    endloop
  endfacet
  facet normal 0 0 1
    outer loop
      vertex 26.26644452187053 -80.83980388508805 30.009999999999998
      vertex 30.461275711350524 -79.35433625226214 30.009999999999998
      vertex 25.215786740995707 -77.60621172968452 30.009999999999998
    endloop
  endfacet
  facet normal 0 0 1
    outer loop
      vertex 25.215786740995707 -77.60621172968452 30.009999999999998
      vertex 30.461275711350524 -79.35433625226214 30.009999999999998
      vertex 29.2428246828965 -76.18016280217165 30.009999999999998
    endloop
  endfacet
  facet normal 0.3826834323650891 -0.9238795325112871 0
    outer loop
      vertex 30.461275711350524 -79.35433625226214 28.4
      vertex 34.57261466144302 -77.65136389962107 30.009999999999998
      vertex 30.461275711350524 -79.35433625226214 30.009999999999998
    endloop
  endfacet
  facet normal 0 0 1
    outer loop
      vertex 30.461275711350524 -79.35433625226214 30.009999999999998
      vertex 34.57261466144302 -77.65136389962107 30.009999999999998
      vertex 29.2428246828965 -76.18016280217165 30.009999999999998
    endloop
  endfacet
  facet normal 0 0 -1
    outer loop
      vertex 30.461275711350524 -79.35433625226214 28.4
      vertex 33.189710074985285 -74.54530934363623 28.4
      vertex 34.57261466144302 -77.65136389962107 28.4
    endloop
  endfacet
  facet normal 0.3826834323650891 -0.9238795325112871 0
    outer loop
      vertex 30.461275711350524 -79.35433625226214 28.4
      vertex 34.57261466144302 -77.65136389962107 28.4
      vertex 34.57261466144302 -77.65136389962107 30.009999999999998
    endloop
  endfacet
  facet normal 0 0 -1
    outer loop
      vertex 33.189710074985285 -74.54530934363623 28.4
      vertex 37.04562477874701 -72.70613237377081 28.4
      vertex 34.57261466144302 -77.65136389962107 28.4
    endloop
  endfacet
  facet normal 0 0 -1
    outer loop
      vertex 34.57261466144302 -77.65136389962107 28.4
      vertex 37.04562477874701 -72.70613237377081 28.4
      vertex 38.589192477861474 -75.73555455601127 28.4
    endloop
  endfacet
  facet normal 0 0 1
    outer loop
      vertex 29.2428246828965 -76.18016280217165 30.009999999999998
      vertex 34.57261466144302 -77.65136389962107 30.009999999999998
      vertex 33.18971007498529 -74.54530934363622 30.009999999999998
    endloop
  endfacet
  facet normal 0.4305110968082957 -0.9025852843498603 0
    outer loop
      vertex 34.57261466144302 -77.65136389962107 28.4
      vertex 38.589192477861474 -75.73555455601127 30.009999999999998
      vertex 34.57261466144302 -77.65136389962107 30.009999999999998
    endloop
  endfacet
  facet normal 0 0 1
    outer loop
      vertex 33.18971007498529 -74.54530934363622 30.009999999999998
      vertex 34.57261466144302 -77.65136389962107 30.009999999999998
      vertex 38.589192477861474 -75.73555455601127 30.009999999999998
    endloop
  endfacet
  facet normal 0.4305110968082957 -0.9025852843498603 0
    outer loop
      vertex 34.57261466144302 -77.65136389962107 28.4
      vertex 38.589192477861474 -75.73555455601127 28.4
      vertex 38.589192477861474 -75.73555455601127 30.009999999999998
    endloop
  endfacet
  facet normal 0.4771587602596082 -0.8788171126619656 0
    outer loop
      vertex 38.589192477861474 -75.73555455601127 28.4
      vertex 42.5 -73.61215932167728 30.009999999999998
      vertex 38.589192477861474 -75.73555455601127 30.009999999999998
    endloop
  endfacet
  facet normal 0 0 1
    outer loop
      vertex 33.18971007498529 -74.54530934363622 30.009999999999998
      vertex 38.589192477861474 -75.73555455601127 30.009999999999998
      vertex 37.04562477874701 -72.70613237377081 30.009999999999998
    endloop
  endfacet
  facet normal 0 0 -1
    outer loop
      vertex 38.589192477861474 -75.73555455601127 28.4
      vertex 37.04562477874701 -72.70613237377081 28.4
      vertex 40.79999999999999 -70.6676729488102 28.4
    endloop
  endfacet
  facet normal 0 0 -1
    outer loop
      vertex 38.589192477861474 -75.73555455601127 28.4
      vertex 40.79999999999999 -70.6676729488102 28.4
      vertex 42.5 -73.61215932167728 28.4
    endloop
  endfacet
  facet normal 0.4771587602596082 -0.8788171126619656 0
    outer loop
      vertex 38.589192477861474 -75.73555455601127 28.4
      vertex 42.5 -73.61215932167728 28.4
      vertex 42.5 -73.61215932167728 30.009999999999998
    endloop
  endfacet
  facet normal 0 0 1
    outer loop
      vertex 38.589192477861474 -75.73555455601127 30.009999999999998
      vertex 42.5 -73.61215932167728 30.009999999999998
      vertex 37.04562477874701 -72.70613237377081 30.009999999999998
    endloop
  endfacet
  facet normal 0 0 1
    outer loop
      vertex 37.04562477874701 -72.70613237377081 30.009999999999998
      vertex 42.5 -73.61215932167728 30.009999999999998
      vertex 40.8 -70.66767294881018 30.009999999999998
    endloop
  endfacet
  facet normal 0.522498564715948 -0.8526401643540928 0
    outer loop
      vertex 42.5 -73.61215932167728 28.4
      vertex 46.294317976277306 -71.28699827536104 28.4
      vertex 46.294317976277306 -71.28699827536104 30.009999999999998
    endloop
  endfacet
  facet normal 0 0 -1
    outer loop
      vertex 40.79999999999999 -70.6676729488102 28.4
      vertex 44.44254525722621 -68.4355183443466 28.4
      vertex 42.5 -73.61215932167728 28.4
    endloop
  endfacet
  facet normal 0 0 -1
    outer loop
      vertex 42.5 -73.61215932167728 28.4
      vertex 44.44254525722621 -68.4355183443466 28.4
      vertex 46.294317976277306 -71.28699827536104 28.4
    endloop
  endfacet
  facet normal 0.522498564715948 -0.8526401643540928 0
    outer loop
      vertex 42.5 -73.61215932167728 28.4
      vertex 46.294317976277306 -71.28699827536104 30.009999999999998
      vertex 42.5 -73.61215932167728 30.009999999999998
    endloop
  endfacet
  facet normal 0 0 1
    outer loop
      vertex 40.8 -70.66767294881018 30.009999999999998
      vertex 42.5 -73.61215932167728 30.009999999999998
      vertex 46.294317976277306 -71.28699827536104 30.009999999999998
    endloop
  endfacet
  facet normal 0 0 1
    outer loop
      vertex 40.8 -70.66767294881018 30.009999999999998
      vertex 46.294317976277306 -71.28699827536104 30.009999999999998
      vertex 44.44254525722621 -68.4355183443466 30.009999999999998
    endloop
  endfacet
  facet normal 0.5664062369248318 -0.8241261886220164 0
    outer loop
      vertex 46.294317976277306 -71.28699827536104 28.4
      vertex 49.96174644486022 -68.76644452187054 30.009999999999998
      vertex 46.294317976277306 -71.28699827536104 30.009999999999998
    endloop
  endfacet
  facet normal 0 0 1
    outer loop
      vertex 46.294317976277306 -71.28699827536104 30.009999999999998
      vertex 49.96174644486022 -68.76644452187054 30.009999999999998
      vertex 44.44254525722621 -68.4355183443466 30.009999999999998
    endloop
  endfacet
  facet normal 0 0 -1
    outer loop
      vertex 46.294317976277306 -71.28699827536104 28.4
      vertex 44.44254525722621 -68.4355183443466 28.4
      vertex 47.963276587065806 -66.01578674099571 28.4
    endloop
  endfacet
  facet normal 0 0 1
    outer loop
      vertex 44.44254525722621 -68.4355183443466 30.009999999999998
      vertex 49.96174644486022 -68.76644452187054 30.009999999999998
      vertex 47.963276587065806 -66.01578674099571 30.009999999999998
    endloop
  endfacet
  facet normal 0.5664062369248318 -0.8241261886220164 0
    outer loop
      vertex 46.294317976277306 -71.28699827536104 28.4
      vertex 49.96174644486022 -68.76644452187054 28.4
      vertex 49.96174644486022 -68.76644452187054 30.009999999999998
    endloop
  endfacet
  facet normal 0 0 -1
    outer loop
      vertex 46.294317976277306 -71.28699827536104 28.4
      vertex 47.963276587065806 -66.01578674099571 28.4
      vertex 49.96174644486022 -68.76644452187054 28.4
    endloop
  endfacet
  facet normal 0 0 -1
    outer loop
      vertex 49.96174644486022 -68.76644452187054 28.4
      vertex 47.963276587065806 -66.01578674099571 28.4
      vertex 51.35254390966673 -63.41511045488884 28.4
    endloop
  endfacet
  facet normal 0.6087614290087214 -0.7933533402912346 0
    outer loop
      vertex 49.96174644486022 -68.76644452187054 28.4
      vertex 53.49223323923618 -66.05740672384253 28.4
      vertex 53.49223323923618 -66.05740672384253 30.009999999999998
    endloop
  endfacet
  facet normal 0 0 -1
    outer loop
      vertex 49.96174644486022 -68.76644452187054 28.4
      vertex 51.35254390966673 -63.41511045488884 28.4
      vertex 53.49223323923618 -66.05740672384253 28.4
    endloop
  endfacet
  facet normal 0.6087614290087214 -0.7933533402912346 0
    outer loop
      vertex 49.96174644486022 -68.76644452187054 28.4
      vertex 53.49223323923618 -66.05740672384253 30.009999999999998
      vertex 49.96174644486022 -68.76644452187054 30.009999999999998
    endloop
  endfacet
  facet normal 0 0 1
    outer loop
      vertex 49.96174644486022 -68.76644452187054 30.009999999999998
      vertex 53.49223323923618 -66.05740672384253 30.009999999999998
      vertex 47.963276587065806 -66.01578674099571 30.009999999999998
    endloop
  endfacet
  facet normal 0 0 1
    outer loop
      vertex 47.963276587065806 -66.01578674099571 30.009999999999998
      vertex 53.49223323923618 -66.05740672384253 30.009999999999998
      vertex 51.35254390966673 -63.41511045488882 30.009999999999998
    endloop
  endfacet
  facet normal 0.6494480483301834 -0.7604059656000313 0
    outer loop
      vertex 53.49223323923618 -66.05740672384253 28.4
      vertex 56.87610154050295 -63.16731016557851 28.4
      vertex 56.87610154050295 -63.16731016557851 30.009999999999998
    endloop
  endfacet
  facet normal 0.6494480483301834 -0.7604059656000313 0
    outer loop
      vertex 53.49223323923618 -66.05740672384253 28.4
      vertex 56.87610154050295 -63.16731016557851 30.009999999999998
      vertex 53.49223323923618 -66.05740672384253 30.009999999999998
    endloop
  endfacet
  facet normal 0 0 1
    outer loop
      vertex 53.49223323923618 -66.05740672384253 30.009999999999998
      vertex 56.87610154050295 -63.16731016557851 30.009999999999998
      vertex 51.35254390966673 -63.41511045488882 30.009999999999998
    endloop
  endfacet
  facet normal 0 0 -1
    outer loop
      vertex 53.49223323923618 -66.05740672384253 28.4
      vertex 51.35254390966673 -63.41511045488884 28.4
      vertex 54.60105747888283 -60.64061775895537 28.4
    endloop
  endfacet
  facet normal 0 0 -1
    outer loop
      vertex 53.49223323923618 -66.05740672384253 28.4
      vertex 54.60105747888283 -60.64061775895537 28.4
      vertex 56.87610154050295 -63.16731016557851 28.4
    endloop
  endfacet
  facet normal 0 0 -1
    outer loop
      vertex 54.60105747888283 -60.64061775895537 28.4
      vertex 57.69991334482228 -57.69991334482228 28.4
      vertex 56.87610154050295 -63.16731016557851 28.4
    endloop
  endfacet
  facet normal 0 0 -1
    outer loop
      vertex 56.87610154050295 -63.16731016557851 28.4
      vertex 57.69991334482228 -57.69991334482228 28.4
      vertex 60.10407640085654 -60.10407640085654 28.4
    endloop
  endfacet
  facet normal 0 0 1
    outer loop
      vertex 51.35254390966673 -63.41511045488882 30.009999999999998
      vertex 56.87610154050295 -63.16731016557851 30.009999999999998
      vertex 54.60105747888283 -60.640617758955365 30.009999999999998
    endloop
  endfacet
  facet normal 0.6883545756937541 -0.7253743710122874 0
    outer loop
      vertex 56.87610154050295 -63.16731016557851 28.4
      vertex 60.10407640085654 -60.10407640085654 30.009999999999998
      vertex 56.87610154050295 -63.16731016557851 30.009999999999998
    endloop
  endfacet
  facet normal 0 0 1
    outer loop
      vertex 54.60105747888283 -60.640617758955365 30.009999999999998
      vertex 56.87610154050295 -63.16731016557851 30.009999999999998
      vertex 60.10407640085654 -60.10407640085654 30.009999999999998
    endloop
  endfacet
  facet normal 0 0 1
    outer loop
      vertex 54.60105747888283 -60.640617758955365 30.009999999999998
      vertex 60.10407640085654 -60.10407640085654 30.009999999999998
      vertex 57.69991334482228 -57.69991334482228 30.009999999999998
    endloop
  endfacet
  facet normal 0.6883545756937541 -0.7253743710122874 0
    outer loop
      vertex 56.87610154050295 -63.16731016557851 28.4
      vertex 60.10407640085654 -60.10407640085654 28.4
      vertex 60.10407640085654 -60.10407640085654 30.009999999999998
    endloop
  endfacet
  facet normal 0.7253743710122874 -0.6883545756937541 0
    outer loop
      vertex 60.10407640085654 -60.10407640085654 28.4
      vertex 63.16731016557851 -56.87610154050295 28.4
      vertex 60.10407640085654 -60.10407640085654 30.009999999999998
    endloop
  endfacet
  facet normal 0 0 -1
    outer loop
      vertex 57.69991334482228 -57.69991334482228 28.4
      vertex 60.640617758955365 -54.60105747888283 28.4
      vertex 60.10407640085654 -60.10407640085654 28.4
    endloop
  endfacet
  facet normal 0 0 -1
    outer loop
      vertex 60.10407640085654 -60.10407640085654 28.4
      vertex 60.640617758955365 -54.60105747888283 28.4
      vertex 63.16731016557851 -56.87610154050295 28.4
    endloop
  endfacet
  facet normal 0 0 -1
    outer loop
      vertex 60.640617758955365 -54.60105747888283 28.4
      vertex 63.41511045488882 -51.35254390966674 28.4
      vertex 63.16731016557851 -56.87610154050295 28.4
    endloop
  endfacet
  facet normal 0 0 1
    outer loop
      vertex 57.69991334482228 -57.69991334482228 30.009999999999998
      vertex 60.10407640085654 -60.10407640085654 30.009999999999998
      vertex 63.16731016557851 -56.87610154050295 30.009999999999998
    endloop
  endfacet
  facet normal 0 0 1
    outer loop
      vertex 57.69991334482228 -57.69991334482228 30.009999999999998
      vertex 63.16731016557851 -56.87610154050295 30.009999999999998
      vertex 60.640617758955365 -54.60105747888283 30.009999999999998
    endloop
  endfacet
  facet normal 0.7253743710122874 -0.6883545756937541 0
    outer loop
      vertex 60.10407640085654 -60.10407640085654 30.009999999999998
      vertex 63.16731016557851 -56.87610154050295 28.4
      vertex 63.16731016557851 -56.87610154050295 30.009999999999998
    endloop
  endfacet
  facet normal 0 0 1
    outer loop
      vertex 60.640617758955365 -54.60105747888283 30.009999999999998
      vertex 63.16731016557851 -56.87610154050295 30.009999999999998
      vertex 66.05740672384253 -53.49223323923618 30.009999999999998
    endloop
  endfacet
  facet normal 0 0 1
    outer loop
      vertex 60.640617758955365 -54.60105747888283 30.009999999999998
      vertex 66.05740672384253 -53.49223323923618 30.009999999999998
      vertex 63.41511045488882 -51.35254390966673 30.009999999999998
    endloop
  endfacet
  facet normal 0 0 -1
    outer loop
      vertex 63.16731016557851 -56.87610154050295 28.4
      vertex 63.41511045488882 -51.35254390966674 28.4
      vertex 66.05740672384253 -53.49223323923618 28.4
    endloop
  endfacet
  facet normal 0.7604059656000313 -0.6494480483301834 0
    outer loop
      vertex 63.16731016557851 -56.87610154050295 28.4
      vertex 66.05740672384253 -53.49223323923618 28.4
      vertex 63.16731016557851 -56.87610154050295 30.009999999999998
    endloop
  endfacet
  facet normal 0.7604059656000313 -0.6494480483301834 0
    outer loop
      vertex 63.16731016557851 -56.87610154050295 30.009999999999998
      vertex 66.05740672384253 -53.49223323923618 28.4
      vertex 66.05740672384253 -53.49223323923618 30.009999999999998
    endloop
  endfacet
  facet normal 0 0 -1
    outer loop
      vertex 63.41511045488882 -51.35254390966674 28.4
      vertex 66.01578674099571 -47.96327658706582 28.4
      vertex 66.05740672384253 -53.49223323923618 28.4
    endloop
  endfacet
  facet normal 0.7933533402912346 -0.6087614290087214 0
    outer loop
      vertex 66.05740672384253 -53.49223323923618 28.4
      vertex 68.76644452187054 -49.96174644486022 28.4
      vertex 66.05740672384253 -53.49223323923618 30.009999999999998
    endloop
  endfacet
  facet normal 0 0 -1
    outer loop
      vertex 66.05740672384253 -53.49223323923618 28.4
      vertex 66.01578674099571 -47.96327658706582 28.4
      vertex 68.4355183443466 -44.44254525722621 28.4
    endloop
  endfacet
  facet normal 0 0 -1
    outer loop
      vertex 66.05740672384253 -53.49223323923618 28.4
      vertex 68.4355183443466 -44.44254525722621 28.4
      vertex 68.76644452187054 -49.96174644486022 28.4
    endloop
  endfacet
  facet normal 0 0 1
    outer loop
      vertex 63.41511045488882 -51.35254390966673 30.009999999999998
      vertex 66.05740672384253 -53.49223323923618 30.009999999999998
      vertex 66.01578674099571 -47.963276587065806 30.009999999999998
    endloop
  endfacet
  facet normal 0.7933533402912346 -0.6087614290087214 0
    outer loop
      vertex 66.05740672384253 -53.49223323923618 30.009999999999998
      vertex 68.76644452187054 -49.96174644486022 28.4
      vertex 68.76644452187054 -49.96174644486022 30.009999999999998
    endloop
  endfacet
  facet normal 0 0 1
    outer loop
      vertex 66.05740672384253 -53.49223323923618 30.009999999999998
      vertex 68.76644452187054 -49.96174644486022 30.009999999999998
      vertex 66.01578674099571 -47.963276587065806 30.009999999999998
    endloop
  endfacet
  facet normal 0 0 1
    outer loop
      vertex 66.01578674099571 -47.963276587065806 30.009999999999998
      vertex 68.76644452187054 -49.96174644486022 30.009999999999998
      vertex 68.4355183443466 -44.44254525722621 30.009999999999998
    endloop
  endfacet
  facet normal 0.8241261886220164 -0.5664062369248318 0
    outer loop
      vertex 68.76644452187054 -49.96174644486022 28.4
      vertex 71.28699827536104 -46.294317976277306 28.4
      vertex 68.76644452187054 -49.96174644486022 30.009999999999998
    endloop
  endfacet
  facet normal 0 0 -1
    outer loop
      vertex 68.76644452187054 -49.96174644486022 28.4
      vertex 70.66767294881018 -40.80000000000003 28.4
      vertex 71.28699827536104 -46.294317976277306 28.4
    endloop
  endfacet
  facet normal 0 0 -1
    outer loop
      vertex 68.76644452187054 -49.96174644486022 28.4
      vertex 68.4355183443466 -44.44254525722621 28.4
      vertex 70.66767294881018 -40.80000000000003 28.4
    endloop
  endfacet
  facet normal 0.8526401643540928 -0.522498564715948 0
    outer loop
      vertex 71.28699827536104 -46.294317976277306 28.4
      vertex 73.61215932167728 -42.5 28.4
      vertex 71.28699827536104 -46.294317976277306 30.009999999999998
    endloop
  endfacet
  facet normal 0.8241261886220164 -0.5664062369248318 0
    outer loop
      vertex 68.76644452187054 -49.96174644486022 30.009999999999998
      vertex 71.28699827536104 -46.294317976277306 28.4
      vertex 71.28699827536104 -46.294317976277306 30.009999999999998
    endloop
  endfacet
  facet normal 0 0 1
    outer loop
      vertex 68.76644452187054 -49.96174644486022 30.009999999999998
      vertex 71.28699827536104 -46.294317976277306 30.009999999999998
      vertex 68.4355183443466 -44.44254525722621 30.009999999999998
    endloop
  endfacet
  facet normal 0 0 1
    outer loop
      vertex 68.4355183443466 -44.44254525722621 30.009999999999998
      vertex 71.28699827536104 -46.294317976277306 30.009999999999998
      vertex 70.66767294881018 -40.8 30.009999999999998
    endloop
  endfacet
  facet normal 0.8526401643540928 -0.522498564715948 0
    outer loop
      vertex 71.28699827536104 -46.294317976277306 30.009999999999998
      vertex 73.61215932167728 -42.5 28.4
      vertex 73.61215932167728 -42.5 30.009999999999998
    endloop
  endfacet
  facet normal 0 0 1
    outer loop
      vertex 71.28699827536104 -46.294317976277306 30.009999999999998
      vertex 73.61215932167728 -42.5 30.009999999999998
      vertex 70.66767294881018 -40.8 30.009999999999998
    endloop
  endfacet
  facet normal 0 0 -1
    outer loop
      vertex 71.28699827536104 -46.294317976277306 28.4
      vertex 70.66767294881018 -40.80000000000003 28.4
      vertex 72.70613237377081 -37.04562477874702 28.4
    endloop
  endfacet
  facet normal 0 0 -1
    outer loop
      vertex 71.28699827536104 -46.294317976277306 28.4
      vertex 72.70613237377081 -37.04562477874702 28.4
      vertex 73.61215932167728 -42.5 28.4
    endloop
  endfacet
  facet normal 0.8788171126619656 -0.4771587602596082 0
    outer loop
      vertex 73.61215932167728 -42.5 28.4
      vertex 75.73555455601127 -38.589192477861474 28.4
      vertex 73.61215932167728 -42.5 30.009999999999998
    endloop
  endfacet
  facet normal 0 0 -1
    outer loop
      vertex 73.61215932167728 -42.5 28.4
      vertex 72.70613237377081 -37.04562477874702 28.4
      vertex 74.54530934363622 -33.18971007498533 28.4
    endloop
  endfacet
  facet normal 0 0 1
    outer loop
      vertex 70.66767294881018 -40.8 30.009999999999998
      vertex 73.61215932167728 -42.5 30.009999999999998
      vertex 72.70613237377081 -37.04562477874701 30.009999999999998
    endloop
  endfacet
  facet normal 0 0 1
    outer loop
      vertex 73.61215932167728 -42.5 30.009999999999998
      vertex 75.73555455601127 -38.589192477861474 30.009999999999998
      vertex 72.70613237377081 -37.04562477874701 30.009999999999998
    endloop
  endfacet
  facet normal 0 0 1
    outer loop
      vertex 72.70613237377081 -37.04562477874701 30.009999999999998
      vertex 75.73555455601127 -38.589192477861474 30.009999999999998
      vertex 74.54530934363622 -33.18971007498529 30.009999999999998
    endloop
  endfacet
  facet normal 0 0 -1
    outer loop
      vertex 73.61215932167728 -42.5 28.4
      vertex 74.54530934363622 -33.18971007498533 28.4
      vertex 75.73555455601127 -38.589192477861474 28.4
    endloop
  endfacet
  facet normal 0.9025852843498603 -0.4305110968082957 0
    outer loop
      vertex 75.73555455601127 -38.589192477861474 28.4
      vertex 77.65136389962107 -34.57261466144302 28.4
      vertex 75.73555455601127 -38.589192477861474 30.009999999999998
    endloop
  endfacet
  facet normal 0.8788171126619656 -0.4771587602596082 0
    outer loop
      vertex 73.61215932167728 -42.5 30.009999999999998
      vertex 75.73555455601127 -38.589192477861474 28.4
      vertex 75.73555455601127 -38.589192477861474 30.009999999999998
    endloop
  endfacet
  facet normal 0 0 -1
    outer loop
      vertex 75.73555455601127 -38.589192477861474 28.4
      vertex 74.54530934363622 -33.18971007498533 28.4
      vertex 76.18016280217165 -29.24282468289654 28.4
    endloop
  endfacet
  facet normal 0 0 -1
    outer loop
      vertex 75.73555455601127 -38.589192477861474 28.4
      vertex 76.18016280217165 -29.24282468289654 28.4
      vertex 77.65136389962107 -34.57261466144302 28.4
    endloop
  endfacet
  facet normal 0.9238795325112871 -0.3826834323650891 0
    outer loop
      vertex 77.65136389962107 -34.57261466144302 28.4
      vertex 79.35433625226214 -30.461275711350524 28.4
      vertex 77.65136389962107 -34.57261466144302 30.009999999999998
    endloop
  endfacet
  facet normal 0.9025852843498603 -0.4305110968082957 0
    outer loop
      vertex 75.73555455601127 -38.589192477861474 30.009999999999998
      vertex 77.65136389962107 -34.57261466144302 28.4
      vertex 77.65136389962107 -34.57261466144302 30.009999999999998
    endloop
  endfacet
  facet normal 0 0 1
    outer loop
      vertex 75.73555455601127 -38.589192477861474 30.009999999999998
      vertex 77.65136389962107 -34.57261466144302 30.009999999999998
      vertex 74.54530934363622 -33.18971007498529 30.009999999999998
    endloop
  endfacet
  facet normal 0 0 1
    outer loop
      vertex 74.54530934363622 -33.18971007498529 30.009999999999998
      vertex 77.65136389962107 -34.57261466144302 30.009999999999998
      vertex 76.18016280217165 -29.2428246828965 30.009999999999998
    endloop
  endfacet
  facet normal 0 0 -1
    outer loop
      vertex 77.65136389962107 -34.57261466144302 28.4
      vertex 76.18016280217165 -29.24282468289654 28.4
      vertex 77.60621172968452 -25.215786740995735 28.4
    endloop
  endfacet
  facet normal 0 0 -1
    outer loop
      vertex 77.65136389962107 -34.57261466144302 28.4
      vertex 77.60621172968452 -25.215786740995735 28.4
      vertex 78.81954742518796 -21.11963408036575 28.4
    endloop
  endfacet
  facet normal 0 0 -1
    outer loop
      vertex 77.65136389962107 -34.57261466144302 28.4
      vertex 78.81954742518796 -21.11963408036575 28.4
      vertex 79.35433625226214 -30.461275711350524 28.4
    endloop
  endfacet
  facet normal 0.9238795325112871 -0.3826834323650891 0
    outer loop
      vertex 77.65136389962107 -34.57261466144302 30.009999999999998
      vertex 79.35433625226214 -30.461275711350524 28.4
      vertex 79.35433625226214 -30.461275711350524 30.009999999999998
    endloop
  endfacet
  facet normal 0 0 1
    outer loop
      vertex 77.65136389962107 -34.57261466144302 30.009999999999998
      vertex 77.60621172968452 -25.215786740995707 30.009999999999998
      vertex 76.18016280217165 -29.2428246828965 30.009999999999998
    endloop
  endfacet
  facet normal 0 0 1
    outer loop
      vertex 77.65136389962107 -34.57261466144302 30.009999999999998
      vertex 79.35433625226214 -30.461275711350524 30.009999999999998
      vertex 77.60621172968452 -25.215786740995707 30.009999999999998
    endloop
  endfacet
  facet normal 0 0 -1
    outer loop
      vertex 79.35433625226214 -30.461275711350524 28.4
      vertex 78.81954742518796 -21.11963408036575 28.4
      vertex 79.81684421987853 -16.965593970729216 28.4
    endloop
  endfacet
  facet normal 0 0 1
    outer loop
      vertex 79.35433625226214 -30.461275711350524 30.009999999999998
      vertex 78.81954742518796 -21.119634080365692 30.009999999999998
      vertex 77.60621172968452 -25.215786740995707 30.009999999999998
    endloop
  endfacet
  facet normal 0 0 1
    outer loop
      vertex 79.35433625226214 -30.461275711350524 30.009999999999998
      vertex 80.83980388508805 -26.26644452187053 30.009999999999998
      vertex 78.81954742518796 -21.119634080365692 30.009999999999998
    endloop
  endfacet
  facet normal 0.9426414910921787 -0.3338068592337701 0
    outer loop
      vertex 79.35433625226214 -30.461275711350524 28.4
      vertex 80.83980388508805 -26.26644452187053 28.4
      vertex 79.35433625226214 -30.461275711350524 30.009999999999998
    endloop
  endfacet
  facet normal 0.9426414910921787 -0.3338068592337701 0
    outer loop
      vertex 79.35433625226214 -30.461275711350524 30.009999999999998
      vertex 80.83980388508805 -26.26644452187053 28.4
      vertex 80.83980388508805 -26.26644452187053 30.009999999999998
    endloop
  endfacet
  facet normal 0 0 -1
    outer loop
      vertex 79.35433625226214 -30.461275711350524 28.4
      vertex 79.81684421987853 -16.965593970729216 28.4
      vertex 80.83980388508805 -26.26644452187053 28.4
    endloop
  endfacet
  facet normal 0.9588197348681924 -0.2840153447039249 0
    outer loop
      vertex 80.83980388508805 -26.26644452187053 28.4
      vertex 82.10369523457081 -21.999618833714262 28.4
      vertex 80.83980388508805 -26.26644452187053 30.009999999999998
    endloop
  endfacet
  facet normal 0.9588197348681924 -0.2840153447039249 0
    outer loop
      vertex 82.10369523457081 -21.999618833714262 28.4
      vertex 82.10369523457081 -21.999618833714262 30.009999999999998
      vertex 80.83980388508805 -26.26644452187053 30.009999999999998
    endloop
  endfacet
  facet normal 0 0 1
    outer loop
      vertex 80.83980388508805 -26.26644452187053 30.009999999999998
      vertex 79.81684421987853 -16.96559397072916 30.009999999999998
      vertex 78.81954742518796 -21.119634080365692 30.009999999999998
    endloop
  endfacet
  facet normal 0 0 -1
    outer loop
      vertex 80.83980388508805 -26.26644452187053 28.4
      vertex 79.81684421987853 -16.965593970729216 28.4
      vertex 80.59536859256323 -12.765052347282838 28.4
    endloop
  endfacet
  facet normal 0 0 -1
    outer loop
      vertex 80.83980388508805 -26.26644452187053 28.4
      vertex 81.48817003597321 -4.270614029424424 28.4
      vertex 82.10369523457081 -21.999618833714262 28.4
    endloop
  endfacet
  facet normal 0.9723699203976766 -0.2334453638559058 0
    outer loop
      vertex 82.10369523457081 -21.999618833714262 28.4
      vertex 83.14254606237348 -17.672493719509543 28.4
      vertex 82.10369523457081 -21.999618833714262 30.009999999999998
    endloop
  endfacet
  facet normal 0.9832549075639546 -0.18223552549214705 0
    outer loop
      vertex 83.14254606237348 -17.672493719509543 28.4
      vertex 83.95350895058671 -13.296929528419623 28.4
      vertex 83.14254606237348 -17.672493719509543 30.009999999999998
    endloop
  endfacet
  facet normal 0 0 1
    outer loop
      vertex 80.83980388508805 -26.26644452187053 30.009999999999998
      vertex 80.59536859256323 -12.765052347282838 30.009999999999998
      vertex 79.81684421987853 -16.96559397072916 30.009999999999998
    endloop
  endfacet
  facet normal 0 0 1
    outer loop
      vertex 80.83980388508805 -26.26644452187053 30.009999999999998
      vertex 82.10369523457081 -21.999618833714262 30.009999999999998
      vertex 80.59536859256323 -12.765052347282838 30.009999999999998
    endloop
  endfacet
  facet normal 0.9723699203976766 -0.2334453638559058 0
    outer loop
      vertex 82.10369523457081 -21.999618833714262 30.009999999999998
      vertex 83.14254606237348 -17.672493719509543 28.4
      vertex 83.14254606237348 -17.672493719509543 30.009999999999998
    endloop
  endfacet
  facet normal 0 0 -1
    outer loop
      vertex 80.83980388508805 -26.26644452187053 28.4
      vertex 80.59536859256323 -12.765052347282838 28.4
      vertex 81.15298666205109 -8.529522602640574 28.4
    endloop
  endfacet
  facet normal 0 0 -1
    outer loop
      vertex 80.83980388508805 -26.26644452187053 28.4
      vertex 81.15298666205109 -8.529522602640574 28.4
      vertex 81.48817003597321 -4.270614029424424 28.4
    endloop
  endfacet
  facet normal 0.9914448613738107 -0.1305261922200487 0
    outer loop
      vertex 83.95350895058671 -13.296929528419623 28.4
      vertex 84.53436110630322 -8.884919377750546 28.4
      vertex 83.95350895058671 -13.296929528419623 30.009999999999998
    endloop
  endfacet
  facet normal 0 0 1
    outer loop
      vertex 82.10369523457081 -21.999618833714262 30.009999999999998
      vertex 81.15298666205109 -8.529522602640522 30.009999999999998
      vertex 80.59536859256323 -12.765052347282838 30.009999999999998
    endloop
  endfacet
  facet normal 0 0 1
    outer loop
      vertex 82.10369523457081 -21.999618833714262 30.009999999999998
      vertex 81.48817003597321 -4.270614029424217 30.009999999999998
      vertex 81.15298666205109 -8.529522602640522 30.009999999999998
    endloop
  endfacet
  facet normal 0.9832549075639546 -0.18223552549214705 0
    outer loop
      vertex 83.14254606237348 -17.672493719509543 30.009999999999998
      vertex 83.95350895058671 -13.296929528419623 28.4
      vertex 83.95350895058671 -13.296929528419623 30.009999999999998
    endloop
  endfacet
  facet normal 0 0 -1
    outer loop
      vertex 82.10369523457081 -21.999618833714262 28.4
      vertex 81.48817003597321 -4.270614029424424 28.4
      vertex 81.6 -5.913049694094868e-14 28.4
    endloop
  endfacet
  facet normal 0 0 -1
    outer loop
      vertex 82.10369523457081 -21.999618833714262 28.4
      vertex 83.14254606237348 17.672493719509543 28.4
      vertex 83.14254606237348 -17.672493719509543 28.4
    endloop
  endfacet
  facet normal 0 0 -1
    outer loop
      vertex 83.14254606237348 -17.672493719509543 28.4
      vertex 83.95350895058671 13.296929528419623 28.4
      vertex 83.95350895058671 -13.296929528419623 28.4
    endloop
  endfacet
  facet normal 0.996917333733128 -0.07845909572784578 0
    outer loop
      vertex 84.53436110630322 -8.884919377750546 28.4
      vertex 84.88351045413877 -4.448556280650226 28.4
      vertex 84.53436110630322 -8.884919377750546 30.009999999999998
    endloop
  endfacet
  facet normal 0 0 1
    outer loop
      vertex 82.10369523457081 -21.999618833714262 30.009999999999998
      vertex 81.6 0 30.009999999999998
      vertex 81.48817003597321 -4.270614029424217 30.009999999999998
    endloop
  endfacet
  facet normal 0.9914448613738107 -0.1305261922200487 0
    outer loop
      vertex 83.95350895058671 -13.296929528419623 30.009999999999998
      vertex 84.53436110630322 -8.884919377750546 28.4
      vertex 84.53436110630322 -8.884919377750546 30.009999999999998
    endloop
  endfacet
  facet normal 0.996917333733128 -0.07845909572784578 0
    outer loop
      vertex 84.53436110630322 -8.884919377750546 30.009999999999998
      vertex 84.88351045413877 -4.448556280650226 28.4
      vertex 84.88351045413877 -4.448556280650226 30.009999999999998
    endloop
  endfacet
  facet normal 0 0 1
    outer loop
      vertex 82.10369523457081 -21.999618833714262 30.009999999999998
      vertex 83.14254606237348 -17.672493719509543 30.009999999999998
      vertex 82.10369523457081 21.999618833714262 30.009999999999998
    endloop
  endfacet
  facet normal 0 0 -1
    outer loop
      vertex 82.10369523457081 -21.999618833714262 28.4
      vertex 81.6 -5.913049694094868e-14 28.4
      vertex 82.10369523457081 21.999618833714262 28.4
    endloop
  endfacet
  facet normal 0 0 -1
    outer loop
      vertex 83.95350895058671 -13.296929528419623 28.4
      vertex 84.53436110630322 8.884919377750546 28.4
      vertex 84.53436110630322 -8.884919377750546 28.4
    endloop
  endfacet
  facet normal 0 0 -1
    outer loop
      vertex 84.53436110630322 -8.884919377750546 28.4
      vertex 84.88351045413877 4.448556280650226 28.4
      vertex 84.88351045413877 -4.448556280650226 28.4
    endloop
  endfacet
  facet normal 0.9996573249755573 -0.026176948307874752 0
    outer loop
      vertex 84.88351045413877 -4.448556280650226 28.4
      vertex 85 0 28.4
      vertex 84.88351045413877 -4.448556280650226 30.009999999999998
    endloop
  endfacet
  facet normal 0 0 1
    outer loop
      vertex 83.14254606237348 -17.672493719509543 30.009999999999998
      vertex 83.95350895058671 -13.296929528419623 30.009999999999998
      vertex 83.14254606237348 17.672493719509543 30.009999999999998
    endloop
  endfacet
  facet normal 0 0 1
    outer loop
      vertex 83.95350895058671 -13.296929528419623 30.009999999999998
      vertex 84.53436110630322 -8.884919377750546 30.009999999999998
      vertex 83.95350895058671 13.296929528419623 30.009999999999998
    endloop
  endfacet
  facet normal 0.9996573249755573 -0.026176948307874752 0
    outer loop
      vertex 84.88351045413877 -4.448556280650226 30.009999999999998
      vertex 85 0 28.4
      vertex 85 0 30.009999999999998
    endloop
  endfacet
  facet normal 0 0 1
    outer loop
      vertex 84.53436110630322 -8.884919377750546 30.009999999999998
      vertex 84.88351045413877 -4.448556280650226 30.009999999999998
      vertex 84.53436110630322 8.884919377750546 30.009999999999998
    endloop
  endfacet
  facet normal 0 0 -1
    outer loop
      vertex 3.7972572968203464e-15 81.6 28.4
      vertex 0 85 28.4
      vertex 4.448556280650226 84.88351045413877 28.4
    endloop
  endfacet
  facet normal 0.026176948307874752 0.9996573249755573 0
    outer loop
      vertex 0 85 28.4
      vertex 0 85 30.009999999999998
      vertex 4.448556280650226 84.88351045413877 28.4
    endloop
  endfacet
  facet normal 0 0 -1
    outer loop
      vertex 3.7972572968203464e-15 81.6 28.4
      vertex 4.448556280650226 84.88351045413877 28.4
      vertex 4.270614029424238 81.48817003597323 28.4
    endloop
  endfacet
  facet normal 0 0 1
    outer loop
      vertex 0 81.6 30.009999999999998
      vertex 4.270614029424217 81.48817003597321 30.009999999999998
      vertex 0 85 30.009999999999998
    endloop
  endfacet
  facet normal 0.026176948307874752 0.9996573249755573 0
    outer loop
      vertex 4.448556280650226 84.88351045413877 28.4
      vertex 0 85 30.009999999999998
      vertex 4.448556280650226 84.88351045413877 30.009999999999998
    endloop
  endfacet
  facet normal 0 0 1
    outer loop
      vertex 0 85 30.009999999999998
      vertex 4.270614029424217 81.48817003597321 30.009999999999998
      vertex 4.448556280650226 84.88351045413877 30.009999999999998
    endloop
  endfacet
  facet normal 0 0 -1
    outer loop
      vertex 4.270614029424238 81.48817003597323 28.4
      vertex 4.448556280650226 84.88351045413877 28.4
      vertex 8.884919377750546 84.53436110630322 28.4
    endloop
  endfacet
  facet normal 0 0 -1
    outer loop
      vertex 4.270614029424238 81.48817003597323 28.4
      vertex 8.884919377750546 84.53436110630322 28.4
      vertex 8.529522602640537 81.1529866620511 28.4
    endloop
  endfacet
  facet normal 0.07845909572784578 0.996917333733128 0
    outer loop
      vertex 4.448556280650226 84.88351045413877 28.4
      vertex 4.448556280650226 84.88351045413877 30.009999999999998
      vertex 8.884919377750546 84.53436110630322 28.4
    endloop
  endfacet
  facet normal 0 0 -1
    outer loop
      vertex 8.529522602640537 81.1529866620511 28.4
      vertex 8.884919377750546 84.53436110630322 28.4
      vertex 13.296929528419623 83.95350895058671 28.4
    endloop
  endfacet
  facet normal 0.1305261922200487 0.9914448613738107 0
    outer loop
      vertex 8.884919377750546 84.53436110630322 28.4
      vertex 8.884919377750546 84.53436110630322 30.009999999999998
      vertex 13.296929528419623 83.95350895058671 28.4
    endloop
  endfacet
  facet normal 0.07845909572784578 0.996917333733128 0
    outer loop
      vertex 4.448556280650226 84.88351045413877 30.009999999999998
      vertex 8.884919377750546 84.53436110630322 30.009999999999998
      vertex 8.884919377750546 84.53436110630322 28.4
    endloop
  endfacet
  facet normal 0 0 1
    outer loop
      vertex 4.270614029424217 81.48817003597321 30.009999999999998
      vertex 8.529522602640522 81.15298666205109 30.009999999999998
      vertex 4.448556280650226 84.88351045413877 30.009999999999998
    endloop
  endfacet
  facet normal 0 0 1
    outer loop
      vertex 4.448556280650226 84.88351045413877 30.009999999999998
      vertex 8.529522602640522 81.15298666205109 30.009999999999998
      vertex 8.884919377750546 84.53436110630322 30.009999999999998
    endloop
  endfacet
  facet normal 0 0 1
    outer loop
      vertex 8.529522602640522 81.15298666205109 30.009999999999998
      vertex 12.765052347282838 80.59536859256323 30.009999999999998
      vertex 8.884919377750546 84.53436110630322 30.009999999999998
    endloop
  endfacet
  facet normal 0 0 -1
    outer loop
      vertex 8.529522602640537 81.1529866620511 28.4
      vertex 13.296929528419623 83.95350895058671 28.4
      vertex 12.76505234728284 80.59536859256323 28.4
    endloop
  endfacet
  facet normal 0 0 -1
    outer loop
      vertex 12.76505234728284 80.59536859256323 28.4
      vertex 17.672493719509543 83.14254606237348 28.4
      vertex 16.965593970729188 79.81684421987855 28.4
    endloop
  endfacet
  facet normal 0 0 -1
    outer loop
      vertex 12.76505234728284 80.59536859256323 28.4
      vertex 13.296929528419623 83.95350895058671 28.4
      vertex 17.672493719509543 83.14254606237348 28.4
    endloop
  endfacet
  facet normal 0.18223552549214705 0.9832549075639546 0
    outer loop
      vertex 13.296929528419623 83.95350895058671 28.4
      vertex 13.296929528419623 83.95350895058671 30.009999999999998
      vertex 17.672493719509543 83.14254606237348 28.4
    endloop
  endfacet
  facet normal 0.1305261922200487 0.9914448613738107 0
    outer loop
      vertex 8.884919377750546 84.53436110630322 30.009999999999998
      vertex 13.296929528419623 83.95350895058671 30.009999999999998
      vertex 13.296929528419623 83.95350895058671 28.4
    endloop
  endfacet
  facet normal 0 0 1
    outer loop
      vertex 8.884919377750546 84.53436110630322 30.009999999999998
      vertex 12.765052347282838 80.59536859256323 30.009999999999998
      vertex 13.296929528419623 83.95350895058671 30.009999999999998
    endloop
  endfacet
  facet normal 0 0 1
    outer loop
      vertex 12.765052347282838 80.59536859256323 30.009999999999998
      vertex 16.96559397072916 79.81684421987853 30.009999999999998
      vertex 13.296929528419623 83.95350895058671 30.009999999999998
    endloop
  endfacet
  facet normal 0 0 -1
    outer loop
      vertex 16.965593970729188 79.81684421987855 28.4
      vertex 17.672493719509543 83.14254606237348 28.4
      vertex 21.999618833714262 82.10369523457081 28.4
    endloop
  endfacet
  facet normal 0 0 -1
    outer loop
      vertex 21.119634080365714 78.81954742518798 28.4
      vertex 16.965593970729188 79.81684421987855 28.4
      vertex 21.999618833714262 82.10369523457081 28.4
    endloop
  endfacet
  facet normal 0.2334453638559058 0.9723699203976766 0
    outer loop
      vertex 17.672493719509543 83.14254606237348 28.4
      vertex 17.672493719509543 83.14254606237348 30.009999999999998
      vertex 21.999618833714262 82.10369523457081 28.4
    endloop
  endfacet
  facet normal 0 0 1
    outer loop
      vertex 13.296929528419623 83.95350895058671 30.009999999999998
      vertex 16.96559397072916 79.81684421987853 30.009999999999998
      vertex 17.672493719509543 83.14254606237348 30.009999999999998
    endloop
  endfacet
  facet normal 0 0 1
    outer loop
      vertex 21.119634080365692 78.81954742518796 30.009999999999998
      vertex 17.672493719509543 83.14254606237348 30.009999999999998
      vertex 16.96559397072916 79.81684421987853 30.009999999999998
    endloop
  endfacet
  facet normal 0.18223552549214705 0.9832549075639546 0
    outer loop
      vertex 13.296929528419623 83.95350895058671 30.009999999999998
      vertex 17.672493719509543 83.14254606237348 30.009999999999998
      vertex 17.672493719509543 83.14254606237348 28.4
    endloop
  endfacet
  facet normal 0 0 1
    outer loop
      vertex 21.119634080365692 78.81954742518796 30.009999999999998
      vertex 21.999618833714262 82.10369523457081 30.009999999999998
      vertex 17.672493719509543 83.14254606237348 30.009999999999998
    endloop
  endfacet
  facet normal 0.2334453638559058 0.9723699203976766 0
    outer loop
      vertex 17.672493719509543 83.14254606237348 30.009999999999998
      vertex 21.999618833714262 82.10369523457081 30.009999999999998
      vertex 21.999618833714262 82.10369523457081 28.4
    endloop
  endfacet
  facet normal 0 0 -1
    outer loop
      vertex 21.119634080365714 78.81954742518798 28.4
      vertex 26.26644452187053 80.83980388508805 28.4
      vertex 25.21578674099572 77.60621172968452 28.4
    endloop
  endfacet
  facet normal 0 0 1
    outer loop
      vertex 21.119634080365692 78.81954742518796 30.009999999999998
      vertex 25.215786740995707 77.60621172968452 30.009999999999998
      vertex 21.999618833714262 82.10369523457081 30.009999999999998
    endloop
  endfacet
  facet normal 0 0 -1
    outer loop
      vertex 21.119634080365714 78.81954742518798 28.4
      vertex 21.999618833714262 82.10369523457081 28.4
      vertex 26.26644452187053 80.83980388508805 28.4
    endloop
  endfacet
  facet normal 0.2840153447039249 0.9588197348681924 0
    outer loop
      vertex 21.999618833714262 82.10369523457081 28.4
      vertex 21.999618833714262 82.10369523457081 30.009999999999998
      vertex 26.26644452187053 80.83980388508805 28.4
    endloop
  endfacet
  facet normal 0.2840153447039249 0.9588197348681924 0
    outer loop
      vertex 26.26644452187053 80.83980388508805 28.4
      vertex 21.999618833714262 82.10369523457081 30.009999999999998
      vertex 26.26644452187053 80.83980388508805 30.009999999999998
    endloop
  endfacet
  facet normal 0 0 1
    outer loop
      vertex 25.215786740995707 77.60621172968452 30.009999999999998
      vertex 26.26644452187053 80.83980388508805 30.009999999999998
      vertex 21.999618833714262 82.10369523457081 30.009999999999998
    endloop
  endfacet
  facet normal 0 0 -1
    outer loop
      vertex 25.21578674099572 77.60621172968452 28.4
      vertex 26.26644452187053 80.83980388508805 28.4
      vertex 30.461275711350524 79.35433625226214 28.4
    endloop
  endfacet
  facet normal 0 0 -1
    outer loop
      vertex 25.21578674099572 77.60621172968452 28.4
      vertex 30.461275711350524 79.35433625226214 28.4
      vertex 29.242824682896526 76.18016280217165 28.4
    endloop
  endfacet
  facet normal 0 0 -1
    outer loop
      vertex 29.242824682896526 76.18016280217165 28.4
      vertex 30.461275711350524 79.35433625226214 28.4
      vertex 34.57261466144302 77.65136389962107 28.4
    endloop
  endfacet
  facet normal 0.3826834323650891 0.9238795325112871 0
    outer loop
      vertex 30.461275711350524 79.35433625226214 28.4
      vertex 30.461275711350524 79.35433625226214 30.009999999999998
      vertex 34.57261466144302 77.65136389962107 28.4
    endloop
  endfacet
  facet normal 0 0 1
    outer loop
      vertex 25.215786740995707 77.60621172968452 30.009999999999998
      vertex 29.2428246828965 76.18016280217165 30.009999999999998
      vertex 26.26644452187053 80.83980388508805 30.009999999999998
    endloop
  endfacet
  facet normal 0 0 1
    outer loop
      vertex 26.26644452187053 80.83980388508805 30.009999999999998
      vertex 29.2428246828965 76.18016280217165 30.009999999999998
      vertex 30.461275711350524 79.35433625226214 30.009999999999998
    endloop
  endfacet
  facet normal 0 0 1
    outer loop
      vertex 29.2428246828965 76.18016280217165 30.009999999999998
      vertex 33.18971007498529 74.54530934363622 30.009999999999998
      vertex 30.461275711350524 79.35433625226214 30.009999999999998
    endloop
  endfacet
  facet normal 0.3338068592337701 0.9426414910921787 0
    outer loop
      vertex 26.26644452187053 80.83980388508805 28.4
      vertex 26.26644452187053 80.83980388508805 30.009999999999998
      vertex 30.461275711350524 79.35433625226214 28.4
    endloop
  endfacet
  facet normal 0.3338068592337701 0.9426414910921787 0
    outer loop
      vertex 26.26644452187053 80.83980388508805 30.009999999999998
      vertex 30.461275711350524 79.35433625226214 30.009999999999998
      vertex 30.461275711350524 79.35433625226214 28.4
    endloop
  endfacet
  facet normal 8.736725013966599e-16 -3.963367588561761e-15 -1
    outer loop
      vertex 37.04562477874703 72.7061323737708 28.40000000000001
      vertex 33.18971007498531 74.54530934363622 28.4
      vertex 38.589192477861474 75.73555455601127 28.4
    endloop
  endfacet
  facet normal -1.4962849052315879e-15 -2.7558139756668724e-15 -1
    outer loop
      vertex 37.04562477874703 72.7061323737708 28.40000000000001
      vertex 38.589192477861474 75.73555455601127 28.4
      vertex 42.5 73.61215932167728 28.4
    endloop
  endfacet
  facet normal -2.1613334361395326e-15 1.247846441163679e-15 -1
    outer loop
      vertex 37.04562477874703 72.7061323737708 28.40000000000001
      vertex 42.5 73.61215932167728 28.4
      vertex 40.80000000000002 70.66767294881018 28.4
    endloop
  endfacet
  facet normal 0 0 1
    outer loop
      vertex 37.04562477874701 72.70613237377081 30.009999999999998
      vertex 40.8 70.66767294881018 30.009999999999998
      vertex 38.589192477861474 75.73555455601127 30.009999999999998
    endloop
  endfacet
  facet normal 0.4771587602596082 0.8788171126619656 0
    outer loop
      vertex 38.589192477861474 75.73555455601127 30.009999999999998
      vertex 42.5 73.61215932167728 30.009999999999998
      vertex 42.5 73.61215932167728 28.4
    endloop
  endfacet
  facet normal 0 0 1
    outer loop
      vertex 40.8 70.66767294881018 30.009999999999998
      vertex 42.5 73.61215932167728 30.009999999999998
      vertex 38.589192477861474 75.73555455601127 30.009999999999998
    endloop
  endfacet
  facet normal 0 0 -1
    outer loop
      vertex 29.242824682896526 76.18016280217165 28.4
      vertex 34.57261466144302 77.65136389962107 28.4
      vertex 33.18971007498531 74.54530934363622 28.4
    endloop
  endfacet
  facet normal 0 0 -1
    outer loop
      vertex 33.18971007498531 74.54530934363622 28.4
      vertex 34.57261466144302 77.65136389962107 28.4
      vertex 38.589192477861474 75.73555455601127 28.4
    endloop
  endfacet
  facet normal 0.4305110968082957 0.9025852843498603 0
    outer loop
      vertex 34.57261466144302 77.65136389962107 28.4
      vertex 34.57261466144302 77.65136389962107 30.009999999999998
      vertex 38.589192477861474 75.73555455601127 28.4
    endloop
  endfacet
  facet normal 0.3826834323650891 0.9238795325112871 0
    outer loop
      vertex 30.461275711350524 79.35433625226214 30.009999999999998
      vertex 34.57261466144302 77.65136389962107 30.009999999999998
      vertex 34.57261466144302 77.65136389962107 28.4
    endloop
  endfacet
  facet normal 0 0 1
    outer loop
      vertex 30.461275711350524 79.35433625226214 30.009999999999998
      vertex 33.18971007498529 74.54530934363622 30.009999999999998
      vertex 34.57261466144302 77.65136389962107 30.009999999999998
    endloop
  endfacet
  facet normal 0 0 1
    outer loop
      vertex 37.04562477874701 72.70613237377081 30.009999999999998
      vertex 34.57261466144302 77.65136389962107 30.009999999999998
      vertex 33.18971007498529 74.54530934363622 30.009999999999998
    endloop
  endfacet
  facet normal 0 0 1
    outer loop
      vertex 37.04562477874701 72.70613237377081 30.009999999999998
      vertex 38.589192477861474 75.73555455601127 30.009999999999998
      vertex 34.57261466144302 77.65136389962107 30.009999999999998
    endloop
  endfacet
  facet normal 0.4771587602596082 0.8788171126619656 0
    outer loop
      vertex 38.589192477861474 75.73555455601127 28.4
      vertex 38.589192477861474 75.73555455601127 30.009999999999998
      vertex 42.5 73.61215932167728 28.4
    endloop
  endfacet
  facet normal 0.4305110968082957 0.9025852843498603 0
    outer loop
      vertex 34.57261466144302 77.65136389962107 30.009999999999998
      vertex 38.589192477861474 75.73555455601127 30.009999999999998
      vertex 38.589192477861474 75.73555455601127 28.4
    endloop
  endfacet
  facet normal 0 0 -1
    outer loop
      vertex 84.88351045413877 -4.448556280650226 28.4
      vertex 84.88351045413877 4.448556280650226 28.4
      vertex 85 0 28.4
    endloop
  endfacet
  facet normal 0 0 -1
    outer loop
      vertex 84.53436110630322 -8.884919377750546 28.4
      vertex 84.53436110630322 8.884919377750546 28.4
      vertex 84.88351045413877 4.448556280650226 28.4
    endloop
  endfacet
  facet normal 0.9996573249755573 0.026176948307874752 0
    outer loop
      vertex 85 0 28.4
      vertex 84.88351045413877 4.448556280650226 28.4
      vertex 85 0 30.009999999999998
    endloop
  endfacet
  facet normal 0 0 -1
    outer loop
      vertex 83.14254606237348 -17.672493719509543 28.4
      vertex 83.14254606237348 17.672493719509543 28.4
      vertex 83.95350895058671 13.296929528419623 28.4
    endloop
  endfacet
  facet normal 0 0 -1
    outer loop
      vertex 83.95350895058671 -13.296929528419623 28.4
      vertex 83.95350895058671 13.296929528419623 28.4
      vertex 84.53436110630322 8.884919377750546 28.4
    endloop
  endfacet
  facet normal 0 0 1
    outer loop
      vertex 82.10369523457081 -21.999618833714262 30.009999999999998
      vertex 82.10369523457081 21.999618833714262 30.009999999999998
      vertex 81.6 0 30.009999999999998
    endloop
  endfacet
  facet normal 0 0 1
    outer loop
      vertex 84.88351045413877 -4.448556280650226 30.009999999999998
      vertex 85 0 30.009999999999998
      vertex 84.88351045413877 4.448556280650226 30.009999999999998
    endloop
  endfacet
  facet normal 0.9996573249755573 0.026176948307874752 0
    outer loop
      vertex 84.88351045413877 4.448556280650226 28.4
      vertex 84.88351045413877 4.448556280650226 30.009999999999998
      vertex 85 0 30.009999999999998
    endloop
  endfacet
  facet normal 0 0 1
    outer loop
      vertex 84.88351045413877 -4.448556280650226 30.009999999999998
      vertex 84.88351045413877 4.448556280650226 30.009999999999998
      vertex 84.53436110630322 8.884919377750546 30.009999999999998
    endloop
  endfacet
  facet normal 0 0 1
    outer loop
      vertex 84.53436110630322 -8.884919377750546 30.009999999999998
      vertex 84.53436110630322 8.884919377750546 30.009999999999998
      vertex 83.95350895058671 13.296929528419623 30.009999999999998
    endloop
  endfacet
  facet normal 0 0 -1
    outer loop
      vertex 81.6 -5.913049694094868e-14 28.4
      vertex 81.48817003597323 4.270614029424217 28.4
      vertex 82.10369523457081 21.999618833714262 28.4
    endloop
  endfacet
  facet normal 0 0 -1
    outer loop
      vertex 82.10369523457081 -21.999618833714262 28.4
      vertex 82.10369523457081 21.999618833714262 28.4
      vertex 83.14254606237348 17.672493719509543 28.4
    endloop
  endfacet
  facet normal 0.996917333733128 0.07845909572784578 0
    outer loop
      vertex 84.88351045413877 4.448556280650226 28.4
      vertex 84.53436110630322 8.884919377750546 28.4
      vertex 84.88351045413877 4.448556280650226 30.009999999999998
    endloop
  endfacet
  facet normal 0.9914448613738107 0.1305261922200487 0
    outer loop
      vertex 84.53436110630322 8.884919377750546 28.4
      vertex 83.95350895058671 13.296929528419623 28.4
      vertex 84.53436110630322 8.884919377750546 30.009999999999998
    endloop
  endfacet
  facet normal 0 0 1
    outer loop
      vertex 81.6 0 30.009999999999998
      vertex 82.10369523457081 21.999618833714262 30.009999999999998
      vertex 81.48817003597321 4.270614029424217 30.009999999999998
    endloop
  endfacet
  facet normal 0.996917333733128 0.07845909572784578 0
    outer loop
      vertex 84.88351045413877 4.448556280650226 30.009999999999998
      vertex 84.53436110630322 8.884919377750546 28.4
      vertex 84.53436110630322 8.884919377750546 30.009999999999998
    endloop
  endfacet
  facet normal 0 0 1
    outer loop
      vertex 83.14254606237348 -17.672493719509543 30.009999999999998
      vertex 83.14254606237348 17.672493719509543 30.009999999999998
      vertex 82.10369523457081 21.999618833714262 30.009999999999998
    endloop
  endfacet
  facet normal 0 0 1
    outer loop
      vertex 83.95350895058671 -13.296929528419623 30.009999999999998
      vertex 83.95350895058671 13.296929528419623 30.009999999999998
      vertex 83.14254606237348 17.672493719509543 30.009999999999998
    endloop
  endfacet
  facet normal 0 0 -1
    outer loop
      vertex 81.48817003597323 4.270614029424217 28.4
      vertex 81.15298666205109 8.529522602640522 28.4
      vertex 82.10369523457081 21.999618833714262 28.4
    endloop
  endfacet
  facet normal 0 0 -1
    outer loop
      vertex 81.15298666205109 8.529522602640522 28.4
      vertex 80.59536859256323 12.765052347282838 28.4
      vertex 82.10369523457081 21.999618833714262 28.4
    endloop
  endfacet
  facet normal 0.9832549075639546 0.18223552549214705 0
    outer loop
      vertex 83.95350895058671 13.296929528419623 28.4
      vertex 83.14254606237348 17.672493719509543 28.4
      vertex 83.95350895058671 13.296929528419623 30.009999999999998
    endloop
  endfacet
  facet normal 0 0 1
    outer loop
      vertex 81.48817003597321 4.270614029424217 30.009999999999998
      vertex 80.83980388508805 26.26644452187053 30.009999999999998
      vertex 81.15298666205109 8.529522602640522 30.009999999999998
    endloop
  endfacet
  facet normal 0 0 1
    outer loop
      vertex 81.15298666205109 8.529522602640522 30.009999999999998
      vertex 80.83980388508805 26.26644452187053 30.009999999999998
      vertex 80.59536859256323 12.765052347282838 30.009999999999998
    endloop
  endfacet
  facet normal 0.9914448613738107 0.1305261922200487 0
    outer loop
      vertex 84.53436110630322 8.884919377750546 30.009999999999998
      vertex 83.95350895058671 13.296929528419623 28.4
      vertex 83.95350895058671 13.296929528419623 30.009999999999998
    endloop
  endfacet
  facet normal 0 0 -1
    outer loop
      vertex 80.59536859256323 12.765052347282838 28.4
      vertex 79.81684421987855 16.965593970729163 28.4
      vertex 80.83980388508805 26.26644452187053 28.4
    endloop
  endfacet
  facet normal 0 0 -1
    outer loop
      vertex 80.59536859256323 12.765052347282838 28.4
      vertex 80.83980388508805 26.26644452187053 28.4
      vertex 82.10369523457081 21.999618833714262 28.4
    endloop
  endfacet
  facet normal 0.9723699203976766 0.2334453638559058 0
    outer loop
      vertex 83.14254606237348 17.672493719509543 28.4
      vertex 82.10369523457081 21.999618833714262 28.4
      vertex 83.14254606237348 17.672493719509543 30.009999999999998
    endloop
  endfacet
  facet normal 0 0 1
    outer loop
      vertex 81.48817003597321 4.270614029424217 30.009999999999998
      vertex 82.10369523457081 21.999618833714262 30.009999999999998
      vertex 80.83980388508805 26.26644452187053 30.009999999999998
    endloop
  endfacet
  facet normal 0 0 1
    outer loop
      vertex 80.59536859256323 12.765052347282838 30.009999999999998
      vertex 80.83980388508805 26.26644452187053 30.009999999999998
      vertex 79.81684421987853 16.96559397072916 30.009999999999998
    endloop
  endfacet
  facet normal 0.9832549075639546 0.18223552549214705 0
    outer loop
      vertex 83.95350895058671 13.296929528419623 30.009999999999998
      vertex 83.14254606237348 17.672493719509543 28.4
      vertex 83.14254606237348 17.672493719509543 30.009999999999998
    endloop
  endfacet
  facet normal 0.9723699203976766 0.2334453638559058 0
    outer loop
      vertex 83.14254606237348 17.672493719509543 30.009999999999998
      vertex 82.10369523457081 21.999618833714262 28.4
      vertex 82.10369523457081 21.999618833714262 30.009999999999998
    endloop
  endfacet
  facet normal 0 0 -1
    outer loop
      vertex 72.70613237377081 37.04562477874701 28.4
      vertex 75.73555455601127 38.589192477861474 28.4
      vertex 74.54530934363623 33.1897100749853 28.4
    endloop
  endfacet
  facet normal 0 0 -1
    outer loop
      vertex 72.70613237377081 37.04562477874701 28.4
      vertex 73.61215932167728 42.5 28.4
      vertex 75.73555455601127 38.589192477861474 28.4
    endloop
  endfacet
  facet normal 0 0 -1
    outer loop
      vertex 72.70613237377081 37.04562477874701 28.4
      vertex 70.66767294881019 40.8 28.4
      vertex 73.61215932167728 42.5 28.4
    endloop
  endfacet
  facet normal 0 0 1
    outer loop
      vertex 72.70613237377081 37.04562477874701 30.009999999999998
      vertex 71.28699827536104 46.294317976277306 30.009999999999998
      vertex 70.66767294881018 40.8 30.009999999999998
    endloop
  endfacet
  facet normal 0 0 1
    outer loop
      vertex 72.70613237377081 37.04562477874701 30.009999999999998
      vertex 74.54530934363622 33.18971007498529 30.009999999999998
      vertex 73.61215932167728 42.5 30.009999999999998
    endloop
  endfacet
  facet normal 0.8788171126619656 0.4771587602596082 0
    outer loop
      vertex 75.73555455601127 38.589192477861474 30.009999999999998
      vertex 73.61215932167728 42.5 28.4
      vertex 73.61215932167728 42.5 30.009999999999998
    endloop
  endfacet
  facet normal 0 0 1
    outer loop
      vertex 72.70613237377081 37.04562477874701 30.009999999999998
      vertex 73.61215932167728 42.5 30.009999999999998
      vertex 71.28699827536104 46.294317976277306 30.009999999999998
    endloop
  endfacet
  facet normal 0 0 -1
    outer loop
      vertex 78.81954742518798 21.119634080365692 28.4
      vertex 77.60621172968453 25.215786740995707 28.4
      vertex 79.35433625226214 30.461275711350524 28.4
    endloop
  endfacet
  facet normal 0 0 -1
    outer loop
      vertex 78.81954742518798 21.119634080365692 28.4
      vertex 79.35433625226214 30.461275711350524 28.4
      vertex 80.83980388508805 26.26644452187053 28.4
    endloop
  endfacet
  facet normal 0 0 1
    outer loop
      vertex 78.81954742518796 21.119634080365692 30.009999999999998
      vertex 79.81684421987853 16.96559397072916 30.009999999999998
      vertex 79.35433625226214 30.461275711350524 30.009999999999998
    endloop
  endfacet
  facet normal 0 0 -1
    outer loop
      vertex 77.60621172968453 25.215786740995707 28.4
      vertex 76.18016280217167 29.2428246828965 28.4
      vertex 77.65136389962107 34.57261466144302 28.4
    endloop
  endfacet
  facet normal 0 0 -1
    outer loop
      vertex 77.60621172968453 25.215786740995707 28.4
      vertex 77.65136389962107 34.57261466144302 28.4
      vertex 79.35433625226214 30.461275711350524 28.4
    endloop
  endfacet
  facet normal 0.9238795325112871 0.3826834323650891 0
    outer loop
      vertex 79.35433625226214 30.461275711350524 28.4
      vertex 77.65136389962107 34.57261466144302 28.4
      vertex 79.35433625226214 30.461275711350524 30.009999999999998
    endloop
  endfacet
  facet normal 0 0 1
    outer loop
      vertex 78.81954742518796 21.119634080365692 30.009999999999998
      vertex 77.65136389962107 34.57261466144302 30.009999999999998
      vertex 77.60621172968452 25.215786740995707 30.009999999999998
    endloop
  endfacet
  facet normal 0 0 1
    outer loop
      vertex 78.81954742518796 21.119634080365692 30.009999999999998
      vertex 79.35433625226214 30.461275711350524 30.009999999999998
      vertex 77.65136389962107 34.57261466144302 30.009999999999998
    endloop
  endfacet
  facet normal 0 0 1
    outer loop
      vertex 77.60621172968452 25.215786740995707 30.009999999999998
      vertex 77.65136389962107 34.57261466144302 30.009999999999998
      vertex 76.18016280217165 29.2428246828965 30.009999999999998
    endloop
  endfacet
  facet normal 0 0 -1
    outer loop
      vertex 78.81954742518798 21.119634080365692 28.4
      vertex 80.83980388508805 26.26644452187053 28.4
      vertex 79.81684421987855 16.965593970729163 28.4
    endloop
  endfacet
  facet normal 0.9588197348681924 0.2840153447039249 0
    outer loop
      vertex 82.10369523457081 21.999618833714262 28.4
      vertex 80.83980388508805 26.26644452187053 28.4
      vertex 82.10369523457081 21.999618833714262 30.009999999999998
    endloop
  endfacet
  facet normal 0.9588197348681924 0.2840153447039249 0
    outer loop
      vertex 80.83980388508805 26.26644452187053 28.4
      vertex 80.83980388508805 26.26644452187053 30.009999999999998
      vertex 82.10369523457081 21.999618833714262 30.009999999999998
    endloop
  endfacet
  facet normal 0 0 1
    outer loop
      vertex 79.81684421987853 16.96559397072916 30.009999999999998
      vertex 80.83980388508805 26.26644452187053 30.009999999999998
      vertex 79.35433625226214 30.461275711350524 30.009999999999998
    endloop
  endfacet
  facet normal 0.9426414910921787 0.3338068592337701 0
    outer loop
      vertex 79.35433625226214 30.461275711350524 28.4
      vertex 80.83980388508805 26.26644452187053 30.009999999999998
      vertex 80.83980388508805 26.26644452187053 28.4
    endloop
  endfacet
  facet normal 0.9426414910921787 0.3338068592337701 0
    outer loop
      vertex 79.35433625226214 30.461275711350524 28.4
      vertex 79.35433625226214 30.461275711350524 30.009999999999998
      vertex 80.83980388508805 26.26644452187053 30.009999999999998
    endloop
  endfacet
  facet normal 0 0 -1
    outer loop
      vertex 76.18016280217167 29.2428246828965 28.4
      vertex 74.54530934363623 33.1897100749853 28.4
      vertex 77.65136389962107 34.57261466144302 28.4
    endloop
  endfacet
  facet normal 0 0 -1
    outer loop
      vertex 74.54530934363623 33.1897100749853 28.4
      vertex 75.73555455601127 38.589192477861474 28.4
      vertex 77.65136389962107 34.57261466144302 28.4
    endloop
  endfacet
  facet normal 0.9025852843498603 0.4305110968082957 0
    outer loop
      vertex 77.65136389962107 34.57261466144302 28.4
      vertex 75.73555455601127 38.589192477861474 28.4
      vertex 77.65136389962107 34.57261466144302 30.009999999999998
    endloop
  endfacet
  facet normal 0 0 1
    outer loop
      vertex 76.18016280217165 29.2428246828965 30.009999999999998
      vertex 75.73555455601127 38.589192477861474 30.009999999999998
      vertex 74.54530934363622 33.18971007498529 30.009999999999998
    endloop
  endfacet
  facet normal 0 0 1
    outer loop
      vertex 76.18016280217165 29.2428246828965 30.009999999999998
      vertex 77.65136389962107 34.57261466144302 30.009999999999998
      vertex 75.73555455601127 38.589192477861474 30.009999999999998
    endloop
  endfacet
  facet normal 0.9238795325112871 0.3826834323650891 0
    outer loop
      vertex 79.35433625226214 30.461275711350524 30.009999999999998
      vertex 77.65136389962107 34.57261466144302 28.4
      vertex 77.65136389962107 34.57261466144302 30.009999999999998
    endloop
  endfacet
  facet normal 0.8788171126619656 0.4771587602596082 0
    outer loop
      vertex 75.73555455601127 38.589192477861474 28.4
      vertex 73.61215932167728 42.5 28.4
      vertex 75.73555455601127 38.589192477861474 30.009999999999998
    endloop
  endfacet
  facet normal 0.9025852843498603 0.4305110968082957 0
    outer loop
      vertex 77.65136389962107 34.57261466144302 30.009999999999998
      vertex 75.73555455601127 38.589192477861474 28.4
      vertex 75.73555455601127 38.589192477861474 30.009999999999998
    endloop
  endfacet
  facet normal 0 0 1
    outer loop
      vertex 74.54530934363622 33.18971007498529 30.009999999999998
      vertex 75.73555455601127 38.589192477861474 30.009999999999998
      vertex 73.61215932167728 42.5 30.009999999999998
    endloop
  endfacet
  facet normal 0 0 -1
    outer loop
      vertex 51.35254390966674 63.41511045488882 28.4
      vertex 56.87610154050295 63.16731016557851 28.4
      vertex 54.60105747888284 60.640617758955365 28.4
    endloop
  endfacet
  facet normal -2.6255734283950937e-16 -2.6929108146828736e-15 -1
    outer loop
      vertex 57.69991334482229 57.699913344822264 28.400000000000006
      vertex 54.60105747888284 60.640617758955365 28.4
      vertex 60.10407640085654 60.10407640085654 28.4
    endloop
  endfacet
  facet normal 0 0 -1
    outer loop
      vertex 54.60105747888284 60.640617758955365 28.4
      vertex 56.87610154050295 63.16731016557851 28.4
      vertex 60.10407640085654 60.10407640085654 28.4
    endloop
  endfacet
  facet normal 0.6883545756937541 0.7253743710122874 0
    outer loop
      vertex 56.87610154050295 63.16731016557851 28.4
      vertex 56.87610154050295 63.16731016557851 30.009999999999998
      vertex 60.10407640085654 60.10407640085654 28.4
    endloop
  endfacet
  facet normal 0 0 1
    outer loop
      vertex 51.35254390966673 63.41511045488882 30.009999999999998
      vertex 54.60105747888283 60.640617758955365 30.009999999999998
      vertex 53.49223323923618 66.05740672384253 30.009999999999998
    endloop
  endfacet
  facet normal 0 0 1
    outer loop
      vertex 54.60105747888283 60.640617758955365 30.009999999999998
      vertex 56.87610154050295 63.16731016557851 30.009999999999998
      vertex 53.49223323923618 66.05740672384253 30.009999999999998
    endloop
  endfacet
  facet normal 0 0 1
    outer loop
      vertex 57.69991334482228 57.69991334482228 30.009999999999998
      vertex 56.87610154050295 63.16731016557851 30.009999999999998
      vertex 54.60105747888283 60.640617758955365 30.009999999999998
    endloop
  endfacet
  facet normal 0 0 1
    outer loop
      vertex 57.69991334482228 57.69991334482228 30.009999999999998
      vertex 60.10407640085654 60.10407640085654 30.009999999999998
      vertex 56.87610154050295 63.16731016557851 30.009999999999998
    endloop
  endfacet
  facet normal -1.1132963277581465e-15 1.2364408343215783e-15 -1
    outer loop
      vertex 57.69991334482229 57.699913344822264 28.400000000000006
      vertex 63.16731016557851 56.87610154050295 28.4
      vertex 60.640617758955365 54.60105747888282 28.4
    endloop
  endfacet
  facet normal -1.5164299074477538e-15 -1.4390382500746437e-15 -1
    outer loop
      vertex 57.69991334482229 57.699913344822264 28.400000000000006
      vertex 60.10407640085654 60.10407640085654 28.4
      vertex 63.16731016557851 56.87610154050295 28.4
    endloop
  endfacet
  facet normal 0 0 -1
    outer loop
      vertex 63.415110454888826 51.352543909666736 28.4
      vertex 60.640617758955365 54.60105747888282 28.4
      vertex 66.05740672384253 53.49223323923618 28.4
    endloop
  endfacet
  facet normal 0 0 -1
    outer loop
      vertex 60.640617758955365 54.60105747888282 28.4
      vertex 63.16731016557851 56.87610154050295 28.4
      vertex 66.05740672384253 53.49223323923618 28.4
    endloop
  endfacet
  facet normal 0.7253743710122874 0.6883545756937541 0
    outer loop
      vertex 63.16731016557851 56.87610154050295 28.4
      vertex 60.10407640085654 60.10407640085654 28.4
      vertex 63.16731016557851 56.87610154050295 30.009999999999998
    endloop
  endfacet
  facet normal 0 0 1
    outer loop
      vertex 57.69991334482228 57.69991334482228 30.009999999999998
      vertex 60.640617758955365 54.60105747888283 30.009999999999998
      vertex 60.10407640085654 60.10407640085654 30.009999999999998
    endloop
  endfacet
  facet normal 0 0 1
    outer loop
      vertex 63.41511045488882 51.35254390966673 30.009999999999998
      vertex 63.16731016557851 56.87610154050295 30.009999999999998
      vertex 60.640617758955365 54.60105747888283 30.009999999999998
    endloop
  endfacet
  facet normal 0 0 1
    outer loop
      vertex 60.640617758955365 54.60105747888283 30.009999999999998
      vertex 63.16731016557851 56.87610154050295 30.009999999999998
      vertex 60.10407640085654 60.10407640085654 30.009999999999998
    endloop
  endfacet
  facet normal 0.6883545756937541 0.7253743710122874 0
    outer loop
      vertex 56.87610154050295 63.16731016557851 30.009999999999998
      vertex 60.10407640085654 60.10407640085654 30.009999999999998
      vertex 60.10407640085654 60.10407640085654 28.4
    endloop
  endfacet
  facet normal 0.7253743710122874 0.6883545756937541 0
    outer loop
      vertex 63.16731016557851 56.87610154050295 30.009999999999998
      vertex 60.10407640085654 60.10407640085654 28.4
      vertex 60.10407640085654 60.10407640085654 30.009999999999998
    endloop
  endfacet
  facet normal 0 0 -1
    outer loop
      vertex 44.44254525722621 68.4355183443466 28.4
      vertex 49.96174644486022 68.76644452187054 28.4
      vertex 47.963276587065806 66.01578674099571 28.4
    endloop
  endfacet
  facet normal 0 0 1
    outer loop
      vertex 44.44254525722621 68.4355183443466 30.009999999999998
      vertex 47.963276587065806 66.01578674099571 30.009999999999998
      vertex 46.294317976277306 71.28699827536104 30.009999999999998
    endloop
  endfacet
  facet normal 0 0 -1
    outer loop
      vertex 40.80000000000002 70.66767294881018 28.4
      vertex 46.294317976277306 71.28699827536104 28.4
      vertex 44.44254525722621 68.4355183443466 28.4
    endloop
  endfacet
  facet normal 0 0 -1
    outer loop
      vertex 40.80000000000002 70.66767294881018 28.4
      vertex 42.5 73.61215932167728 28.4
      vertex 46.294317976277306 71.28699827536104 28.4
    endloop
  endfacet
  facet normal 0.522498564715948 0.8526401643540928 0
    outer loop
      vertex 42.5 73.61215932167728 28.4
      vertex 42.5 73.61215932167728 30.009999999999998
      vertex 46.294317976277306 71.28699827536104 28.4
    endloop
  endfacet
  facet normal 0 0 -1
    outer loop
      vertex 44.44254525722621 68.4355183443466 28.4
      vertex 46.294317976277306 71.28699827536104 28.4
      vertex 49.96174644486022 68.76644452187054 28.4
    endloop
  endfacet
  facet normal 0.5664062369248318 0.8241261886220164 0
    outer loop
      vertex 46.294317976277306 71.28699827536104 28.4
      vertex 46.294317976277306 71.28699827536104 30.009999999999998
      vertex 49.96174644486022 68.76644452187054 28.4
    endloop
  endfacet
  facet normal 0 0 1
    outer loop
      vertex 40.8 70.66767294881018 30.009999999999998
      vertex 44.44254525722621 68.4355183443466 30.009999999999998
      vertex 42.5 73.61215932167728 30.009999999999998
    endloop
  endfacet
  facet normal 0 0 1
    outer loop
      vertex 44.44254525722621 68.4355183443466 30.009999999999998
      vertex 46.294317976277306 71.28699827536104 30.009999999999998
      vertex 42.5 73.61215932167728 30.009999999999998
    endloop
  endfacet
  facet normal 0.522498564715948 0.8526401643540928 0
    outer loop
      vertex 46.294317976277306 71.28699827536104 28.4
      vertex 42.5 73.61215932167728 30.009999999999998
      vertex 46.294317976277306 71.28699827536104 30.009999999999998
    endloop
  endfacet
  facet normal 0 0 -1
    outer loop
      vertex 51.35254390966674 63.41511045488882 28.4
      vertex 47.963276587065806 66.01578674099571 28.4
      vertex 53.49223323923618 66.05740672384253 28.4
    endloop
  endfacet
  facet normal 0 0 -1
    outer loop
      vertex 47.963276587065806 66.01578674099571 28.4
      vertex 49.96174644486022 68.76644452187054 28.4
      vertex 53.49223323923618 66.05740672384253 28.4
    endloop
  endfacet
  facet normal 0.6087614290087214 0.7933533402912346 0
    outer loop
      vertex 49.96174644486022 68.76644452187054 28.4
      vertex 49.96174644486022 68.76644452187054 30.009999999999998
      vertex 53.49223323923618 66.05740672384253 28.4
    endloop
  endfacet
  facet normal 0 0 1
    outer loop
      vertex 51.35254390966673 63.41511045488882 30.009999999999998
      vertex 49.96174644486022 68.76644452187054 30.009999999999998
      vertex 47.963276587065806 66.01578674099571 30.009999999999998
    endloop
  endfacet
  facet normal 0 0 1
    outer loop
      vertex 46.294317976277306 71.28699827536104 30.009999999999998
      vertex 47.963276587065806 66.01578674099571 30.009999999999998
      vertex 49.96174644486022 68.76644452187054 30.009999999999998
    endloop
  endfacet
  facet normal 0 0 1
    outer loop
      vertex 51.35254390966673 63.41511045488882 30.009999999999998
      vertex 53.49223323923618 66.05740672384253 30.009999999999998
      vertex 49.96174644486022 68.76644452187054 30.009999999999998
    endloop
  endfacet
  facet normal 0.6087614290087214 0.7933533402912346 0
    outer loop
      vertex 49.96174644486022 68.76644452187054 30.009999999999998
      vertex 53.49223323923618 66.05740672384253 30.009999999999998
      vertex 53.49223323923618 66.05740672384253 28.4
    endloop
  endfacet
  facet normal 0.5664062369248318 0.8241261886220164 0
    outer loop
      vertex 46.294317976277306 71.28699827536104 30.009999999999998
      vertex 49.96174644486022 68.76644452187054 30.009999999999998
      vertex 49.96174644486022 68.76644452187054 28.4
    endloop
  endfacet
  facet normal 0 0 -1
    outer loop
      vertex 51.35254390966674 63.41511045488882 28.4
      vertex 53.49223323923618 66.05740672384253 28.4
      vertex 56.87610154050295 63.16731016557851 28.4
    endloop
  endfacet
  facet normal 0.6494480483301834 0.7604059656000313 0
    outer loop
      vertex 56.87610154050295 63.16731016557851 28.4
      vertex 53.49223323923618 66.05740672384253 28.4
      vertex 53.49223323923618 66.05740672384253 30.009999999999998
    endloop
  endfacet
  facet normal 0.6494480483301834 0.7604059656000313 0
    outer loop
      vertex 56.87610154050295 63.16731016557851 28.4
      vertex 53.49223323923618 66.05740672384253 30.009999999999998
      vertex 56.87610154050295 63.16731016557851 30.009999999999998
    endloop
  endfacet
  facet normal 0 0 -1
    outer loop
      vertex 68.4355183443466 44.44254525722621 28.4
      vertex 66.01578674099571 47.96327658706581 28.4
      vertex 68.76644452187054 49.96174644486022 28.4
    endloop
  endfacet
  facet normal 0 0 -1
    outer loop
      vertex 63.415110454888826 51.352543909666736 28.4
      vertex 66.05740672384253 53.49223323923618 28.4
      vertex 66.01578674099571 47.96327658706581 28.4
    endloop
  endfacet
  facet normal 0 0 -1
    outer loop
      vertex 66.01578674099571 47.96327658706581 28.4
      vertex 66.05740672384253 53.49223323923618 28.4
      vertex 68.76644452187054 49.96174644486022 28.4
    endloop
  endfacet
  facet normal 0.7933533402912346 0.6087614290087214 0
    outer loop
      vertex 68.76644452187054 49.96174644486022 28.4
      vertex 66.05740672384253 53.49223323923618 28.4
      vertex 68.76644452187054 49.96174644486022 30.009999999999998
    endloop
  endfacet
  facet normal 0 0 1
    outer loop
      vertex 63.41511045488882 51.35254390966673 30.009999999999998
      vertex 66.01578674099571 47.963276587065806 30.009999999999998
      vertex 66.05740672384253 53.49223323923618 30.009999999999998
    endloop
  endfacet
  facet normal 0 0 1
    outer loop
      vertex 68.4355183443466 44.44254525722621 30.009999999999998
      vertex 66.05740672384253 53.49223323923618 30.009999999999998
      vertex 66.01578674099571 47.963276587065806 30.009999999999998
    endloop
  endfacet
  facet normal 0 0 1
    outer loop
      vertex 68.4355183443466 44.44254525722621 30.009999999999998
      vertex 68.76644452187054 49.96174644486022 30.009999999999998
      vertex 66.05740672384253 53.49223323923618 30.009999999999998
    endloop
  endfacet
  facet normal 0.7933533402912346 0.6087614290087214 0
    outer loop
      vertex 68.76644452187054 49.96174644486022 30.009999999999998
      vertex 66.05740672384253 53.49223323923618 28.4
      vertex 66.05740672384253 53.49223323923618 30.009999999999998
    endloop
  endfacet
  facet normal 0 0 -1
    outer loop
      vertex 70.66767294881019 40.8 28.4
      vertex 68.4355183443466 44.44254525722621 28.4
      vertex 71.28699827536104 46.294317976277306 28.4
    endloop
  endfacet
  facet normal 0 0 -1
    outer loop
      vertex 68.4355183443466 44.44254525722621 28.4
      vertex 68.76644452187054 49.96174644486022 28.4
      vertex 71.28699827536104 46.294317976277306 28.4
    endloop
  endfacet
  facet normal 0.8241261886220164 0.5664062369248318 0
    outer loop
      vertex 68.76644452187054 49.96174644486022 28.4
      vertex 71.28699827536104 46.294317976277306 30.009999999999998
      vertex 71.28699827536104 46.294317976277306 28.4
    endloop
  endfacet
  facet normal 0 0 -1
    outer loop
      vertex 70.66767294881019 40.8 28.4
      vertex 71.28699827536104 46.294317976277306 28.4
      vertex 73.61215932167728 42.5 28.4
    endloop
  endfacet
  facet normal 0.8526401643540928 0.522498564715948 0
    outer loop
      vertex 71.28699827536104 46.294317976277306 28.4
      vertex 73.61215932167728 42.5 30.009999999999998
      vertex 73.61215932167728 42.5 28.4
    endloop
  endfacet
  facet normal 0 0 1
    outer loop
      vertex 70.66767294881018 40.8 30.009999999999998
      vertex 68.76644452187054 49.96174644486022 30.009999999999998
      vertex 68.4355183443466 44.44254525722621 30.009999999999998
    endloop
  endfacet
  facet normal 0 0 1
    outer loop
      vertex 70.66767294881018 40.8 30.009999999999998
      vertex 71.28699827536104 46.294317976277306 30.009999999999998
      vertex 68.76644452187054 49.96174644486022 30.009999999999998
    endloop
  endfacet
  facet normal 0.8526401643540928 0.522498564715948 0
    outer loop
      vertex 71.28699827536104 46.294317976277306 28.4
      vertex 71.28699827536104 46.294317976277306 30.009999999999998
      vertex 73.61215932167728 42.5 30.009999999999998
    endloop
  endfacet
  facet normal 0.8241261886220164 0.5664062369248318 0
    outer loop
      vertex 68.76644452187054 49.96174644486022 28.4
      vertex 68.76644452187054 49.96174644486022 30.009999999999998
      vertex 71.28699827536104 46.294317976277306 30.009999999999998
    endloop
  endfacet
  facet normal 0.7604059656000313 0.6494480483301834 0
    outer loop
      vertex 63.16731016557851 56.87610154050295 28.4
      vertex 66.05740672384253 53.49223323923618 30.009999999999998
      vertex 66.05740672384253 53.49223323923618 28.4
    endloop
  endfacet
  facet normal 0.7604059656000313 0.6494480483301834 0
    outer loop
      vertex 63.16731016557851 56.87610154050295 28.4
      vertex 63.16731016557851 56.87610154050295 30.009999999999998
      vertex 66.05740672384253 53.49223323923618 30.009999999999998
    endloop
  endfacet
  facet normal 0 0 1
    outer loop
      vertex 63.41511045488882 51.35254390966673 30.009999999999998
      vertex 66.05740672384253 53.49223323923618 30.009999999999998
      vertex 63.16731016557851 56.87610154050295 30.009999999999998
    endloop
  endfacet
  facet normal 0.8526401643540943 0.5224985647159456 0
    outer loop
      vertex -68.4355183443466 -44.44254525722621 30.009999999999998
      vertex -68.4355183443466 -44.44254525722621 30
      vertex -70.66767294881018 -40.8 30.009999999999998
    endloop
  endfacet
  facet normal 0.7933533402912342 0.6087614290087219 0
    outer loop
      vertex -66.01578674099571 -47.963276587065806 30.009999999999998
      vertex -63.41511045488882 -51.35254390966673 30
      vertex -66.01578674099571 -47.963276587065806 30
    endloop
  endfacet
  facet normal 0.7933533402912342 0.6087614290087219 0
    outer loop
      vertex -66.01578674099571 -47.963276587065806 30.009999999999998
      vertex -63.41511045488882 -51.35254390966673 30.009999999999998
      vertex -63.41511045488882 -51.35254390966673 30
    endloop
  endfacet
  facet normal 0.8241261886220151 0.5664062369248336 0
    outer loop
      vertex -66.01578674099571 -47.963276587065806 30.009999999999998
      vertex -66.01578674099571 -47.963276587065806 30
      vertex -68.4355183443466 -44.44254525722621 30.009999999999998
    endloop
  endfacet
  facet normal 0.8241261886220151 0.5664062369248336 0
    outer loop
      vertex -66.01578674099571 -47.963276587065806 30
      vertex -68.4355183443466 -44.44254525722621 30
      vertex -68.4355183443466 -44.44254525722621 30.009999999999998
    endloop
  endfacet
  facet normal 0.6087614290087219 0.7933533402912342 0
    outer loop
      vertex -47.963276587065806 -66.01578674099571 30
      vertex -51.35254390966673 -63.41511045488882 30
      vertex -51.35254390966673 -63.41511045488882 30.009999999999998
    endloop
  endfacet
  facet normal 0.6087614290087219 0.7933533402912342 0
    outer loop
      vertex -47.963276587065806 -66.01578674099571 30.009999999999998
      vertex -47.963276587065806 -66.01578674099571 30
      vertex -51.35254390966673 -63.41511045488882 30.009999999999998
    endloop
  endfacet
  facet normal 0.5224985647159456 0.8526401643540943 0
    outer loop
      vertex -44.44254525722621 -68.4355183443466 30.009999999999998
      vertex -40.8 -70.66767294881018 30
      vertex -44.44254525722621 -68.4355183443466 30
    endloop
  endfacet
  facet normal 0.5664062369248336 0.8241261886220151 0
    outer loop
      vertex -47.963276587065806 -66.01578674099571 30.009999999999998
      vertex -44.44254525722621 -68.4355183443466 30
      vertex -47.963276587065806 -66.01578674099571 30
    endloop
  endfacet
  facet normal 0.5664062369248336 0.8241261886220151 0
    outer loop
      vertex -47.963276587065806 -66.01578674099571 30.009999999999998
      vertex -44.44254525722621 -68.4355183443466 30.009999999999998
      vertex -44.44254525722621 -68.4355183443466 30
    endloop
  endfacet
  facet normal 0.7604059656000316 0.6494480483301827 0
    outer loop
      vertex -60.640617758955365 -54.60105747888283 30.009999999999998
      vertex -60.640617758955365 -54.60105747888283 30
      vertex -63.41511045488882 -51.35254390966673 30.009999999999998
    endloop
  endfacet
  facet normal 0.7253743710122883 0.6883545756937534 0
    outer loop
      vertex -60.640617758955365 -54.60105747888283 30.009999999999998
      vertex -57.69991334482228 -57.69991334482228 30.009999999999998
      vertex -57.69991334482228 -57.69991334482228 30
    endloop
  endfacet
  facet normal 0.7253743710122883 0.6883545756937534 0
    outer loop
      vertex -60.640617758955365 -54.60105747888283 30.009999999999998
      vertex -57.69991334482228 -57.69991334482228 30
      vertex -60.640617758955365 -54.60105747888283 30
    endloop
  endfacet
  facet normal 0.6883545756937534 0.7253743710122883 0
    outer loop
      vertex -54.60105747888283 -60.640617758955365 30
      vertex -57.69991334482228 -57.69991334482228 30
      vertex -57.69991334482228 -57.69991334482228 30.009999999999998
    endloop
  endfacet
  facet normal 0.6494480483301827 0.7604059656000316 0
    outer loop
      vertex -54.60105747888283 -60.640617758955365 30.009999999999998
      vertex -51.35254390966673 -63.41511045488882 30
      vertex -54.60105747888283 -60.640617758955365 30
    endloop
  endfacet
  facet normal 0.6883545756937534 0.7253743710122883 0
    outer loop
      vertex -54.60105747888283 -60.640617758955365 30.009999999999998
      vertex -54.60105747888283 -60.640617758955365 30
      vertex -57.69991334482228 -57.69991334482228 30.009999999999998
    endloop
  endfacet
  facet normal 0.7604059656000316 0.6494480483301827 0
    outer loop
      vertex -60.640617758955365 -54.60105747888283 30
      vertex -63.41511045488882 -51.35254390966673 30
      vertex -63.41511045488882 -51.35254390966673 30.009999999999998
    endloop
  endfacet
  facet normal 0.6494480483301827 0.7604059656000316 0
    outer loop
      vertex -54.60105747888283 -60.640617758955365 30.009999999999998
      vertex -51.35254390966673 -63.41511045488882 30.009999999999998
      vertex -51.35254390966673 -63.41511045488882 30
    endloop
  endfacet
  facet normal 0.9238795325112865 0.3826834323650904 0
    outer loop
      vertex -74.54530934363622 -33.18971007498529 30.009999999999998
      vertex -74.54530934363622 -33.18971007498529 30
      vertex -76.18016280217165 -29.2428246828965 30.009999999999998
    endloop
  endfacet
  facet normal 0.9238795325112865 0.3826834323650904 0
    outer loop
      vertex -74.54530934363622 -33.18971007498529 30
      vertex -76.18016280217165 -29.2428246828965 30
      vertex -76.18016280217165 -29.2428246828965 30.009999999999998
    endloop
  endfacet
  facet normal 0.9426414910921787 0.33380685923377035 0
    outer loop
      vertex -76.18016280217165 -29.2428246828965 30.009999999999998
      vertex -76.18016280217165 -29.2428246828965 30
      vertex -77.60621172968452 -25.215786740995707 30.009999999999998
    endloop
  endfacet
  facet normal 0.9426414910921787 0.33380685923377035 0
    outer loop
      vertex -76.18016280217165 -29.2428246828965 30
      vertex -77.60621172968452 -25.215786740995707 30
      vertex -77.60621172968452 -25.215786740995707 30.009999999999998
    endloop
  endfacet
  facet normal 0.9588197348681927 0.28401534470392376 0
    outer loop
      vertex -77.60621172968452 -25.215786740995707 30
      vertex -78.81954742518796 -21.119634080365692 30
      vertex -78.81954742518796 -21.119634080365692 30.009999999999998
    endloop
  endfacet
  facet normal 0.9588197348681927 0.28401534470392376 0
    outer loop
      vertex -77.60621172968452 -25.215786740995707 30.009999999999998
      vertex -77.60621172968452 -25.215786740995707 30
      vertex -78.81954742518796 -21.119634080365692 30.009999999999998
    endloop
  endfacet
  facet normal 0.8788171126619644 0.47715876025961007 0
    outer loop
      vertex -70.66767294881018 -40.8 30
      vertex -72.70613237377081 -37.04562477874701 30
      vertex -72.70613237377081 -37.04562477874701 30.009999999999998
    endloop
  endfacet
  facet normal 0.8526401643540943 0.5224985647159456 0
    outer loop
      vertex -68.4355183443466 -44.44254525722621 30
      vertex -70.66767294881018 -40.8 30
      vertex -70.66767294881018 -40.8 30.009999999999998
    endloop
  endfacet
  facet normal 0.8788171126619644 0.47715876025961007 0
    outer loop
      vertex -70.66767294881018 -40.8 30.009999999999998
      vertex -70.66767294881018 -40.8 30
      vertex -72.70613237377081 -37.04562477874701 30.009999999999998
    endloop
  endfacet
  facet normal 0.9025852843498614 0.4305110968082935 0
    outer loop
      vertex -74.54530934363622 -33.18971007498529 30.009999999999998
      vertex -72.70613237377081 -37.04562477874701 30.009999999999998
      vertex -72.70613237377081 -37.04562477874701 30
    endloop
  endfacet
  facet normal 0.9025852843498614 0.4305110968082935 0
    outer loop
      vertex -74.54530934363622 -33.18971007498529 30.009999999999998
      vertex -72.70613237377081 -37.04562477874701 30
      vertex -74.54530934363622 -33.18971007498529 30
    endloop
  endfacet
  facet normal 0.9832549075639546 0.18223552549214792 0
    outer loop
      vertex -79.81684421987853 -16.96559397072916 30.009999999999998
      vertex -79.81684421987853 -16.96559397072916 30
      vertex -80.59536859256323 -12.765052347282838 30.009999999999998
    endloop
  endfacet
  facet normal 0.9832549075639546 0.18223552549214792 0
    outer loop
      vertex -79.81684421987853 -16.96559397072916 30
      vertex -80.59536859256323 -12.765052347282838 30
      vertex -80.59536859256323 -12.765052347282838 30.009999999999998
    endloop
  endfacet
  facet normal 0.9914448613738106 0.13052619222004996 0
    outer loop
      vertex -80.59536859256323 -12.765052347282838 30.009999999999998
      vertex -80.59536859256323 -12.765052347282838 30
      vertex -81.15298666205109 -8.529522602640522 30.009999999999998
    endloop
  endfacet
  facet normal 0.9723699203976766 0.23344536385590578 0
    outer loop
      vertex -79.81684421987853 -16.96559397072916 30.009999999999998
      vertex -78.81954742518796 -21.119634080365692 30.009999999999998
      vertex -78.81954742518796 -21.119634080365692 30
    endloop
  endfacet
  facet normal 0.9723699203976766 0.23344536385590578 0
    outer loop
      vertex -79.81684421987853 -16.96559397072916 30.009999999999998
      vertex -78.81954742518796 -21.119634080365692 30
      vertex -79.81684421987853 -16.96559397072916 30
    endloop
  endfacet
  facet normal 0.9914448613738106 0.13052619222004996 0
    outer loop
      vertex -80.59536859256323 -12.765052347282838 30
      vertex -81.15298666205109 -8.529522602640522 30
      vertex -81.15298666205109 -8.529522602640522 30.009999999999998
    endloop
  endfacet
  facet normal 0.9969173337331281 0.07845909572784422 0
    outer loop
      vertex -81.15298666205109 -8.529522602640522 30.009999999999998
      vertex -81.15298666205109 -8.529522602640522 30
      vertex -81.48817003597321 -4.270614029424217 30.009999999999998
    endloop
  endfacet
  facet normal 0.9969173337331281 0.07845909572784422 0
    outer loop
      vertex -81.15298666205109 -8.529522602640522 30
      vertex -81.48817003597321 -4.270614029424217 30
      vertex -81.48817003597321 -4.270614029424217 30.009999999999998
    endloop
  endfacet
  facet normal 0.9996573249755571 0.026176948307875543 0
    outer loop
      vertex -81.48817003597321 -4.270614029424217 30.009999999999998
      vertex -81.48817003597321 -4.270614029424217 30
      vertex -81.6 0 30.009999999999998
    endloop
  endfacet
  facet normal 0.9996573249755571 0.026176948307875543 0
    outer loop
      vertex -81.48817003597321 -4.270614029424217 30
      vertex -81.6 0 30
      vertex -81.6 0 30.009999999999998
    endloop
  endfacet
  facet normal 0.5224985647159456 0.8526401643540943 0
    outer loop
      vertex -44.44254525722621 -68.4355183443466 30.009999999999998
      vertex -40.8 -70.66767294881018 30.009999999999998
      vertex -40.8 -70.66767294881018 30
    endloop
  endfacet
  facet normal 0.47715876025961007 0.8788171126619644 0
    outer loop
      vertex -40.8 -70.66767294881018 30.009999999999998
      vertex -37.04562477874701 -72.70613237377081 30.009999999999998
      vertex -37.04562477874701 -72.70613237377081 30
    endloop
  endfacet
  facet normal 0.47715876025961007 0.8788171126619644 0
    outer loop
      vertex -40.8 -70.66767294881018 30.009999999999998
      vertex -37.04562477874701 -72.70613237377081 30
      vertex -40.8 -70.66767294881018 30
    endloop
  endfacet
  facet normal 0.4305110968082935 0.9025852843498614 0
    outer loop
      vertex -33.18971007498529 -74.54530934363622 30
      vertex -37.04562477874701 -72.70613237377081 30
      vertex -37.04562477874701 -72.70613237377081 30.009999999999998
    endloop
  endfacet
  facet normal 0.4305110968082935 0.9025852843498614 0
    outer loop
      vertex -33.18971007498529 -74.54530934363622 30.009999999999998
      vertex -33.18971007498529 -74.54530934363622 30
      vertex -37.04562477874701 -72.70613237377081 30.009999999999998
    endloop
  endfacet
  facet normal 0.3826834323650904 0.9238795325112865 0
    outer loop
      vertex -33.18971007498529 -74.54530934363622 30.009999999999998
      vertex -29.2428246828965 -76.18016280217165 30
      vertex -33.18971007498529 -74.54530934363622 30
    endloop
  endfacet
  facet normal 0.3826834323650904 0.9238795325112865 0
    outer loop
      vertex -33.18971007498529 -74.54530934363622 30.009999999999998
      vertex -29.2428246828965 -76.18016280217165 30.009999999999998
      vertex -29.2428246828965 -76.18016280217165 30
    endloop
  endfacet
  facet normal 0.33380685923377035 0.9426414910921787 0
    outer loop
      vertex -29.2428246828965 -76.18016280217165 30.009999999999998
      vertex -25.215786740995707 -77.60621172968452 30
      vertex -29.2428246828965 -76.18016280217165 30
    endloop
  endfacet
  facet normal 0.33380685923377035 0.9426414910921787 0
    outer loop
      vertex -29.2428246828965 -76.18016280217165 30.009999999999998
      vertex -25.215786740995707 -77.60621172968452 30.009999999999998
      vertex -25.215786740995707 -77.60621172968452 30
    endloop
  endfacet
  facet normal 0.28401534470392376 0.9588197348681927 0
    outer loop
      vertex -25.215786740995707 -77.60621172968452 30.009999999999998
      vertex -21.119634080365692 -78.81954742518796 30
      vertex -25.215786740995707 -77.60621172968452 30
    endloop
  endfacet
  facet normal 0.28401534470392376 0.9588197348681927 0
    outer loop
      vertex -25.215786740995707 -77.60621172968452 30.009999999999998
      vertex -21.119634080365692 -78.81954742518796 30.009999999999998
      vertex -21.119634080365692 -78.81954742518796 30
    endloop
  endfacet
  facet normal 0.23344536385590578 0.9723699203976766 0
    outer loop
      vertex -16.96559397072916 -79.81684421987853 30
      vertex -21.119634080365692 -78.81954742518796 30
      vertex -21.119634080365692 -78.81954742518796 30.009999999999998
    endloop
  endfacet
  facet normal 0.23344536385590578 0.9723699203976766 0
    outer loop
      vertex -16.96559397072916 -79.81684421987853 30.009999999999998
      vertex -16.96559397072916 -79.81684421987853 30
      vertex -21.119634080365692 -78.81954742518796 30.009999999999998
    endloop
  endfacet
  facet normal 0.18223552549214792 0.9832549075639546 0
    outer loop
      vertex -16.96559397072916 -79.81684421987853 30.009999999999998
      vertex -12.765052347282838 -80.59536859256323 30
      vertex -16.96559397072916 -79.81684421987853 30
    endloop
  endfacet
  facet normal 0.18223552549214792 0.9832549075639546 0
    outer loop
      vertex -16.96559397072916 -79.81684421987853 30.009999999999998
      vertex -12.765052347282838 -80.59536859256323 30.009999999999998
      vertex -12.765052347282838 -80.59536859256323 30
    endloop
  endfacet
  facet normal 0.13052619222004996 0.9914448613738106 0
    outer loop
      vertex -12.765052347282838 -80.59536859256323 30.009999999999998
      vertex -8.529522602640522 -81.15298666205109 30
      vertex -12.765052347282838 -80.59536859256323 30
    endloop
  endfacet
  facet normal 0.13052619222004996 0.9914448613738106 0
    outer loop
      vertex -12.765052347282838 -80.59536859256323 30.009999999999998
      vertex -8.529522602640522 -81.15298666205109 30.009999999999998
      vertex -8.529522602640522 -81.15298666205109 30
    endloop
  endfacet
  facet normal 0.07845909572784422 0.9969173337331281 0
    outer loop
      vertex -8.529522602640522 -81.15298666205109 30.009999999999998
      vertex -4.270614029424217 -81.48817003597321 30
      vertex -8.529522602640522 -81.15298666205109 30
    endloop
  endfacet
  facet normal 0.07845909572784422 0.9969173337331281 0
    outer loop
      vertex -8.529522602640522 -81.15298666205109 30.009999999999998
      vertex -4.270614029424217 -81.48817003597321 30.009999999999998
      vertex -4.270614029424217 -81.48817003597321 30
    endloop
  endfacet
  facet normal 0.026176948307875543 0.9996573249755571 0
    outer loop
      vertex -4.270614029424217 -81.48817003597321 30.009999999999998
      vertex 0 -81.6 30
      vertex -4.270614029424217 -81.48817003597321 30
    endloop
  endfacet
  facet normal 0.026176948307875543 0.9996573249755571 0
    outer loop
      vertex -4.270614029424217 -81.48817003597321 30.009999999999998
      vertex 0 -81.6 30.009999999999998
      vertex 0 -81.6 30
    endloop
  endfacet
  facet normal 0.9996573249755571 -0.026176948307875543 0
    outer loop
      vertex -81.6 0 30.009999999999998
      vertex -81.6 0 30
      vertex -81.48817003597321 4.270614029424217 30.009999999999998
    endloop
  endfacet
  facet normal 0.9996573249755571 -0.026176948307875543 0
    outer loop
      vertex -81.6 0 30
      vertex -81.48817003597321 4.270614029424217 30
      vertex -81.48817003597321 4.270614029424217 30.009999999999998
    endloop
  endfacet
  facet normal 0.9969173337331281 -0.07845909572784422 0
    outer loop
      vertex -81.48817003597321 4.270614029424217 30.009999999999998
      vertex -81.48817003597321 4.270614029424217 30
      vertex -81.15298666205109 8.529522602640522 30.009999999999998
    endloop
  endfacet
  facet normal 0.9969173337331281 -0.07845909572784422 0
    outer loop
      vertex -81.48817003597321 4.270614029424217 30
      vertex -81.15298666205109 8.529522602640522 30
      vertex -81.15298666205109 8.529522602640522 30.009999999999998
    endloop
  endfacet
  facet normal 0.9914448613738106 -0.13052619222004996 0
    outer loop
      vertex -81.15298666205109 8.529522602640522 30.009999999999998
      vertex -81.15298666205109 8.529522602640522 30
      vertex -80.59536859256323 12.765052347282838 30.009999999999998
    endloop
  endfacet
  facet normal 0.9914448613738106 -0.13052619222004996 0
    outer loop
      vertex -81.15298666205109 8.529522602640522 30
      vertex -80.59536859256323 12.765052347282838 30
      vertex -80.59536859256323 12.765052347282838 30.009999999999998
    endloop
  endfacet
  facet normal 0.9832549075639546 -0.18223552549214792 0
    outer loop
      vertex -80.59536859256323 12.765052347282838 30.009999999999998
      vertex -80.59536859256323 12.765052347282838 30
      vertex -79.81684421987853 16.96559397072916 30.009999999999998
    endloop
  endfacet
  facet normal 0.9832549075639546 -0.18223552549214792 0
    outer loop
      vertex -80.59536859256323 12.765052347282838 30
      vertex -79.81684421987853 16.96559397072916 30
      vertex -79.81684421987853 16.96559397072916 30.009999999999998
    endloop
  endfacet
  facet normal 0.9723699203976766 -0.23344536385590578 0
    outer loop
      vertex -79.81684421987853 16.96559397072916 30.009999999999998
      vertex -79.81684421987853 16.96559397072916 30
      vertex -78.81954742518796 21.119634080365692 30.009999999999998
    endloop
  endfacet
  facet normal 0.9723699203976766 -0.23344536385590578 0
    outer loop
      vertex -79.81684421987853 16.96559397072916 30
      vertex -78.81954742518796 21.119634080365692 30
      vertex -78.81954742518796 21.119634080365692 30.009999999999998
    endloop
  endfacet
  facet normal 0.9588197348681927 -0.28401534470392376 0
    outer loop
      vertex -78.81954742518796 21.119634080365692 30.009999999999998
      vertex -78.81954742518796 21.119634080365692 30
      vertex -77.60621172968452 25.215786740995707 30.009999999999998
    endloop
  endfacet
  facet normal 0.9588197348681927 -0.28401534470392376 0
    outer loop
      vertex -78.81954742518796 21.119634080365692 30
      vertex -77.60621172968452 25.215786740995707 30
      vertex -77.60621172968452 25.215786740995707 30.009999999999998
    endloop
  endfacet
  facet normal 0.9426414910921787 -0.33380685923377035 0
    outer loop
      vertex -77.60621172968452 25.215786740995707 30.009999999999998
      vertex -77.60621172968452 25.215786740995707 30
      vertex -76.18016280217165 29.2428246828965 30.009999999999998
    endloop
  endfacet
  facet normal 0.9426414910921787 -0.33380685923377035 0
    outer loop
      vertex -77.60621172968452 25.215786740995707 30
      vertex -76.18016280217165 29.2428246828965 30
      vertex -76.18016280217165 29.2428246828965 30.009999999999998
    endloop
  endfacet
  facet normal 0.9238795325112865 -0.3826834323650904 0
    outer loop
      vertex -76.18016280217165 29.2428246828965 30.009999999999998
      vertex -76.18016280217165 29.2428246828965 30
      vertex -74.54530934363622 33.18971007498529 30.009999999999998
    endloop
  endfacet
  facet normal 0.9238795325112865 -0.3826834323650904 0
    outer loop
      vertex -76.18016280217165 29.2428246828965 30
      vertex -74.54530934363622 33.18971007498529 30
      vertex -74.54530934363622 33.18971007498529 30.009999999999998
    endloop
  endfacet
  facet normal 0.9025852843498614 -0.4305110968082935 0
    outer loop
      vertex -74.54530934363622 33.18971007498529 30.009999999999998
      vertex -74.54530934363622 33.18971007498529 30
      vertex -72.70613237377081 37.04562477874701 30.009999999999998
    endloop
  endfacet
  facet normal 0.9025852843498614 -0.4305110968082935 0
    outer loop
      vertex -74.54530934363622 33.18971007498529 30
      vertex -72.70613237377081 37.04562477874701 30
      vertex -72.70613237377081 37.04562477874701 30.009999999999998
    endloop
  endfacet
  facet normal 0.8788171126619644 -0.47715876025961007 0
    outer loop
      vertex -72.70613237377081 37.04562477874701 30.009999999999998
      vertex -72.70613237377081 37.04562477874701 30
      vertex -70.66767294881018 40.8 30.009999999999998
    endloop
  endfacet
  facet normal 0.8788171126619644 -0.47715876025961007 0
    outer loop
      vertex -72.70613237377081 37.04562477874701 30
      vertex -70.66767294881018 40.8 30
      vertex -70.66767294881018 40.8 30.009999999999998
    endloop
  endfacet
  facet normal 0.8526401643540943 -0.5224985647159456 0
    outer loop
      vertex -70.66767294881018 40.8 30.009999999999998
      vertex -70.66767294881018 40.8 30
      vertex -68.4355183443466 44.44254525722621 30.009999999999998
    endloop
  endfacet
  facet normal 0.8526401643540943 -0.5224985647159456 0
    outer loop
      vertex -70.66767294881018 40.8 30
      vertex -68.4355183443466 44.44254525722621 30
      vertex -68.4355183443466 44.44254525722621 30.009999999999998
    endloop
  endfacet
  facet normal 0.8241261886220151 -0.5664062369248336 0
    outer loop
      vertex -68.4355183443466 44.44254525722621 30.009999999999998
      vertex -68.4355183443466 44.44254525722621 30
      vertex -66.01578674099571 47.963276587065806 30.009999999999998
    endloop
  endfacet
  facet normal 0.8241261886220151 -0.5664062369248336 0
    outer loop
      vertex -68.4355183443466 44.44254525722621 30
      vertex -66.01578674099571 47.963276587065806 30
      vertex -66.01578674099571 47.963276587065806 30.009999999999998
    endloop
  endfacet
  facet normal 0.7933533402912342 -0.6087614290087219 0
    outer loop
      vertex -66.01578674099571 47.963276587065806 30.009999999999998
      vertex -66.01578674099571 47.963276587065806 30
      vertex -63.41511045488882 51.35254390966673 30.009999999999998
    endloop
  endfacet
  facet normal 0.7933533402912342 -0.6087614290087219 0
    outer loop
      vertex -66.01578674099571 47.963276587065806 30
      vertex -63.41511045488882 51.35254390966673 30
      vertex -63.41511045488882 51.35254390966673 30.009999999999998
    endloop
  endfacet
  facet normal 0.7604059656000316 -0.6494480483301827 0
    outer loop
      vertex -63.41511045488882 51.35254390966673 30.009999999999998
      vertex -63.41511045488882 51.35254390966673 30
      vertex -60.640617758955365 54.60105747888283 30.009999999999998
    endloop
  endfacet
  facet normal 0.7604059656000316 -0.6494480483301827 0
    outer loop
      vertex -63.41511045488882 51.35254390966673 30
      vertex -60.640617758955365 54.60105747888283 30
      vertex -60.640617758955365 54.60105747888283 30.009999999999998
    endloop
  endfacet
  facet normal 0.7253743710122883 -0.6883545756937534 0
    outer loop
      vertex -60.640617758955365 54.60105747888283 30.009999999999998
      vertex -60.640617758955365 54.60105747888283 30
      vertex -57.69991334482228 57.69991334482228 30.009999999999998
    endloop
  endfacet
  facet normal 0.7253743710122883 -0.6883545756937534 0
    outer loop
      vertex -60.640617758955365 54.60105747888283 30
      vertex -57.69991334482228 57.69991334482228 30
      vertex -57.69991334482228 57.69991334482228 30.009999999999998
    endloop
  endfacet
  facet normal 0.6883545756937534 -0.7253743710122883 0
    outer loop
      vertex -57.69991334482228 57.69991334482228 30.009999999999998
      vertex -57.69991334482228 57.69991334482228 30
      vertex -54.60105747888283 60.640617758955365 30.009999999999998
    endloop
  endfacet
  facet normal 0.6883545756937534 -0.7253743710122883 0
    outer loop
      vertex -57.69991334482228 57.69991334482228 30
      vertex -54.60105747888283 60.640617758955365 30
      vertex -54.60105747888283 60.640617758955365 30.009999999999998
    endloop
  endfacet
  facet normal 0.6494480483301827 -0.7604059656000316 0
    outer loop
      vertex -54.60105747888283 60.640617758955365 30.009999999999998
      vertex -54.60105747888283 60.640617758955365 30
      vertex -51.35254390966673 63.41511045488882 30.009999999999998
    endloop
  endfacet
  facet normal 0.6494480483301827 -0.7604059656000316 0
    outer loop
      vertex -54.60105747888283 60.640617758955365 30
      vertex -51.35254390966673 63.41511045488882 30
      vertex -51.35254390966673 63.41511045488882 30.009999999999998
    endloop
  endfacet
  facet normal 0.6087614290087219 -0.7933533402912342 0
    outer loop
      vertex -51.35254390966673 63.41511045488882 30.009999999999998
      vertex -51.35254390966673 63.41511045488882 30
      vertex -47.963276587065806 66.01578674099571 30.009999999999998
    endloop
  endfacet
  facet normal 0.6087614290087219 -0.7933533402912342 0
    outer loop
      vertex -51.35254390966673 63.41511045488882 30
      vertex -47.963276587065806 66.01578674099571 30
      vertex -47.963276587065806 66.01578674099571 30.009999999999998
    endloop
  endfacet
  facet normal 0.5664062369248336 -0.8241261886220151 0
    outer loop
      vertex -47.963276587065806 66.01578674099571 30.009999999999998
      vertex -47.963276587065806 66.01578674099571 30
      vertex -44.44254525722621 68.4355183443466 30.009999999999998
    endloop
  endfacet
  facet normal 0.5664062369248336 -0.8241261886220151 0
    outer loop
      vertex -47.963276587065806 66.01578674099571 30
      vertex -44.44254525722621 68.4355183443466 30
      vertex -44.44254525722621 68.4355183443466 30.009999999999998
    endloop
  endfacet
  facet normal 0.5224985647159456 -0.8526401643540943 0
    outer loop
      vertex -44.44254525722621 68.4355183443466 30.009999999999998
      vertex -44.44254525722621 68.4355183443466 30
      vertex -40.8 70.66767294881018 30.009999999999998
    endloop
  endfacet
  facet normal 0.5224985647159456 -0.8526401643540943 0
    outer loop
      vertex -44.44254525722621 68.4355183443466 30
      vertex -40.8 70.66767294881018 30
      vertex -40.8 70.66767294881018 30.009999999999998
    endloop
  endfacet
  facet normal 0.47715876025961007 -0.8788171126619644 0
    outer loop
      vertex -40.8 70.66767294881018 30.009999999999998
      vertex -40.8 70.66767294881018 30
      vertex -37.04562477874701 72.70613237377081 30.009999999999998
    endloop
  endfacet
  facet normal 0.47715876025961007 -0.8788171126619644 0
    outer loop
      vertex -40.8 70.66767294881018 30
      vertex -37.04562477874701 72.70613237377081 30
      vertex -37.04562477874701 72.70613237377081 30.009999999999998
    endloop
  endfacet
  facet normal 0.4305110968082935 -0.9025852843498614 0
    outer loop
      vertex -37.04562477874701 72.70613237377081 30.009999999999998
      vertex -37.04562477874701 72.70613237377081 30
      vertex -33.18971007498529 74.54530934363622 30.009999999999998
    endloop
  endfacet
  facet normal 0.4305110968082935 -0.9025852843498614 0
    outer loop
      vertex -37.04562477874701 72.70613237377081 30
      vertex -33.18971007498529 74.54530934363622 30
      vertex -33.18971007498529 74.54530934363622 30.009999999999998
    endloop
  endfacet
  facet normal 0.3826834323650904 -0.9238795325112865 0
    outer loop
      vertex -33.18971007498529 74.54530934363622 30.009999999999998
      vertex -33.18971007498529 74.54530934363622 30
      vertex -29.2428246828965 76.18016280217165 30.009999999999998
    endloop
  endfacet
  facet normal 0.3826834323650904 -0.9238795325112865 0
    outer loop
      vertex -33.18971007498529 74.54530934363622 30
      vertex -29.2428246828965 76.18016280217165 30
      vertex -29.2428246828965 76.18016280217165 30.009999999999998
    endloop
  endfacet
  facet normal 0.33380685923377035 -0.9426414910921787 0
    outer loop
      vertex -29.2428246828965 76.18016280217165 30.009999999999998
      vertex -29.2428246828965 76.18016280217165 30
      vertex -25.215786740995707 77.60621172968452 30.009999999999998
    endloop
  endfacet
  facet normal 0.33380685923377035 -0.9426414910921787 0
    outer loop
      vertex -29.2428246828965 76.18016280217165 30
      vertex -25.215786740995707 77.60621172968452 30
      vertex -25.215786740995707 77.60621172968452 30.009999999999998
    endloop
  endfacet
  facet normal 0.28401534470392376 -0.9588197348681927 0
    outer loop
      vertex -25.215786740995707 77.60621172968452 30.009999999999998
      vertex -25.215786740995707 77.60621172968452 30
      vertex -21.119634080365692 78.81954742518796 30.009999999999998
    endloop
  endfacet
  facet normal 0.28401534470392376 -0.9588197348681927 0
    outer loop
      vertex -25.215786740995707 77.60621172968452 30
      vertex -21.119634080365692 78.81954742518796 30
      vertex -21.119634080365692 78.81954742518796 30.009999999999998
    endloop
  endfacet
  facet normal 0.23344536385590578 -0.9723699203976766 0
    outer loop
      vertex -21.119634080365692 78.81954742518796 30.009999999999998
      vertex -21.119634080365692 78.81954742518796 30
      vertex -16.96559397072916 79.81684421987853 30.009999999999998
    endloop
  endfacet
  facet normal 0.23344536385590578 -0.9723699203976766 0
    outer loop
      vertex -21.119634080365692 78.81954742518796 30
      vertex -16.96559397072916 79.81684421987853 30
      vertex -16.96559397072916 79.81684421987853 30.009999999999998
    endloop
  endfacet
  facet normal 0.18223552549214792 -0.9832549075639546 0
    outer loop
      vertex -16.96559397072916 79.81684421987853 30.009999999999998
      vertex -16.96559397072916 79.81684421987853 30
      vertex -12.765052347282838 80.59536859256323 30.009999999999998
    endloop
  endfacet
  facet normal 0.18223552549214792 -0.9832549075639546 0
    outer loop
      vertex -16.96559397072916 79.81684421987853 30
      vertex -12.765052347282838 80.59536859256323 30
      vertex -12.765052347282838 80.59536859256323 30.009999999999998
    endloop
  endfacet
  facet normal 0.13052619222004996 -0.9914448613738106 0
    outer loop
      vertex -12.765052347282838 80.59536859256323 30.009999999999998
      vertex -12.765052347282838 80.59536859256323 30
      vertex -8.529522602640522 81.15298666205109 30.009999999999998
    endloop
  endfacet
  facet normal 0.13052619222004996 -0.9914448613738106 0
    outer loop
      vertex -12.765052347282838 80.59536859256323 30
      vertex -8.529522602640522 81.15298666205109 30
      vertex -8.529522602640522 81.15298666205109 30.009999999999998
    endloop
  endfacet
  facet normal 0.07845909572784422 -0.9969173337331281 0
    outer loop
      vertex -8.529522602640522 81.15298666205109 30.009999999999998
      vertex -8.529522602640522 81.15298666205109 30
      vertex -4.270614029424217 81.48817003597321 30.009999999999998
    endloop
  endfacet
  facet normal 0.07845909572784422 -0.9969173337331281 0
    outer loop
      vertex -8.529522602640522 81.15298666205109 30
      vertex -4.270614029424217 81.48817003597321 30
      vertex -4.270614029424217 81.48817003597321 30.009999999999998
    endloop
  endfacet
  facet normal 0.026176948307875543 -0.9996573249755571 0
    outer loop
      vertex -4.270614029424217 81.48817003597321 30.009999999999998
      vertex -4.270614029424217 81.48817003597321 30
      vertex 0 81.6 30.009999999999998
    endloop
  endfacet
  facet normal 0.026176948307875543 -0.9996573249755571 0
    outer loop
      vertex -4.270614029424217 81.48817003597321 30
      vertex 0 81.6 30
      vertex 0 81.6 30.009999999999998
    endloop
  endfacet
  facet normal -0.026176948307875543 0.9996573249755571 0
    outer loop
      vertex 0 -81.6 30.009999999999998
      vertex 4.270614029424217 -81.48817003597321 30
      vertex 0 -81.6 30
    endloop
  endfacet
  facet normal -0.026176948307875543 0.9996573249755571 0
    outer loop
      vertex 0 -81.6 30.009999999999998
      vertex 4.270614029424217 -81.48817003597321 30.009999999999998
      vertex 4.270614029424217 -81.48817003597321 30
    endloop
  endfacet
  facet normal -0.07845909572784422 0.9969173337331281 0
    outer loop
      vertex 4.270614029424217 -81.48817003597321 30.009999999999998
      vertex 8.529522602640522 -81.15298666205109 30
      vertex 4.270614029424217 -81.48817003597321 30
    endloop
  endfacet
  facet normal -0.07845909572784422 0.9969173337331281 0
    outer loop
      vertex 4.270614029424217 -81.48817003597321 30.009999999999998
      vertex 8.529522602640522 -81.15298666205109 30.009999999999998
      vertex 8.529522602640522 -81.15298666205109 30
    endloop
  endfacet
  facet normal -0.13052619222004996 0.9914448613738106 0
    outer loop
      vertex 8.529522602640522 -81.15298666205109 30.009999999999998
      vertex 12.765052347282838 -80.59536859256323 30
      vertex 8.529522602640522 -81.15298666205109 30
    endloop
  endfacet
  facet normal -0.13052619222004996 0.9914448613738106 0
    outer loop
      vertex 8.529522602640522 -81.15298666205109 30.009999999999998
      vertex 12.765052347282838 -80.59536859256323 30.009999999999998
      vertex 12.765052347282838 -80.59536859256323 30
    endloop
  endfacet
  facet normal -0.18223552549214792 0.9832549075639546 0
    outer loop
      vertex 12.765052347282838 -80.59536859256323 30.009999999999998
      vertex 16.96559397072916 -79.81684421987853 30
      vertex 12.765052347282838 -80.59536859256323 30
    endloop
  endfacet
  facet normal -0.18223552549214792 0.9832549075639546 0
    outer loop
      vertex 12.765052347282838 -80.59536859256323 30.009999999999998
      vertex 16.96559397072916 -79.81684421987853 30.009999999999998
      vertex 16.96559397072916 -79.81684421987853 30
    endloop
  endfacet
  facet normal -0.23344536385590578 0.9723699203976766 0
    outer loop
      vertex 16.96559397072916 -79.81684421987853 30.009999999999998
      vertex 21.119634080365692 -78.81954742518796 30
      vertex 16.96559397072916 -79.81684421987853 30
    endloop
  endfacet
  facet normal -0.23344536385590578 0.9723699203976766 0
    outer loop
      vertex 16.96559397072916 -79.81684421987853 30.009999999999998
      vertex 21.119634080365692 -78.81954742518796 30.009999999999998
      vertex 21.119634080365692 -78.81954742518796 30
    endloop
  endfacet
  facet normal -0.28401534470392376 0.9588197348681927 0
    outer loop
      vertex 21.119634080365692 -78.81954742518796 30.009999999999998
      vertex 25.215786740995707 -77.60621172968452 30
      vertex 21.119634080365692 -78.81954742518796 30
    endloop
  endfacet
  facet normal -0.28401534470392376 0.9588197348681927 0
    outer loop
      vertex 21.119634080365692 -78.81954742518796 30.009999999999998
      vertex 25.215786740995707 -77.60621172968452 30.009999999999998
      vertex 25.215786740995707 -77.60621172968452 30
    endloop
  endfacet
  facet normal -0.33380685923377035 0.9426414910921787 0
    outer loop
      vertex 25.215786740995707 -77.60621172968452 30.009999999999998
      vertex 29.2428246828965 -76.18016280217165 30
      vertex 25.215786740995707 -77.60621172968452 30
    endloop
  endfacet
  facet normal -0.33380685923377035 0.9426414910921787 0
    outer loop
      vertex 25.215786740995707 -77.60621172968452 30.009999999999998
      vertex 29.2428246828965 -76.18016280217165 30.009999999999998
      vertex 29.2428246828965 -76.18016280217165 30
    endloop
  endfacet
  facet normal -0.3826834323650904 0.9238795325112865 0
    outer loop
      vertex 29.2428246828965 -76.18016280217165 30.009999999999998
      vertex 33.18971007498529 -74.54530934363622 30
      vertex 29.2428246828965 -76.18016280217165 30
    endloop
  endfacet
  facet normal -0.3826834323650904 0.9238795325112865 0
    outer loop
      vertex 29.2428246828965 -76.18016280217165 30.009999999999998
      vertex 33.18971007498529 -74.54530934363622 30.009999999999998
      vertex 33.18971007498529 -74.54530934363622 30
    endloop
  endfacet
  facet normal -0.4305110968082935 0.9025852843498614 0
    outer loop
      vertex 33.18971007498529 -74.54530934363622 30.009999999999998
      vertex 37.04562477874701 -72.70613237377081 30
      vertex 33.18971007498529 -74.54530934363622 30
    endloop
  endfacet
  facet normal -0.4305110968082935 0.9025852843498614 0
    outer loop
      vertex 33.18971007498529 -74.54530934363622 30.009999999999998
      vertex 37.04562477874701 -72.70613237377081 30.009999999999998
      vertex 37.04562477874701 -72.70613237377081 30
    endloop
  endfacet
  facet normal -0.47715876025961007 0.8788171126619644 0
    outer loop
      vertex 37.04562477874701 -72.70613237377081 30.009999999999998
      vertex 40.8 -70.66767294881018 30
      vertex 37.04562477874701 -72.70613237377081 30
    endloop
  endfacet
  facet normal -0.47715876025961007 0.8788171126619644 0
    outer loop
      vertex 37.04562477874701 -72.70613237377081 30.009999999999998
      vertex 40.8 -70.66767294881018 30.009999999999998
      vertex 40.8 -70.66767294881018 30
    endloop
  endfacet
  facet normal -0.5224985647159456 0.8526401643540943 0
    outer loop
      vertex 40.8 -70.66767294881018 30.009999999999998
      vertex 44.44254525722621 -68.4355183443466 30
      vertex 40.8 -70.66767294881018 30
    endloop
  endfacet
  facet normal -0.5224985647159456 0.8526401643540943 0
    outer loop
      vertex 40.8 -70.66767294881018 30.009999999999998
      vertex 44.44254525722621 -68.4355183443466 30.009999999999998
      vertex 44.44254525722621 -68.4355183443466 30
    endloop
  endfacet
  facet normal -0.5664062369248336 0.8241261886220151 0
    outer loop
      vertex 44.44254525722621 -68.4355183443466 30.009999999999998
      vertex 47.963276587065806 -66.01578674099571 30
      vertex 44.44254525722621 -68.4355183443466 30
    endloop
  endfacet
  facet normal -0.5664062369248336 0.8241261886220151 0
    outer loop
      vertex 44.44254525722621 -68.4355183443466 30.009999999999998
      vertex 47.963276587065806 -66.01578674099571 30.009999999999998
      vertex 47.963276587065806 -66.01578674099571 30
    endloop
  endfacet
  facet normal -0.6087614290087219 0.7933533402912342 0
    outer loop
      vertex 47.963276587065806 -66.01578674099571 30.009999999999998
      vertex 51.35254390966673 -63.41511045488882 30
      vertex 47.963276587065806 -66.01578674099571 30
    endloop
  endfacet
  facet normal -0.6087614290087219 0.7933533402912342 0
    outer loop
      vertex 47.963276587065806 -66.01578674099571 30.009999999999998
      vertex 51.35254390966673 -63.41511045488882 30.009999999999998
      vertex 51.35254390966673 -63.41511045488882 30
    endloop
  endfacet
  facet normal -0.6494480483301827 0.7604059656000316 0
    outer loop
      vertex 51.35254390966673 -63.41511045488882 30.009999999999998
      vertex 54.60105747888283 -60.640617758955365 30
      vertex 51.35254390966673 -63.41511045488882 30
    endloop
  endfacet
  facet normal -0.6494480483301827 0.7604059656000316 0
    outer loop
      vertex 51.35254390966673 -63.41511045488882 30.009999999999998
      vertex 54.60105747888283 -60.640617758955365 30.009999999999998
      vertex 54.60105747888283 -60.640617758955365 30
    endloop
  endfacet
  facet normal -0.6883545756937534 0.7253743710122883 0
    outer loop
      vertex 54.60105747888283 -60.640617758955365 30.009999999999998
      vertex 57.69991334482228 -57.69991334482228 30
      vertex 54.60105747888283 -60.640617758955365 30
    endloop
  endfacet
  facet normal -0.6883545756937534 0.7253743710122883 0
    outer loop
      vertex 54.60105747888283 -60.640617758955365 30.009999999999998
      vertex 57.69991334482228 -57.69991334482228 30.009999999999998
      vertex 57.69991334482228 -57.69991334482228 30
    endloop
  endfacet
  facet normal -0.7253743710122883 0.6883545756937534 0
    outer loop
      vertex 57.69991334482228 -57.69991334482228 30.009999999999998
      vertex 60.640617758955365 -54.60105747888283 30
      vertex 57.69991334482228 -57.69991334482228 30
    endloop
  endfacet
  facet normal -0.7253743710122883 0.6883545756937534 0
    outer loop
      vertex 57.69991334482228 -57.69991334482228 30.009999999999998
      vertex 60.640617758955365 -54.60105747888283 30.009999999999998
      vertex 60.640617758955365 -54.60105747888283 30
    endloop
  endfacet
  facet normal -0.7604059656000316 0.6494480483301827 0
    outer loop
      vertex 60.640617758955365 -54.60105747888283 30.009999999999998
      vertex 63.41511045488882 -51.35254390966673 30
      vertex 60.640617758955365 -54.60105747888283 30
    endloop
  endfacet
  facet normal -0.7604059656000316 0.6494480483301827 0
    outer loop
      vertex 60.640617758955365 -54.60105747888283 30.009999999999998
      vertex 63.41511045488882 -51.35254390966673 30.009999999999998
      vertex 63.41511045488882 -51.35254390966673 30
    endloop
  endfacet
  facet normal -0.7933533402912342 0.6087614290087219 0
    outer loop
      vertex 63.41511045488882 -51.35254390966673 30.009999999999998
      vertex 66.01578674099571 -47.963276587065806 30
      vertex 63.41511045488882 -51.35254390966673 30
    endloop
  endfacet
  facet normal -0.7933533402912342 0.6087614290087219 0
    outer loop
      vertex 63.41511045488882 -51.35254390966673 30.009999999999998
      vertex 66.01578674099571 -47.963276587065806 30.009999999999998
      vertex 66.01578674099571 -47.963276587065806 30
    endloop
  endfacet
  facet normal -0.8241261886220151 0.5664062369248336 0
    outer loop
      vertex 66.01578674099571 -47.963276587065806 30.009999999999998
      vertex 68.4355183443466 -44.44254525722621 30
      vertex 66.01578674099571 -47.963276587065806 30
    endloop
  endfacet
  facet normal -0.8241261886220151 0.5664062369248336 0
    outer loop
      vertex 66.01578674099571 -47.963276587065806 30.009999999999998
      vertex 68.4355183443466 -44.44254525722621 30.009999999999998
      vertex 68.4355183443466 -44.44254525722621 30
    endloop
  endfacet
  facet normal -0.8526401643540943 0.5224985647159456 0
    outer loop
      vertex 68.4355183443466 -44.44254525722621 30.009999999999998
      vertex 70.66767294881018 -40.8 30
      vertex 68.4355183443466 -44.44254525722621 30
    endloop
  endfacet
  facet normal -0.8526401643540943 0.5224985647159456 0
    outer loop
      vertex 68.4355183443466 -44.44254525722621 30.009999999999998
      vertex 70.66767294881018 -40.8 30.009999999999998
      vertex 70.66767294881018 -40.8 30
    endloop
  endfacet
  facet normal -0.8788171126619644 0.47715876025961007 0
    outer loop
      vertex 70.66767294881018 -40.8 30.009999999999998
      vertex 72.70613237377081 -37.04562477874701 30
      vertex 70.66767294881018 -40.8 30
    endloop
  endfacet
  facet normal -0.8788171126619644 0.47715876025961007 0
    outer loop
      vertex 70.66767294881018 -40.8 30.009999999999998
      vertex 72.70613237377081 -37.04562477874701 30.009999999999998
      vertex 72.70613237377081 -37.04562477874701 30
    endloop
  endfacet
  facet normal -0.9025852843498614 0.4305110968082935 0
    outer loop
      vertex 72.70613237377081 -37.04562477874701 30.009999999999998
      vertex 74.54530934363622 -33.18971007498529 30
      vertex 72.70613237377081 -37.04562477874701 30
    endloop
  endfacet
  facet normal -0.9025852843498614 0.4305110968082935 0
    outer loop
      vertex 72.70613237377081 -37.04562477874701 30.009999999999998
      vertex 74.54530934363622 -33.18971007498529 30.009999999999998
      vertex 74.54530934363622 -33.18971007498529 30
    endloop
  endfacet
  facet normal -0.9238795325112865 0.3826834323650904 0
    outer loop
      vertex 74.54530934363622 -33.18971007498529 30.009999999999998
      vertex 76.18016280217165 -29.2428246828965 30
      vertex 74.54530934363622 -33.18971007498529 30
    endloop
  endfacet
  facet normal -0.9238795325112865 0.3826834323650904 0
    outer loop
      vertex 74.54530934363622 -33.18971007498529 30.009999999999998
      vertex 76.18016280217165 -29.2428246828965 30.009999999999998
      vertex 76.18016280217165 -29.2428246828965 30
    endloop
  endfacet
  facet normal -0.9426414910921787 0.33380685923377035 0
    outer loop
      vertex 76.18016280217165 -29.2428246828965 30.009999999999998
      vertex 77.60621172968452 -25.215786740995707 30
      vertex 76.18016280217165 -29.2428246828965 30
    endloop
  endfacet
  facet normal -0.9426414910921787 0.33380685923377035 0
    outer loop
      vertex 76.18016280217165 -29.2428246828965 30.009999999999998
      vertex 77.60621172968452 -25.215786740995707 30.009999999999998
      vertex 77.60621172968452 -25.215786740995707 30
    endloop
  endfacet
  facet normal -0.9588197348681927 0.28401534470392376 0
    outer loop
      vertex 77.60621172968452 -25.215786740995707 30.009999999999998
      vertex 78.81954742518796 -21.119634080365692 30
      vertex 77.60621172968452 -25.215786740995707 30
    endloop
  endfacet
  facet normal -0.9588197348681927 0.28401534470392376 0
    outer loop
      vertex 77.60621172968452 -25.215786740995707 30.009999999999998
      vertex 78.81954742518796 -21.119634080365692 30.009999999999998
      vertex 78.81954742518796 -21.119634080365692 30
    endloop
  endfacet
  facet normal -0.9723699203976766 0.23344536385590578 0
    outer loop
      vertex 78.81954742518796 -21.119634080365692 30.009999999999998
      vertex 79.81684421987853 -16.96559397072916 30
      vertex 78.81954742518796 -21.119634080365692 30
    endloop
  endfacet
  facet normal -0.9723699203976766 0.23344536385590578 0
    outer loop
      vertex 78.81954742518796 -21.119634080365692 30.009999999999998
      vertex 79.81684421987853 -16.96559397072916 30.009999999999998
      vertex 79.81684421987853 -16.96559397072916 30
    endloop
  endfacet
  facet normal -0.9832549075639546 0.18223552549214792 0
    outer loop
      vertex 79.81684421987853 -16.96559397072916 30.009999999999998
      vertex 80.59536859256323 -12.765052347282838 30
      vertex 79.81684421987853 -16.96559397072916 30
    endloop
  endfacet
  facet normal -0.9832549075639546 0.18223552549214792 0
    outer loop
      vertex 79.81684421987853 -16.96559397072916 30.009999999999998
      vertex 80.59536859256323 -12.765052347282838 30.009999999999998
      vertex 80.59536859256323 -12.765052347282838 30
    endloop
  endfacet
  facet normal -0.9914448613738106 0.13052619222004996 0
    outer loop
      vertex 80.59536859256323 -12.765052347282838 30.009999999999998
      vertex 81.15298666205109 -8.529522602640522 30
      vertex 80.59536859256323 -12.765052347282838 30
    endloop
  endfacet
  facet normal -0.9914448613738106 0.13052619222004996 0
    outer loop
      vertex 80.59536859256323 -12.765052347282838 30.009999999999998
      vertex 81.15298666205109 -8.529522602640522 30.009999999999998
      vertex 81.15298666205109 -8.529522602640522 30
    endloop
  endfacet
  facet normal -0.9969173337331281 0.07845909572784422 0
    outer loop
      vertex 81.15298666205109 -8.529522602640522 30.009999999999998
      vertex 81.48817003597321 -4.270614029424217 30
      vertex 81.15298666205109 -8.529522602640522 30
    endloop
  endfacet
  facet normal -0.9969173337331281 0.07845909572784422 0
    outer loop
      vertex 81.15298666205109 -8.529522602640522 30.009999999999998
      vertex 81.48817003597321 -4.270614029424217 30.009999999999998
      vertex 81.48817003597321 -4.270614029424217 30
    endloop
  endfacet
  facet normal -0.9996573249755571 0.026176948307875543 0
    outer loop
      vertex 81.48817003597321 -4.270614029424217 30.009999999999998
      vertex 81.6 0 30
      vertex 81.48817003597321 -4.270614029424217 30
    endloop
  endfacet
  facet normal -0.9996573249755571 0.026176948307875543 0
    outer loop
      vertex 81.48817003597321 -4.270614029424217 30.009999999999998
      vertex 81.6 0 30.009999999999998
      vertex 81.6 0 30
    endloop
  endfacet
  facet normal -0.026176948307875543 -0.9996573249755571 0
    outer loop
      vertex 0 81.6 30.009999999999998
      vertex 0 81.6 30
      vertex 4.270614029424217 81.48817003597321 30.009999999999998
    endloop
  endfacet
  facet normal -0.026176948307875543 -0.9996573249755571 0
    outer loop
      vertex 0 81.6 30
      vertex 4.270614029424217 81.48817003597321 30
      vertex 4.270614029424217 81.48817003597321 30.009999999999998
    endloop
  endfacet
  facet normal -0.07845909572784422 -0.9969173337331281 0
    outer loop
      vertex 4.270614029424217 81.48817003597321 30.009999999999998
      vertex 4.270614029424217 81.48817003597321 30
      vertex 8.529522602640522 81.15298666205109 30.009999999999998
    endloop
  endfacet
  facet normal -0.07845909572784422 -0.9969173337331281 0
    outer loop
      vertex 4.270614029424217 81.48817003597321 30
      vertex 8.529522602640522 81.15298666205109 30
      vertex 8.529522602640522 81.15298666205109 30.009999999999998
    endloop
  endfacet
  facet normal -0.13052619222004996 -0.9914448613738106 0
    outer loop
      vertex 8.529522602640522 81.15298666205109 30.009999999999998
      vertex 8.529522602640522 81.15298666205109 30
      vertex 12.765052347282838 80.59536859256323 30.009999999999998
    endloop
  endfacet
  facet normal -0.13052619222004996 -0.9914448613738106 0
    outer loop
      vertex 8.529522602640522 81.15298666205109 30
      vertex 12.765052347282838 80.59536859256323 30
      vertex 12.765052347282838 80.59536859256323 30.009999999999998
    endloop
  endfacet
  facet normal -0.18223552549214792 -0.9832549075639546 0
    outer loop
      vertex 12.765052347282838 80.59536859256323 30.009999999999998
      vertex 12.765052347282838 80.59536859256323 30
      vertex 16.96559397072916 79.81684421987853 30.009999999999998
    endloop
  endfacet
  facet normal -0.18223552549214792 -0.9832549075639546 0
    outer loop
      vertex 12.765052347282838 80.59536859256323 30
      vertex 16.96559397072916 79.81684421987853 30
      vertex 16.96559397072916 79.81684421987853 30.009999999999998
    endloop
  endfacet
  facet normal -0.23344536385590578 -0.9723699203976766 0
    outer loop
      vertex 21.119634080365692 78.81954742518796 30.009999999999998
      vertex 16.96559397072916 79.81684421987853 30.009999999999998
      vertex 16.96559397072916 79.81684421987853 30
    endloop
  endfacet
  facet normal -0.23344536385590578 -0.9723699203976766 0
    outer loop
      vertex 21.119634080365692 78.81954742518796 30.009999999999998
      vertex 16.96559397072916 79.81684421987853 30
      vertex 21.119634080365692 78.81954742518796 30
    endloop
  endfacet
  facet normal -0.28401534470392376 -0.9588197348681927 0
    outer loop
      vertex 21.119634080365692 78.81954742518796 30.009999999999998
      vertex 21.119634080365692 78.81954742518796 30
      vertex 25.215786740995707 77.60621172968452 30.009999999999998
    endloop
  endfacet
  facet normal -0.28401534470392376 -0.9588197348681927 0
    outer loop
      vertex 21.119634080365692 78.81954742518796 30
      vertex 25.215786740995707 77.60621172968452 30
      vertex 25.215786740995707 77.60621172968452 30.009999999999998
    endloop
  endfacet
  facet normal -0.33380685923377035 -0.9426414910921787 0
    outer loop
      vertex 25.215786740995707 77.60621172968452 30.009999999999998
      vertex 25.215786740995707 77.60621172968452 30
      vertex 29.2428246828965 76.18016280217165 30.009999999999998
    endloop
  endfacet
  facet normal -0.33380685923377035 -0.9426414910921787 0
    outer loop
      vertex 25.215786740995707 77.60621172968452 30
      vertex 29.2428246828965 76.18016280217165 30
      vertex 29.2428246828965 76.18016280217165 30.009999999999998
    endloop
  endfacet
  facet normal -0.3826834323650904 -0.9238795325112865 0
    outer loop
      vertex 29.2428246828965 76.18016280217165 30.009999999999998
      vertex 29.2428246828965 76.18016280217165 30
      vertex 33.18971007498529 74.54530934363622 30.009999999999998
    endloop
  endfacet
  facet normal -0.3826834323650904 -0.9238795325112865 0
    outer loop
      vertex 29.2428246828965 76.18016280217165 30
      vertex 33.18971007498529 74.54530934363622 30
      vertex 33.18971007498529 74.54530934363622 30.009999999999998
    endloop
  endfacet
  facet normal -0.4305110968082935 -0.9025852843498614 0
    outer loop
      vertex 37.04562477874701 72.70613237377081 30.009999999999998
      vertex 33.18971007498529 74.54530934363622 30.009999999999998
      vertex 33.18971007498529 74.54530934363622 30
    endloop
  endfacet
  facet normal -0.4305110968082935 -0.9025852843498614 0
    outer loop
      vertex 37.04562477874701 72.70613237377081 30.009999999999998
      vertex 33.18971007498529 74.54530934363622 30
      vertex 37.04562477874701 72.70613237377081 30
    endloop
  endfacet
  facet normal -0.47715876025961007 -0.8788171126619644 0
    outer loop
      vertex 37.04562477874701 72.70613237377081 30
      vertex 40.8 70.66767294881018 30
      vertex 40.8 70.66767294881018 30.009999999999998
    endloop
  endfacet
  facet normal -0.47715876025961007 -0.8788171126619644 0
    outer loop
      vertex 37.04562477874701 72.70613237377081 30.009999999999998
      vertex 37.04562477874701 72.70613237377081 30
      vertex 40.8 70.66767294881018 30.009999999999998
    endloop
  endfacet
  facet normal -0.5224985647159456 -0.8526401643540943 0
    outer loop
      vertex 40.8 70.66767294881018 30.009999999999998
      vertex 40.8 70.66767294881018 30
      vertex 44.44254525722621 68.4355183443466 30.009999999999998
    endloop
  endfacet
  facet normal -0.9996573249755571 -0.026176948307875543 0
    outer loop
      vertex 81.6 0 30.009999999999998
      vertex 81.48817003597321 4.270614029424217 30
      vertex 81.6 0 30
    endloop
  endfacet
  facet normal -0.9996573249755571 -0.026176948307875543 0
    outer loop
      vertex 81.6 0 30.009999999999998
      vertex 81.48817003597321 4.270614029424217 30.009999999999998
      vertex 81.48817003597321 4.270614029424217 30
    endloop
  endfacet
  facet normal -0.9969173337331281 -0.07845909572784422 0
    outer loop
      vertex 81.48817003597321 4.270614029424217 30.009999999999998
      vertex 81.15298666205109 8.529522602640522 30
      vertex 81.48817003597321 4.270614029424217 30
    endloop
  endfacet
  facet normal -0.9969173337331281 -0.07845909572784422 0
    outer loop
      vertex 81.48817003597321 4.270614029424217 30.009999999999998
      vertex 81.15298666205109 8.529522602640522 30.009999999999998
      vertex 81.15298666205109 8.529522602640522 30
    endloop
  endfacet
  facet normal -0.9914448613738106 -0.13052619222004996 0
    outer loop
      vertex 81.15298666205109 8.529522602640522 30.009999999999998
      vertex 80.59536859256323 12.765052347282838 30
      vertex 81.15298666205109 8.529522602640522 30
    endloop
  endfacet
  facet normal -0.9723699203976766 -0.23344536385590578 0
    outer loop
      vertex 78.81954742518796 21.119634080365692 30
      vertex 79.81684421987853 16.96559397072916 30
      vertex 79.81684421987853 16.96559397072916 30.009999999999998
    endloop
  endfacet
  facet normal -0.9723699203976766 -0.23344536385590578 0
    outer loop
      vertex 78.81954742518796 21.119634080365692 30.009999999999998
      vertex 78.81954742518796 21.119634080365692 30
      vertex 79.81684421987853 16.96559397072916 30.009999999999998
    endloop
  endfacet
  facet normal -0.9914448613738106 -0.13052619222004996 0
    outer loop
      vertex 81.15298666205109 8.529522602640522 30.009999999999998
      vertex 80.59536859256323 12.765052347282838 30.009999999999998
      vertex 80.59536859256323 12.765052347282838 30
    endloop
  endfacet
  facet normal -0.9832549075639546 -0.18223552549214792 0
    outer loop
      vertex 80.59536859256323 12.765052347282838 30.009999999999998
      vertex 79.81684421987853 16.96559397072916 30
      vertex 80.59536859256323 12.765052347282838 30
    endloop
  endfacet
  facet normal -0.9832549075639546 -0.18223552549214792 0
    outer loop
      vertex 80.59536859256323 12.765052347282838 30.009999999999998
      vertex 79.81684421987853 16.96559397072916 30.009999999999998
      vertex 79.81684421987853 16.96559397072916 30
    endloop
  endfacet
  facet normal -0.9025852843498614 -0.4305110968082935 0
    outer loop
      vertex 72.70613237377081 37.04562477874701 30
      vertex 74.54530934363622 33.18971007498529 30
      vertex 74.54530934363622 33.18971007498529 30.009999999999998
    endloop
  endfacet
  facet normal -0.9025852843498614 -0.4305110968082935 0
    outer loop
      vertex 72.70613237377081 37.04562477874701 30.009999999999998
      vertex 72.70613237377081 37.04562477874701 30
      vertex 74.54530934363622 33.18971007498529 30.009999999999998
    endloop
  endfacet
  facet normal -0.8788171126619644 -0.47715876025961007 0
    outer loop
      vertex 72.70613237377081 37.04562477874701 30.009999999999998
      vertex 70.66767294881018 40.8 30.009999999999998
      vertex 70.66767294881018 40.8 30
    endloop
  endfacet
  facet normal -0.8526401643540943 -0.5224985647159456 0
    outer loop
      vertex 70.66767294881018 40.8 30.009999999999998
      vertex 68.4355183443466 44.44254525722621 30
      vertex 70.66767294881018 40.8 30
    endloop
  endfacet
  facet normal -0.8788171126619644 -0.47715876025961007 0
    outer loop
      vertex 72.70613237377081 37.04562477874701 30.009999999999998
      vertex 70.66767294881018 40.8 30
      vertex 72.70613237377081 37.04562477874701 30
    endloop
  endfacet
  facet normal -0.9588197348681927 -0.28401534470392376 0
    outer loop
      vertex 78.81954742518796 21.119634080365692 30.009999999999998
      vertex 77.60621172968452 25.215786740995707 30.009999999999998
      vertex 77.60621172968452 25.215786740995707 30
    endloop
  endfacet
  facet normal -0.9588197348681927 -0.28401534470392376 0
    outer loop
      vertex 78.81954742518796 21.119634080365692 30.009999999999998
      vertex 77.60621172968452 25.215786740995707 30
      vertex 78.81954742518796 21.119634080365692 30
    endloop
  endfacet
  facet normal -0.9426414910921787 -0.33380685923377035 0
    outer loop
      vertex 77.60621172968452 25.215786740995707 30.009999999999998
      vertex 76.18016280217165 29.2428246828965 30
      vertex 77.60621172968452 25.215786740995707 30
    endloop
  endfacet
  facet normal -0.9426414910921787 -0.33380685923377035 0
    outer loop
      vertex 77.60621172968452 25.215786740995707 30.009999999999998
      vertex 76.18016280217165 29.2428246828965 30.009999999999998
      vertex 76.18016280217165 29.2428246828965 30
    endloop
  endfacet
  facet normal -0.9238795325112865 -0.3826834323650904 0
    outer loop
      vertex 76.18016280217165 29.2428246828965 30.009999999999998
      vertex 74.54530934363622 33.18971007498529 30
      vertex 76.18016280217165 29.2428246828965 30
    endloop
  endfacet
  facet normal -0.9238795325112865 -0.3826834323650904 0
    outer loop
      vertex 76.18016280217165 29.2428246828965 30.009999999999998
      vertex 74.54530934363622 33.18971007498529 30.009999999999998
      vertex 74.54530934363622 33.18971007498529 30
    endloop
  endfacet
  facet normal -0.6494480483301827 -0.7604059656000316 0
    outer loop
      vertex 51.35254390966673 63.41511045488882 30.009999999999998
      vertex 51.35254390966673 63.41511045488882 30
      vertex 54.60105747888283 60.640617758955365 30.009999999999998
    endloop
  endfacet
  facet normal -0.7604059656000316 -0.6494480483301827 0
    outer loop
      vertex 63.41511045488882 51.35254390966673 30.009999999999998
      vertex 60.640617758955365 54.60105747888283 30
      vertex 63.41511045488882 51.35254390966673 30
    endloop
  endfacet
  facet normal -0.6883545756937534 -0.7253743710122883 0
    outer loop
      vertex 57.69991334482228 57.69991334482228 30.009999999999998
      vertex 54.60105747888283 60.640617758955365 30.009999999999998
      vertex 54.60105747888283 60.640617758955365 30
    endloop
  endfacet
  facet normal -0.6494480483301827 -0.7604059656000316 0
    outer loop
      vertex 51.35254390966673 63.41511045488882 30
      vertex 54.60105747888283 60.640617758955365 30
      vertex 54.60105747888283 60.640617758955365 30.009999999999998
    endloop
  endfacet
  facet normal -0.6883545756937534 -0.7253743710122883 0
    outer loop
      vertex 57.69991334482228 57.69991334482228 30.009999999999998
      vertex 54.60105747888283 60.640617758955365 30
      vertex 57.69991334482228 57.69991334482228 30
    endloop
  endfacet
  facet normal -0.7253743710122883 -0.6883545756937534 0
    outer loop
      vertex 57.69991334482228 57.69991334482228 30
      vertex 60.640617758955365 54.60105747888283 30
      vertex 60.640617758955365 54.60105747888283 30.009999999999998
    endloop
  endfacet
  facet normal -0.7253743710122883 -0.6883545756937534 0
    outer loop
      vertex 57.69991334482228 57.69991334482228 30.009999999999998
      vertex 57.69991334482228 57.69991334482228 30
      vertex 60.640617758955365 54.60105747888283 30.009999999999998
    endloop
  endfacet
  facet normal -0.7604059656000316 -0.6494480483301827 0
    outer loop
      vertex 63.41511045488882 51.35254390966673 30.009999999999998
      vertex 60.640617758955365 54.60105747888283 30.009999999999998
      vertex 60.640617758955365 54.60105747888283 30
    endloop
  endfacet
  facet normal -0.5664062369248336 -0.8241261886220151 0
    outer loop
      vertex 44.44254525722621 68.4355183443466 30.009999999999998
      vertex 44.44254525722621 68.4355183443466 30
      vertex 47.963276587065806 66.01578674099571 30.009999999999998
    endloop
  endfacet
  facet normal -0.5664062369248336 -0.8241261886220151 0
    outer loop
      vertex 44.44254525722621 68.4355183443466 30
      vertex 47.963276587065806 66.01578674099571 30
      vertex 47.963276587065806 66.01578674099571 30.009999999999998
    endloop
  endfacet
  facet normal -0.5224985647159456 -0.8526401643540943 0
    outer loop
      vertex 40.8 70.66767294881018 30
      vertex 44.44254525722621 68.4355183443466 30
      vertex 44.44254525722621 68.4355183443466 30.009999999999998
    endloop
  endfacet
  facet normal -0.6087614290087219 -0.7933533402912342 0
    outer loop
      vertex 51.35254390966673 63.41511045488882 30.009999999999998
      vertex 47.963276587065806 66.01578674099571 30.009999999999998
      vertex 47.963276587065806 66.01578674099571 30
    endloop
  endfacet
  facet normal -0.6087614290087219 -0.7933533402912342 0
    outer loop
      vertex 51.35254390966673 63.41511045488882 30.009999999999998
      vertex 47.963276587065806 66.01578674099571 30
      vertex 51.35254390966673 63.41511045488882 30
    endloop
  endfacet
  facet normal -0.8241261886220151 -0.5664062369248336 0
    outer loop
      vertex 68.4355183443466 44.44254525722621 30.009999999999998
      vertex 66.01578674099571 47.963276587065806 30
      vertex 68.4355183443466 44.44254525722621 30
    endloop
  endfacet
  facet normal -0.8241261886220151 -0.5664062369248336 0
    outer loop
      vertex 68.4355183443466 44.44254525722621 30.009999999999998
      vertex 66.01578674099571 47.963276587065806 30.009999999999998
      vertex 66.01578674099571 47.963276587065806 30
    endloop
  endfacet
  facet normal -0.7933533402912342 -0.6087614290087219 0
    outer loop
      vertex 63.41511045488882 51.35254390966673 30.009999999999998
      vertex 63.41511045488882 51.35254390966673 30
      vertex 66.01578674099571 47.963276587065806 30.009999999999998
    endloop
  endfacet
  facet normal -0.7933533402912342 -0.6087614290087219 0
    outer loop
      vertex 63.41511045488882 51.35254390966673 30
      vertex 66.01578674099571 47.963276587065806 30
      vertex 66.01578674099571 47.963276587065806 30.009999999999998
    endloop
  endfacet
  facet normal -0.8526401643540943 -0.5224985647159456 0
    outer loop
      vertex 70.66767294881018 40.8 30.009999999999998
      vertex 68.4355183443466 44.44254525722621 30.009999999999998
      vertex 68.4355183443466 44.44254525722621 30
    endloop
  endfacet
  facet normal -0.7344864174559044 -0.5635912504178973 -0.37801402755080654
    outer loop
      vertex -54.400217301987965 -44.05242737348862 0
      vertex -66.01578674099571 -47.96327658706581 28.4
      vertex -56.63118960624632 -41.14496766047312 0
    endloop
  endfacet
  facet normal -0.6715514966932219 -0.6372785750862112 -0.37801402755080643
    outer loop
      vertex -49.49747468305833 -49.49747468305833 0
      vertex -60.640617758955365 -54.60105747888282 28.4
      vertex -52.020137783417596 -46.839142445120075 0
    endloop
  endfacet
  facet normal -0.7039837423267666 -0.6012589172015819 -0.3780140275508066
    outer loop
      vertex -54.400217301987965 -44.05242737348862 0
      vertex -52.020137783417596 -46.839142445120075 0
      vertex -63.415110454888826 -51.352543909666736 28.4
    endloop
  endfacet
  facet normal -0.6372785750862111 -0.6715514966932218 -0.3780140275508067
    outer loop
      vertex -49.49747468305833 -49.49747468305833 0
      vertex -46.839142445120075 -52.020137783417596 0
      vertex -54.60105747888284 -60.640617758955365 28.4
    endloop
  endfacet
  facet normal -0.5635912504178973 -0.7344864174559044 -0.3780140275508065
    outer loop
      vertex -44.05242737348862 -54.400217301987965 0
      vertex -41.14496766047312 -56.63118960624632 0
      vertex -47.963276587065806 -66.01578674099571 28.4
    endloop
  endfacet
  facet normal -0.6012589172015819 -0.7039837423267666 -0.3780140275508066
    outer loop
      vertex -44.05242737348862 -54.400217301987965 0
      vertex -51.35254390966674 -63.41511045488882 28.4
      vertex -46.839142445120075 -52.020137783417596 0
    endloop
  endfacet
  facet normal 0 0 -1
    outer loop
      vertex -69.13818384165964 -10.95041255281616 0
      vertex -69.61653267577913 -7.316992428735743 0
      vertex -69.13818384165964 10.95041255281616 0
    endloop
  endfacet
  facet normal 0 0 -1
    outer loop
      vertex -69.61653267577913 -7.316992428735743 0
      vertex -69.90406743282017 -3.6635169370060683 0
      vertex -69.61653267577913 7.316992428735743 0
    endloop
  endfacet
  facet normal 0 0 -1
    outer loop
      vertex -66.57395614066074 -21.631189606246316 0
      vertex -67.61480784023477 -18.117333157176454 0
      vertex -66.57395614066074 21.631189606246316 0
    endloop
  endfacet
  facet normal 0 0 -1
    outer loop
      vertex -63.94818203498206 -28.471565015306016 0
      vertex -65.35062985480413 -25.08575646817102 0
      vertex -63.94818203498206 28.471565015306016 0
    endloop
  endfacet
  facet normal 0 0 -1
    outer loop
      vertex -66.57395614066074 -21.631189606246316 0
      vertex -65.35062985480413 25.08575646817102 0
      vertex -65.35062985480413 -25.08575646817102 0
    endloop
  endfacet
  facet normal 0 0 -1
    outer loop
      vertex -67.61480784023477 -18.117333157176454 0
      vertex -68.4703320513664 -14.553818357243154 0
      vertex -67.61480784023477 18.117333157176454 0
    endloop
  endfacet
  facet normal 0 0 -1
    outer loop
      vertex -69.13818384165964 -10.95041255281616 0
      vertex -68.4703320513664 14.553818357243154 0
      vertex -68.4703320513664 -14.553818357243154 0
    endloop
  endfacet
  facet normal 0 0 -1
    outer loop
      vertex -58.706939756179686 -38.1247324510519 0
      vertex -60.6217782649107 -35 0
      vertex -58.706939756179686 38.1247324510519 0
    endloop
  endfacet
  facet normal 0 0 -1
    outer loop
      vertex -58.706939756179686 -38.1247324510519 0
      vertex -56.63118960624632 41.14496766047312 0
      vertex -56.63118960624632 -41.14496766047312 0
    endloop
  endfacet
  facet normal 0 0 -1
    outer loop
      vertex -54.400217301987965 -44.05242737348862 0
      vertex -56.63118960624632 -41.14496766047312 0
      vertex -54.400217301987965 44.05242737348862 0
    endloop
  endfacet
  facet normal 0 0 -1
    outer loop
      vertex -63.94818203498206 -28.471565015306016 0
      vertex -62.37045669318575 31.779334981768272 0
      vertex -62.37045669318575 -31.779334981768272 0
    endloop
  endfacet
  facet normal 0 0 -1
    outer loop
      vertex -60.6217782649107 -35 0
      vertex -62.37045669318575 -31.779334981768272 0
      vertex -60.6217782649107 35 0
    endloop
  endfacet
  facet normal 0 0 -1
    outer loop
      vertex -54.400217301987965 -44.05242737348862 0
      vertex -52.020137783417596 46.839142445120075 0
      vertex -52.020137783417596 -46.839142445120075 0
    endloop
  endfacet
  facet normal 0 0 -1
    outer loop
      vertex -49.49747468305833 -49.49747468305833 0
      vertex -52.020137783417596 -46.839142445120075 0
      vertex -49.49747468305833 49.49747468305833 0
    endloop
  endfacet
  facet normal 0 0 -1
    outer loop
      vertex -49.49747468305833 -49.49747468305833 0
      vertex -46.839142445120075 52.020137783417596 0
      vertex -46.839142445120075 -52.020137783417596 0
    endloop
  endfacet
  facet normal 0 0 -1
    outer loop
      vertex -44.05242737348862 -54.400217301987965 0
      vertex -46.839142445120075 -52.020137783417596 0
      vertex -44.05242737348862 54.400217301987965 0
    endloop
  endfacet
  facet normal -0.8136087666071685 -0.4417535171051615 -0.3780140275508065
    outer loop
      vertex -60.6217782649107 -35 0
      vertex -72.70613237377081 -37.04562477874701 28.4
      vertex -62.37045669318575 -31.779334981768272 0
    endloop
  endfacet
  facet normal -0.8726973677118784 -0.3090383461054245 -0.37801402755080693
    outer loop
      vertex -66.57395614066074 -21.631189606246316 0
      vertex -65.35062985480413 -25.08575646817102 0
      vertex -77.60621172968453 -25.215786740995707 28.4
    endloop
  endfacet
  facet normal -0.8356133368105418 -0.3985671164548951 -0.37801402755080676
    outer loop
      vertex -63.94818203498206 -28.471565015306016 0
      vertex -62.37045669318575 -31.779334981768272 0
      vertex -74.54530934363623 -33.1897100749853 28.4
    endloop
  endfacet
  facet normal -0.8553275489404877 -0.35428827104248845 -0.3780140275508066
    outer loop
      vertex -63.94818203498206 -28.471565015306016 0
      vertex -76.18016280217167 -29.2428246828965 28.4
      vertex -65.35062985480413 -25.08575646817102 0
    endloop
  endfacet
  facet normal -0.9002199436288963 -0.21612368696559967 -0.37801402755080676
    outer loop
      vertex -67.61480784023477 -18.117333157176454 0
      vertex -79.81684421987855 -16.965593970729163 28.4
      vertex -68.4703320513664 -14.553818357243154 0
    endloop
  endfacet
  facet normal -0.8876751836588183 -0.2629413685426864 -0.37801402755080693
    outer loop
      vertex -66.57395614066074 -21.631189606246316 0
      vertex -78.81954742518798 -21.119634080365692 28.4
      vertex -67.61480784023477 -18.117333157176454 0
    endloop
  endfacet
  facet normal -0.9102972633070096 -0.16871362538510937 -0.37801402755080654
    outer loop
      vertex -69.13818384165964 -10.95041255281616 0
      vertex -68.4703320513664 -14.553818357243154 0
      vertex -80.59536859256323 -12.765052347282838 28.4
    endloop
  endfacet
  facet normal -0.9178795214603842 -0.12084113148458178 -0.37801402755080654
    outer loop
      vertex -69.13818384165964 -10.95041255281616 0
      vertex -81.15298666205109 -8.529522602640522 28.4
      vertex -69.61653267577913 -7.316992428735743 0
    endloop
  endfacet
  facet normal -0.9229459356464591 -0.07263742044222242 -0.37801402755080665
    outer loop
      vertex -69.61653267577913 -7.316992428735743 0
      vertex -81.48817003597323 -4.270614029424217 28.4
      vertex -69.90406743282017 -3.6635169370060683 0
    endloop
  endfacet
  facet normal -0.9254826191761129 -0.0242346152793916 -0.37801402755080643
    outer loop
      vertex -69.90406743282017 -3.6635169370060683 0
      vertex -81.6 5.913049694094868e-14 28.4
      vertex -70 0 0
    endloop
  endfacet
  facet normal -0.762975916368321 -0.5243788191915641 -0.3780140275508063
    outer loop
      vertex -58.706939756179686 -38.1247324510519 0
      vertex -56.63118960624632 -41.14496766047312 0
      vertex -68.43551834434663 -44.442545257226165 28.400000000000016
    endloop
  endfacet
  facet normal -0.7893741513277782 -0.4837291020709503 -0.3780140275508067
    outer loop
      vertex -58.706939756179686 -38.1247324510519 0
      vertex -70.66767294881019 -40.8 28.4
      vertex -60.6217782649107 -35 0
    endloop
  endfacet
  facet normal -0.4417535171051615 -0.8136087666071685 -0.3780140275508065
    outer loop
      vertex -35 -60.6217782649107 0
      vertex -31.779334981768272 -62.37045669318575 0
      vertex -37.04562477874701 -72.70613237377081 28.4
    endloop
  endfacet
  facet normal -0.3985671164548952 -0.835613336810542 -0.3780140275508065
    outer loop
      vertex -28.471565015306016 -63.94818203498206 0
      vertex -33.18971007498531 -74.54530934363622 28.4
      vertex -31.779334981768272 -62.37045669318575 0
    endloop
  endfacet
  facet normal -0.3542882710424885 -0.8553275489404877 -0.37801402755080654
    outer loop
      vertex -28.471565015306016 -63.94818203498206 0
      vertex -25.08575646817102 -65.35062985480413 0
      vertex -29.242824682896526 -76.18016280217165 28.4
    endloop
  endfacet
  facet normal -0.3090383461054246 -0.8726973677118786 -0.37801402755080665
    outer loop
      vertex -25.08575646817102 -65.35062985480413 0
      vertex -21.631189606246316 -66.57395614066074 0
      vertex -25.21578674099572 -77.60621172968452 28.4
    endloop
  endfacet
  facet normal -0.5243788191915639 -0.7629759163683209 -0.37801402755080654
    outer loop
      vertex -38.1247324510519 -58.706939756179686 0
      vertex -44.442545257226215 -68.4355183443466 28.400000000000002
      vertex -41.14496766047312 -56.63118960624632 0
    endloop
  endfacet
  facet normal -0.4837291020709504 -0.7893741513277783 -0.37801402755080665
    outer loop
      vertex -38.1247324510519 -58.706939756179686 0
      vertex -35 -60.6217782649107 0
      vertex -40.80000000000002 -70.66767294881018 28.4
    endloop
  endfacet
  facet normal -0.2629413685426864 -0.8876751836588183 -0.3780140275508071
    outer loop
      vertex -21.631189606246316 -66.57395614066074 0
      vertex -18.117333157176454 -67.61480784023477 0
      vertex -21.119634080365714 -78.81954742518798 28.4
    endloop
  endfacet
  facet normal -0.21612368696559967 -0.9002199436288963 -0.378014027550807
    outer loop
      vertex -18.117333157176454 -67.61480784023477 0
      vertex -14.553818357243154 -68.4703320513664 0
      vertex -16.965593970729188 -79.81684421987855 28.4
    endloop
  endfacet
  facet normal -0.16871362538510937 -0.9102972633070096 -0.37801402755080654
    outer loop
      vertex -10.95041255281616 -69.13818384165964 0
      vertex -12.76505234728284 -80.59536859256323 28.4
      vertex -14.553818357243154 -68.4703320513664 0
    endloop
  endfacet
  facet normal -0.12084113148458178 -0.9178795214603842 -0.37801402755080643
    outer loop
      vertex -10.95041255281616 -69.13818384165964 0
      vertex -7.316992428735743 -69.61653267577913 0
      vertex -12.76505234728284 -80.59536859256323 28.4
    endloop
  endfacet
  facet normal -0.0726374204422224 -0.922945935646459 -0.37801402755080693
    outer loop
      vertex -7.316992428735743 -69.61653267577913 0
      vertex -3.6635169370060683 -69.90406743282017 0
      vertex -8.529522602640537 -81.1529866620511 28.4
    endloop
  endfacet
  facet normal -0.0242346152793916 -0.9254826191761129 -0.3780140275508067
    outer loop
      vertex -3.6635169370060683 -69.90406743282017 0
      vertex 0 -70 0
      vertex -4.270614029424238 -81.48817003597323 28.4
    endloop
  endfacet
  facet normal 0 0 -1
    outer loop
      vertex -28.471565015306016 -63.94818203498206 0
      vertex -25.08575646817102 65.35062985480413 0
      vertex -25.08575646817102 -65.35062985480413 0
    endloop
  endfacet
  facet normal 0 0 -1
    outer loop
      vertex -25.08575646817102 -65.35062985480413 0
      vertex -21.631189606246316 66.57395614066074 0
      vertex -21.631189606246316 -66.57395614066074 0
    endloop
  endfacet
  facet normal 0 0 -1
    outer loop
      vertex -44.05242737348862 -54.400217301987965 0
      vertex -41.14496766047312 56.63118960624632 0
      vertex -41.14496766047312 -56.63118960624632 0
    endloop
  endfacet
  facet normal 0 0 -1
    outer loop
      vertex -38.1247324510519 -58.706939756179686 0
      vertex -41.14496766047312 -56.63118960624632 0
      vertex -38.1247324510519 58.706939756179686 0
    endloop
  endfacet
  facet normal 0 0 -1
    outer loop
      vertex -38.1247324510519 -58.706939756179686 0
      vertex -35 60.6217782649107 0
      vertex -35 -60.6217782649107 0
    endloop
  endfacet
  facet normal 0 0 -1
    outer loop
      vertex -35 -60.6217782649107 0
      vertex -31.779334981768272 62.37045669318575 0
      vertex -31.779334981768272 -62.37045669318575 0
    endloop
  endfacet
  facet normal 0 0 -1
    outer loop
      vertex -28.471565015306016 -63.94818203498206 0
      vertex -31.779334981768272 -62.37045669318575 0
      vertex -28.471565015306016 63.94818203498206 0
    endloop
  endfacet
  facet normal 0 0 -1
    outer loop
      vertex -21.631189606246316 -66.57395614066074 0
      vertex -18.117333157176454 67.61480784023477 0
      vertex -18.117333157176454 -67.61480784023477 0
    endloop
  endfacet
  facet normal 0 0 -1
    outer loop
      vertex -18.117333157176454 -67.61480784023477 0
      vertex -14.553818357243154 68.4703320513664 0
      vertex -14.553818357243154 -68.4703320513664 0
    endloop
  endfacet
  facet normal 0 0 -1
    outer loop
      vertex -10.95041255281616 -69.13818384165964 0
      vertex -14.553818357243154 -68.4703320513664 0
      vertex -10.95041255281616 69.13818384165964 0
    endloop
  endfacet
  facet normal 0 0 -1
    outer loop
      vertex -10.95041255281616 -69.13818384165964 0
      vertex -7.316992428735743 69.61653267577913 0
      vertex -7.316992428735743 -69.61653267577913 0
    endloop
  endfacet
  facet normal 0 0 -1
    outer loop
      vertex -7.316992428735743 -69.61653267577913 0
      vertex -3.6635169370060683 69.90406743282017 0
      vertex -3.6635169370060683 -69.90406743282017 0
    endloop
  endfacet
  facet normal 0 0 -1
    outer loop
      vertex -3.6635169370060683 -69.90406743282017 0
      vertex 0 70 0
      vertex 0 -70 0
    endloop
  endfacet
  facet normal -0.6715514966932226 -0.6372785750862106 -0.37801402755080665
    outer loop
      vertex -49.49747468305833 -49.49747468305833 0
      vertex -57.69991334482228 -57.69991334482228 28.4
      vertex -60.640617758955365 -54.60105747888282 28.4
    endloop
  endfacet
  facet normal -0.6372785750862119 -0.671551496693221 -0.37801402755080654
    outer loop
      vertex -49.49747468305833 -49.49747468305833 0
      vertex -54.60105747888284 -60.640617758955365 28.4
      vertex -57.69991334482228 -57.69991334482228 28.4
    endloop
  endfacet
  facet normal -0.7039837423267659 -0.6012589172015831 -0.37801402755080654
    outer loop
      vertex -52.020137783417596 -46.839142445120075 0
      vertex -60.640617758955365 -54.60105747888282 28.4
      vertex -63.415110454888826 -51.352543909666736 28.4
    endloop
  endfacet
  facet normal -0.7344864174559046 -0.5635912504178969 -0.37801402755080665
    outer loop
      vertex -54.400217301987965 -44.05242737348862 0
      vertex -63.415110454888826 -51.352543909666736 28.4
      vertex -66.01578674099571 -47.96327658706581 28.4
    endloop
  endfacet
  facet normal -0.7629759163683218 -0.5243788191915628 -0.37801402755080654
    outer loop
      vertex -56.63118960624632 -41.14496766047312 0
      vertex -66.01578674099571 -47.96327658706581 28.4
      vertex -68.43551834434663 -44.442545257226165 28.400000000000016
    endloop
  endfacet
  facet normal -0.6012589172015815 -0.7039837423267671 -0.37801402755080665
    outer loop
      vertex -46.839142445120075 -52.020137783417596 0
      vertex -51.35254390966674 -63.41511045488882 28.4
      vertex -54.60105747888284 -60.640617758955365 28.4
    endloop
  endfacet
  facet normal -0.5635912504178966 -0.7344864174559049 -0.3780140275508065
    outer loop
      vertex -44.05242737348862 -54.400217301987965 0
      vertex -47.963276587065806 -66.01578674099571 28.4
      vertex -51.35254390966674 -63.41511045488882 28.4
    endloop
  endfacet
  facet normal -0.5243788191915651 -0.7629759163683203 -0.3780140275508065
    outer loop
      vertex -41.14496766047312 -56.63118960624632 0
      vertex -44.442545257226215 -68.4355183443466 28.400000000000002
      vertex -47.963276587065806 -66.01578674099571 28.4
    endloop
  endfacet
  facet normal 0 0 1
    outer loop
      vertex -66.01578674099571 -47.963276587065806 30
      vertex -63.41511045488882 -51.35254390966673 30
      vertex -64.71805627750908 -47.02042021545467 30
    endloop
  endfacet
  facet normal 0 0 1
    outer loop
      vertex -66.01578674099571 -47.963276587065806 30
      vertex -67.0902210855501 -43.56889900225596 30
      vertex -68.4355183443466 -44.44254525722621 30
    endloop
  endfacet
  facet normal 0 0 1
    outer loop
      vertex -68.4355183443466 -44.44254525722621 30
      vertex -67.0902210855501 -43.56889900225596 30
      vertex -69.2784962609797 -39.99795846532911 30
    endloop
  endfacet
  facet normal 0 0 1
    outer loop
      vertex -66.01578674099571 -47.963276587065806 30
      vertex -64.71805627750908 -47.02042021545467 30
      vertex -67.0902210855501 -43.56889900225596 30
    endloop
  endfacet
  facet normal 0 0 1
    outer loop
      vertex -47.963276587065806 -66.01578674099571 30
      vertex -50.343061725192136 -62.16850377570836 30
      vertex -51.35254390966673 -63.41511045488882 30
    endloop
  endfacet
  facet normal 0 0 1
    outer loop
      vertex -47.963276587065806 -66.01578674099571 30
      vertex -47.02042021545467 -64.71805627750908 30
      vertex -50.343061725192136 -62.16850377570836 30
    endloop
  endfacet
  facet normal 0 0 1
    outer loop
      vertex -47.963276587065806 -66.01578674099571 30
      vertex -44.44254525722621 -68.4355183443466 30
      vertex -47.02042021545467 -64.71805627750908 30
    endloop
  endfacet
  facet normal 0 0 1
    outer loop
      vertex -44.44254525722621 -68.4355183443466 30
      vertex -43.56889900225596 -67.0902210855501 30
      vertex -47.02042021545467 -64.71805627750908 30
    endloop
  endfacet
  facet normal 0 0 1
    outer loop
      vertex -44.44254525722621 -68.4355183443466 30
      vertex -40.8 -70.66767294881018 30
      vertex -43.56889900225596 -67.0902210855501 30
    endloop
  endfacet
  facet normal 0 0 1
    outer loop
      vertex -60.640617758955365 -54.60105747888283 30
      vertex -57.69991334482228 -57.69991334482228 30
      vertex -59.448551726338124 -53.527716402044184 30
    endloop
  endfacet
  facet normal 0 0 1
    outer loop
      vertex -54.60105747888283 -60.640617758955365 30
      vertex -51.35254390966673 -63.41511045488882 30
      vertex -53.527716402044184 -59.448551726338124 30
    endloop
  endfacet
  facet normal 0 0 1
    outer loop
      vertex -54.60105747888283 -60.640617758955365 30
      vertex -53.527716402044184 -59.448551726338124 30
      vertex -56.56565532890418 -56.56565532890418 30
    endloop
  endfacet
  facet normal 0 0 1
    outer loop
      vertex -57.69991334482228 -57.69991334482228 30
      vertex -56.56565532890418 -56.56565532890418 30
      vertex -59.448551726338124 -53.527716402044184 30
    endloop
  endfacet
  facet normal 0 0 1
    outer loop
      vertex -54.60105747888283 -60.640617758955365 30
      vertex -56.56565532890418 -56.56565532890418 30
      vertex -57.69991334482228 -57.69991334482228 30
    endloop
  endfacet
  facet normal 0 0 1
    outer loop
      vertex -60.640617758955365 -54.60105747888283 30
      vertex -62.16850377570836 -50.343061725192136 30
      vertex -63.41511045488882 -51.35254390966673 30
    endloop
  endfacet
  facet normal 0 0 1
    outer loop
      vertex -63.41511045488882 -51.35254390966673 30
      vertex -62.16850377570836 -50.343061725192136 30
      vertex -64.71805627750908 -47.02042021545467 30
    endloop
  endfacet
  facet normal 0 0 1
    outer loop
      vertex -60.640617758955365 -54.60105747888283 30
      vertex -59.448551726338124 -53.527716402044184 30
      vertex -62.16850377570836 -50.343061725192136 30
    endloop
  endfacet
  facet normal 0 0 1
    outer loop
      vertex -51.35254390966673 -63.41511045488882 30
      vertex -50.343061725192136 -62.16850377570836 30
      vertex -53.527716402044184 -59.448551726338124 30
    endloop
  endfacet
  facet normal -0.8356133368105411 -0.39856711645489684 -0.3780140275508065
    outer loop
      vertex -62.37045669318575 -31.779334981768272 0
      vertex -72.70613237377081 -37.04562477874701 28.4
      vertex -74.54530934363623 -33.1897100749853 28.4
    endloop
  endfacet
  facet normal -0.8136087666071691 -0.4417535171051601 -0.3780140275508067
    outer loop
      vertex -60.6217782649107 -35 0
      vertex -70.66767294881019 -40.8 28.4
      vertex -72.70613237377081 -37.04562477874701 28.4
    endloop
  endfacet
  facet normal -0.7893741513277772 -0.4837291020709522 -0.37801402755080654
    outer loop
      vertex -58.706939756179686 -38.1247324510519 0
      vertex -68.43551834434663 -44.442545257226165 28.400000000000016
      vertex -70.66767294881019 -40.8 28.4
    endloop
  endfacet
  facet normal -0.855327548940488 -0.3542882710424875 -0.3780140275508068
    outer loop
      vertex -63.94818203498206 -28.471565015306016 0
      vertex -74.54530934363623 -33.1897100749853 28.4
      vertex -76.18016280217167 -29.2428246828965 28.4
    endloop
  endfacet
  facet normal -0.8726973677118778 -0.309038346105427 -0.37801402755080665
    outer loop
      vertex -65.35062985480413 -25.08575646817102 0
      vertex -76.18016280217167 -29.2428246828965 28.4
      vertex -77.60621172968453 -25.215786740995707 28.4
    endloop
  endfacet
  facet normal -0.8876751836588185 -0.26294136854268624 -0.37801402755080693
    outer loop
      vertex -66.57395614066074 -21.631189606246316 0
      vertex -77.60621172968453 -25.215786740995707 28.4
      vertex -78.81954742518798 -21.119634080365692 28.4
    endloop
  endfacet
  facet normal -0.9002199436288966 -0.2161236869655983 -0.37801402755080693
    outer loop
      vertex -67.61480784023477 -18.117333157176454 0
      vertex -78.81954742518798 -21.119634080365692 28.4
      vertex -79.81684421987855 -16.965593970729163 28.4
    endloop
  endfacet
  facet normal -0.9102972633070099 -0.16871362538510765 -0.37801402755080676
    outer loop
      vertex -68.4703320513664 -14.553818357243154 0
      vertex -79.81684421987855 -16.965593970729163 28.4
      vertex -80.59536859256323 -12.765052347282838 28.4
    endloop
  endfacet
  facet normal -0.9178795214603843 -0.12084113148458162 -0.37801402755080654
    outer loop
      vertex -69.13818384165964 -10.95041255281616 0
      vertex -80.59536859256323 -12.765052347282838 28.4
      vertex -81.15298666205109 -8.529522602640522 28.4
    endloop
  endfacet
  facet normal -0.9229459356464591 -0.07263742044222307 -0.37801402755080654
    outer loop
      vertex -69.61653267577913 -7.316992428735743 0
      vertex -81.15298666205109 -8.529522602640522 28.4
      vertex -81.48817003597323 -4.270614029424217 28.4
    endloop
  endfacet
  facet normal -0.9254826191761129 -0.024234615279389887 -0.3780140275508067
    outer loop
      vertex -69.90406743282017 -3.6635169370060683 0
      vertex -81.48817003597323 -4.270614029424217 28.4
      vertex -81.6 5.913049694094868e-14 28.4
    endloop
  endfacet
  facet normal 0 0 1
    outer loop
      vertex -74.54530934363622 -33.18971007498529 30
      vertex -76.08063807390829 -24.720097812179972 30
      vertex -76.18016280217165 -29.2428246828965 30
    endloop
  endfacet
  facet normal 0 0 1
    outer loop
      vertex -74.54530934363622 -33.18971007498529 30
      vertex -74.68262224615862 -28.667972722436154 30
      vertex -76.08063807390829 -24.720097812179972 30
    endloop
  endfacet
  facet normal 0 0 1
    outer loop
      vertex -76.18016280217165 -29.2428246828965 30
      vertex -77.2701221609977 -20.70446683209353 30
      vertex -77.60621172968452 -25.215786740995707 30
    endloop
  endfacet
  facet normal 0 0 1
    outer loop
      vertex -76.18016280217165 -29.2428246828965 30
      vertex -76.08063807390829 -24.720097812179972 30
      vertex -77.2701221609977 -20.70446683209353 30
    endloop
  endfacet
  facet normal 0 0 1
    outer loop
      vertex -68.4355183443466 -44.44254525722621 30
      vertex -69.2784962609797 -39.99795846532911 30
      vertex -70.66767294881018 -40.8 30
    endloop
  endfacet
  facet normal 0 0 1
    outer loop
      vertex -70.66767294881018 -40.8 30
      vertex -69.2784962609797 -39.99795846532911 30
      vertex -71.2768838936472 -36.31738630447279 30
    endloop
  endfacet
  facet normal 0 0 1
    outer loop
      vertex -70.66767294881018 -40.8 30
      vertex -71.2768838936472 -36.31738630447279 30
      vertex -72.70613237377081 -37.04562477874701 30
    endloop
  endfacet
  facet normal 0 0 1
    outer loop
      vertex -72.70613237377081 -37.04562477874701 30
      vertex -71.2768838936472 -36.31738630447279 30
      vertex -73.07990654195764 -32.537270712146494 30
    endloop
  endfacet
  facet normal 0 0 1
    outer loop
      vertex -74.54530934363622 -33.18971007498529 30
      vertex -72.70613237377081 -37.04562477874701 30
      vertex -73.07990654195764 -32.537270712146494 30
    endloop
  endfacet
  facet normal 0 0 1
    outer loop
      vertex -74.54530934363622 -33.18971007498529 30
      vertex -73.07990654195764 -32.537270712146494 30
      vertex -74.68262224615862 -28.667972722436154 30
    endloop
  endfacet
  facet normal 0 0 1
    outer loop
      vertex -77.60621172968452 -25.215786740995707 30
      vertex -78.24781421422416 -16.632086347570173 30
      vertex -78.81954742518796 -21.119634080365692 30
    endloop
  endfacet
  facet normal 0 0 1
    outer loop
      vertex -77.60621172968452 -25.215786740995707 30
      vertex -77.2701221609977 -20.70446683209353 30
      vertex -78.24781421422416 -16.632086347570173 30
    endloop
  endfacet
  facet normal 0 0 1
    outer loop
      vertex -78.81954742518796 -21.119634080365692 30
      vertex -78.24781421422416 -16.632086347570173 30
      vertex -79.0110344476283 -12.514118470450265 30
    endloop
  endfacet
  facet normal 0 0 1
    outer loop
      vertex -79.81684421987853 -16.96559397072916 30
      vertex -78.81954742518796 -21.119634080365692 30
      vertex -79.55769092760116 -8.361850264448567 30
    endloop
  endfacet
  facet normal 0 0 1
    outer loop
      vertex -78.81954742518796 -21.119634080365692 30
      vertex -79.0110344476283 -12.514118470450265 30
      vertex -79.55769092760116 -8.361850264448567 30
    endloop
  endfacet
  facet normal 0 0 1
    outer loop
      vertex -79.81684421987853 -16.96559397072916 30
      vertex -79.55769092760116 -8.361850264448567 30
      vertex -79.88628530672875 -4.186662808097099 30
    endloop
  endfacet
  facet normal 0 0 1
    outer loop
      vertex -79.81684421987853 -16.96559397072916 30
      vertex -81.15298666205109 8.529522602640522 30
      vertex -80.59536859256323 -12.765052347282838 30
    endloop
  endfacet
  facet normal 0 0 1
    outer loop
      vertex -81.15298666205109 -8.529522602640522 30
      vertex -81.6 0 30
      vertex -81.48817003597321 -4.270614029424217 30
    endloop
  endfacet
  facet normal 0 0 1
    outer loop
      vertex -80.59536859256323 -12.765052347282838 30
      vertex -81.15298666205109 8.529522602640522 30
      vertex -81.15298666205109 -8.529522602640522 30
    endloop
  endfacet
  facet normal 0 0 1
    outer loop
      vertex -79.81684421987853 -16.96559397072916 30
      vertex -79.88628530672875 -4.186662808097099 30
      vertex -80.59536859256323 12.765052347282838 30
    endloop
  endfacet
  facet normal 0 0 1
    outer loop
      vertex -81.15298666205109 -8.529522602640522 30
      vertex -81.48817003597321 4.270614029424217 30
      vertex -81.6 0 30
    endloop
  endfacet
  facet normal -0.4837291020709505 -0.7893741513277781 -0.3780140275508066
    outer loop
      vertex -38.1247324510519 -58.706939756179686 0
      vertex -40.80000000000002 -70.66767294881018 28.4
      vertex -44.442545257226215 -68.4355183443466 28.400000000000002
    endloop
  endfacet
  facet normal -0.44175351710516086 -0.8136087666071687 -0.3780140275508066
    outer loop
      vertex -35 -60.6217782649107 0
      vertex -37.04562477874701 -72.70613237377081 28.4
      vertex -40.80000000000002 -70.66767294881018 28.4
    endloop
  endfacet
  facet normal -0.398567116454895 -0.8356133368105421 -0.3780140275508066
    outer loop
      vertex -31.779334981768272 -62.37045669318575 0
      vertex -33.18971007498531 -74.54530934363622 28.4
      vertex -37.04562477874701 -72.70613237377081 28.4
    endloop
  endfacet
  facet normal -0.3542882710424888 -0.8553275489404875 -0.37801402755080643
    outer loop
      vertex -28.471565015306016 -63.94818203498206 0
      vertex -29.242824682896526 -76.18016280217165 28.4
      vertex -33.18971007498531 -74.54530934363622 28.4
    endloop
  endfacet
  facet normal -0.3090383461054263 -0.8726973677118781 -0.3780140275508065
    outer loop
      vertex -25.08575646817102 -65.35062985480413 0
      vertex -25.21578674099572 -77.60621172968452 28.4
      vertex -29.242824682896526 -76.18016280217165 28.4
    endloop
  endfacet
  facet normal -0.26294136854268946 -0.8876751836588176 -0.3780140275508067
    outer loop
      vertex -21.631189606246316 -66.57395614066074 0
      vertex -21.119634080365714 -78.81954742518798 28.4
      vertex -25.21578674099572 -77.60621172968452 28.4
    endloop
  endfacet
  facet normal -0.21612368696559847 -0.9002199436288966 -0.3780140275508071
    outer loop
      vertex -18.117333157176454 -67.61480784023477 0
      vertex -16.965593970729188 -79.81684421987855 28.4
      vertex -21.119634080365714 -78.81954742518798 28.4
    endloop
  endfacet
  facet normal -0.16871362538510673 -0.9102972633070099 -0.3780140275508069
    outer loop
      vertex -14.553818357243154 -68.4703320513664 0
      vertex -12.76505234728284 -80.59536859256323 28.4
      vertex -16.965593970729188 -79.81684421987855 28.4
    endloop
  endfacet
  facet normal -0.1208411314845849 -0.9178795214603838 -0.37801402755080693
    outer loop
      vertex -7.316992428735743 -69.61653267577913 0
      vertex -8.529522602640537 -81.1529866620511 28.4
      vertex -12.76505234728284 -80.59536859256323 28.4
    endloop
  endfacet
  facet normal -0.0726374204422206 -0.9229459356464592 -0.37801402755080665
    outer loop
      vertex -3.6635169370060683 -69.90406743282017 0
      vertex -4.270614029424238 -81.48817003597323 28.4
      vertex -8.529522602640537 -81.1529866620511 28.4
    endloop
  endfacet
  facet normal -0.024234615279390425 -0.925482619176113 -0.37801402755080654
    outer loop
      vertex -4.270614029424238 -81.48817003597323 28.4
      vertex 0 -70 0
      vertex -3.7972572968203464e-15 -81.6 28.4
    endloop
  endfacet
  facet normal 0 0 1
    outer loop
      vertex -40.8 -70.66767294881018 30
      vertex -37.04562477874701 -72.70613237377081 30
      vertex -39.99795846532911 -69.2784962609797 30
    endloop
  endfacet
  facet normal 0 0 1
    outer loop
      vertex -37.04562477874701 -72.70613237377081 30
      vertex -36.31738630447279 -71.2768838936472 30
      vertex -39.99795846532911 -69.2784962609797 30
    endloop
  endfacet
  facet normal 0 0 1
    outer loop
      vertex -40.8 -70.66767294881018 30
      vertex -39.99795846532911 -69.2784962609797 30
      vertex -43.56889900225596 -67.0902210855501 30
    endloop
  endfacet
  facet normal 0 0 1
    outer loop
      vertex -33.18971007498529 -74.54530934363622 30
      vertex -36.31738630447279 -71.2768838936472 30
      vertex -37.04562477874701 -72.70613237377081 30
    endloop
  endfacet
  facet normal 0 0 1
    outer loop
      vertex -33.18971007498529 -74.54530934363622 30
      vertex -32.537270712146494 -73.07990654195764 30
      vertex -36.31738630447279 -71.2768838936472 30
    endloop
  endfacet
  facet normal 0 0 1
    outer loop
      vertex -33.18971007498529 -74.54530934363622 30
      vertex -29.2428246828965 -76.18016280217165 30
      vertex -32.537270712146494 -73.07990654195764 30
    endloop
  endfacet
  facet normal 0 0 1
    outer loop
      vertex -29.2428246828965 -76.18016280217165 30
      vertex -28.667972722436154 -74.68262224615862 30
      vertex -32.537270712146494 -73.07990654195764 30
    endloop
  endfacet
  facet normal 0 0 1
    outer loop
      vertex -29.2428246828965 -76.18016280217165 30
      vertex -25.215786740995707 -77.60621172968452 30
      vertex -28.667972722436154 -74.68262224615862 30
    endloop
  endfacet
  facet normal 0 0 1
    outer loop
      vertex -25.215786740995707 -77.60621172968452 30
      vertex -24.720097812179972 -76.08063807390829 30
      vertex -28.667972722436154 -74.68262224615862 30
    endloop
  endfacet
  facet normal 0 0 1
    outer loop
      vertex -25.215786740995707 -77.60621172968452 30
      vertex -21.119634080365692 -78.81954742518796 30
      vertex -24.720097812179972 -76.08063807390829 30
    endloop
  endfacet
  facet normal 0 0 1
    outer loop
      vertex -21.119634080365692 -78.81954742518796 30
      vertex -20.70446683209353 -77.2701221609977 30
      vertex -24.720097812179972 -76.08063807390829 30
    endloop
  endfacet
  facet normal 0 0 1
    outer loop
      vertex -16.96559397072916 -79.81684421987853 30
      vertex -20.70446683209353 -77.2701221609977 30
      vertex -21.119634080365692 -78.81954742518796 30
    endloop
  endfacet
  facet normal 0 0 1
    outer loop
      vertex -16.96559397072916 -79.81684421987853 30
      vertex -16.632086347570173 -78.24781421422416 30
      vertex -20.70446683209353 -77.2701221609977 30
    endloop
  endfacet
  facet normal 0 0 1
    outer loop
      vertex -12.765052347282838 -80.59536859256323 30
      vertex -8.529522602640522 -81.15298666205109 30
      vertex -12.514118470450265 -79.0110344476283 30
    endloop
  endfacet
  facet normal 0 0 1
    outer loop
      vertex -16.96559397072916 -79.81684421987853 30
      vertex -12.765052347282838 -80.59536859256323 30
      vertex -16.632086347570173 -78.24781421422416 30
    endloop
  endfacet
  facet normal 0 0 1
    outer loop
      vertex -12.765052347282838 -80.59536859256323 30
      vertex -12.514118470450265 -79.0110344476283 30
      vertex -16.632086347570173 -78.24781421422416 30
    endloop
  endfacet
  facet normal 0 0 1
    outer loop
      vertex -8.529522602640522 -81.15298666205109 30
      vertex -8.361850264448567 -79.55769092760116 30
      vertex -12.514118470450265 -79.0110344476283 30
    endloop
  endfacet
  facet normal 0 0 1
    outer loop
      vertex -8.529522602640522 -81.15298666205109 30
      vertex -4.270614029424217 -81.48817003597321 30
      vertex -8.361850264448567 -79.55769092760116 30
    endloop
  endfacet
  facet normal 0 0 1
    outer loop
      vertex -4.270614029424217 -81.48817003597321 30
      vertex -4.186662808097099 -79.88628530672875 30
      vertex -8.361850264448567 -79.55769092760116 30
    endloop
  endfacet
  facet normal 0 0 1
    outer loop
      vertex -4.270614029424217 -81.48817003597321 30
      vertex 0 -81.6 30
      vertex -4.186662808097099 -79.88628530672875 30
    endloop
  endfacet
  facet normal 0 0 1
    outer loop
      vertex 0 -81.6 30
      vertex 0 -79.99591693065823 30
      vertex -4.186662808097099 -79.88628530672875 30
    endloop
  endfacet
  facet normal 0 0 -1
    outer loop
      vertex -69.90406743282017 -3.6635169370060683 0
      vertex -70 0 0
      vertex -69.90406743282017 3.6635169370060683 0
    endloop
  endfacet
  facet normal 0 0 -1
    outer loop
      vertex -69.90406743282017 -3.6635169370060683 0
      vertex -69.90406743282017 3.6635169370060683 0
      vertex -69.61653267577913 7.316992428735743 0
    endloop
  endfacet
  facet normal 0 0 -1
    outer loop
      vertex -69.61653267577913 -7.316992428735743 0
      vertex -69.61653267577913 7.316992428735743 0
      vertex -69.13818384165964 10.95041255281616 0
    endloop
  endfacet
  facet normal 0 0 -1
    outer loop
      vertex -69.13818384165964 -10.95041255281616 0
      vertex -69.13818384165964 10.95041255281616 0
      vertex -68.4703320513664 14.553818357243154 0
    endloop
  endfacet
  facet normal 0 0 -1
    outer loop
      vertex -68.4703320513664 -14.553818357243154 0
      vertex -68.4703320513664 14.553818357243154 0
      vertex -67.61480784023477 18.117333157176454 0
    endloop
  endfacet
  facet normal 0 0 -1
    outer loop
      vertex -67.61480784023477 -18.117333157176454 0
      vertex -67.61480784023477 18.117333157176454 0
      vertex -66.57395614066074 21.631189606246316 0
    endloop
  endfacet
  facet normal 0 0 -1
    outer loop
      vertex -66.57395614066074 -21.631189606246316 0
      vertex -66.57395614066074 21.631189606246316 0
      vertex -65.35062985480413 25.08575646817102 0
    endloop
  endfacet
  facet normal 0 0 -1
    outer loop
      vertex -65.35062985480413 -25.08575646817102 0
      vertex -65.35062985480413 25.08575646817102 0
      vertex -63.94818203498206 28.471565015306016 0
    endloop
  endfacet
  facet normal 0 0 -1
    outer loop
      vertex -63.94818203498206 -28.471565015306016 0
      vertex -63.94818203498206 28.471565015306016 0
      vertex -62.37045669318575 31.779334981768272 0
    endloop
  endfacet
  facet normal 0 0 -1
    outer loop
      vertex -62.37045669318575 -31.779334981768272 0
      vertex -62.37045669318575 31.779334981768272 0
      vertex -60.6217782649107 35 0
    endloop
  endfacet
  facet normal 0 0 -1
    outer loop
      vertex -60.6217782649107 -35 0
      vertex -60.6217782649107 35 0
      vertex -58.706939756179686 38.1247324510519 0
    endloop
  endfacet
  facet normal 0 0 -1
    outer loop
      vertex -58.706939756179686 -38.1247324510519 0
      vertex -58.706939756179686 38.1247324510519 0
      vertex -56.63118960624632 41.14496766047312 0
    endloop
  endfacet
  facet normal 0 0 -1
    outer loop
      vertex -56.63118960624632 -41.14496766047312 0
      vertex -56.63118960624632 41.14496766047312 0
      vertex -54.400217301987965 44.05242737348862 0
    endloop
  endfacet
  facet normal 0 0 -1
    outer loop
      vertex -54.400217301987965 -44.05242737348862 0
      vertex -54.400217301987965 44.05242737348862 0
      vertex -52.020137783417596 46.839142445120075 0
    endloop
  endfacet
  facet normal 0 0 -1
    outer loop
      vertex -52.020137783417596 -46.839142445120075 0
      vertex -52.020137783417596 46.839142445120075 0
      vertex -49.49747468305833 49.49747468305833 0
    endloop
  endfacet
  facet normal 0 0 -1
    outer loop
      vertex -49.49747468305833 -49.49747468305833 0
      vertex -49.49747468305833 49.49747468305833 0
      vertex -46.839142445120075 52.020137783417596 0
    endloop
  endfacet
  facet normal 0 0 -1
    outer loop
      vertex -46.839142445120075 -52.020137783417596 0
      vertex -46.839142445120075 52.020137783417596 0
      vertex -44.05242737348862 54.400217301987965 0
    endloop
  endfacet
  facet normal 0 0 -1
    outer loop
      vertex -44.05242737348862 -54.400217301987965 0
      vertex -44.05242737348862 54.400217301987965 0
      vertex -41.14496766047312 56.63118960624632 0
    endloop
  endfacet
  facet normal -0.9254826191761129 0.0242346152793916 -0.3780140275508064
    outer loop
      vertex -70 0 0
      vertex -81.48817003597321 4.270614029424424 28.4
      vertex -69.90406743282017 3.6635169370060683 0
    endloop
  endfacet
  facet normal -0.9229459356464591 0.07263742044222242 -0.37801402755080665
    outer loop
      vertex -69.90406743282017 3.6635169370060683 0
      vertex -81.15298666205109 8.529522602640574 28.4
      vertex -69.61653267577913 7.316992428735743 0
    endloop
  endfacet
  facet normal -0.9178795214603842 0.12084113148458178 -0.37801402755080643
    outer loop
      vertex -69.61653267577913 7.316992428735743 0
      vertex -80.59536859256323 12.765052347282838 28.4
      vertex -69.13818384165964 10.95041255281616 0
    endloop
  endfacet
  facet normal -0.9102972633070096 0.16871362538510937 -0.37801402755080665
    outer loop
      vertex -69.13818384165964 10.95041255281616 0
      vertex -79.81684421987853 16.965593970729216 28.4
      vertex -68.4703320513664 14.553818357243154 0
    endloop
  endfacet
  facet normal -0.9002199436288963 0.21612368696559967 -0.3780140275508067
    outer loop
      vertex -68.4703320513664 14.553818357243154 0
      vertex -79.81684421987853 16.965593970729216 28.4
      vertex -67.61480784023477 18.117333157176454 0
    endloop
  endfacet
  facet normal -0.8876751836588183 0.2629413685426864 -0.378014027550807
    outer loop
      vertex -67.61480784023477 18.117333157176454 0
      vertex -78.81954742518796 21.11963408036575 28.4
      vertex -66.57395614066074 21.631189606246316 0
    endloop
  endfacet
  facet normal -0.8726973677118786 0.3090383461054246 -0.3780140275508069
    outer loop
      vertex -66.57395614066074 21.631189606246316 0
      vertex -77.60621172968452 25.215786740995735 28.4
      vertex -65.35062985480413 25.08575646817102 0
    endloop
  endfacet
  facet normal -0.8553275489404877 0.35428827104248845 -0.3780140275508066
    outer loop
      vertex -65.35062985480413 25.08575646817102 0
      vertex -76.18016280217165 29.24282468289654 28.4
      vertex -63.94818203498206 28.471565015306016 0
    endloop
  endfacet
  facet normal -0.8356133368105418 0.3985671164548951 -0.3780140275508067
    outer loop
      vertex -63.94818203498206 28.471565015306016 0
      vertex -74.54530934363622 33.18971007498533 28.4
      vertex -62.37045669318575 31.779334981768272 0
    endloop
  endfacet
  facet normal -0.8136087666071684 0.4417535171051614 -0.3780140275508068
    outer loop
      vertex -62.37045669318575 31.779334981768272 0
      vertex -70.66767294881018 40.80000000000003 28.4
      vertex -60.6217782649107 35 0
    endloop
  endfacet
  facet normal -0.7893741513277782 0.4837291020709503 -0.37801402755080693
    outer loop
      vertex -60.6217782649107 35 0
      vertex -70.66767294881018 40.80000000000003 28.4
      vertex -58.706939756179686 38.1247324510519 0
    endloop
  endfacet
  facet normal -0.762975916368321 0.5243788191915641 -0.37801402755080626
    outer loop
      vertex -58.706939756179686 38.1247324510519 0
      vertex -68.43551834434658 44.44254525722624 28.400000000000016
      vertex -56.63118960624632 41.14496766047312 0
    endloop
  endfacet
  facet normal -0.7344864174559044 0.5635912504178973 -0.3780140275508067
    outer loop
      vertex -56.63118960624632 41.14496766047312 0
      vertex -66.01578674099571 47.96327658706582 28.4
      vertex -54.400217301987965 44.05242737348862 0
    endloop
  endfacet
  facet normal -0.7039837423267666 0.6012589172015819 -0.3780140275508066
    outer loop
      vertex -54.400217301987965 44.05242737348862 0
      vertex -63.41511045488882 51.35254390966674 28.4
      vertex -52.020137783417596 46.839142445120075 0
    endloop
  endfacet
  facet normal -0.6715514966932218 0.6372785750862111 -0.3780140275508066
    outer loop
      vertex -52.020137783417596 46.839142445120075 0
      vertex -60.640617758955365 54.60105747888283 28.4
      vertex -49.49747468305833 49.49747468305833 0
    endloop
  endfacet
  facet normal -0.6372785750862111 0.6715514966932218 -0.3780140275508067
    outer loop
      vertex -49.49747468305833 49.49747468305833 0
      vertex -54.60105747888283 60.64061775895537 28.4
      vertex -46.839142445120075 52.020137783417596 0
    endloop
  endfacet
  facet normal -0.6012589172015818 0.7039837423267666 -0.3780140275508068
    outer loop
      vertex -46.839142445120075 52.020137783417596 0
      vertex -51.35254390966673 63.41511045488884 28.4
      vertex -44.05242737348862 54.400217301987965 0
    endloop
  endfacet
  facet normal -0.5635912504178973 0.7344864174559044 -0.3780140275508065
    outer loop
      vertex -44.05242737348862 54.400217301987965 0
      vertex -47.963276587065806 66.01578674099571 28.4
      vertex -41.14496766047312 56.63118960624632 0
    endloop
  endfacet
  facet normal 0 0 -1
    outer loop
      vertex -41.14496766047312 -56.63118960624632 0
      vertex -41.14496766047312 56.63118960624632 0
      vertex -38.1247324510519 58.706939756179686 0
    endloop
  endfacet
  facet normal 0 0 -1
    outer loop
      vertex -38.1247324510519 -58.706939756179686 0
      vertex -38.1247324510519 58.706939756179686 0
      vertex -35 60.6217782649107 0
    endloop
  endfacet
  facet normal 0 0 -1
    outer loop
      vertex -35 -60.6217782649107 0
      vertex -35 60.6217782649107 0
      vertex -31.779334981768272 62.37045669318575 0
    endloop
  endfacet
  facet normal 0 0 -1
    outer loop
      vertex -31.779334981768272 -62.37045669318575 0
      vertex -31.779334981768272 62.37045669318575 0
      vertex -28.471565015306016 63.94818203498206 0
    endloop
  endfacet
  facet normal 0 0 -1
    outer loop
      vertex -28.471565015306016 -63.94818203498206 0
      vertex -28.471565015306016 63.94818203498206 0
      vertex -25.08575646817102 65.35062985480413 0
    endloop
  endfacet
  facet normal 0 0 -1
    outer loop
      vertex -25.08575646817102 -65.35062985480413 0
      vertex -25.08575646817102 65.35062985480413 0
      vertex -21.631189606246316 66.57395614066074 0
    endloop
  endfacet
  facet normal 0 0 -1
    outer loop
      vertex -21.631189606246316 -66.57395614066074 0
      vertex -21.631189606246316 66.57395614066074 0
      vertex -18.117333157176454 67.61480784023477 0
    endloop
  endfacet
  facet normal 0 0 -1
    outer loop
      vertex -18.117333157176454 -67.61480784023477 0
      vertex -18.117333157176454 67.61480784023477 0
      vertex -14.553818357243154 68.4703320513664 0
    endloop
  endfacet
  facet normal 0 0 -1
    outer loop
      vertex -14.553818357243154 -68.4703320513664 0
      vertex -14.553818357243154 68.4703320513664 0
      vertex -10.95041255281616 69.13818384165964 0
    endloop
  endfacet
  facet normal 0 0 -1
    outer loop
      vertex -10.95041255281616 -69.13818384165964 0
      vertex -10.95041255281616 69.13818384165964 0
      vertex -7.316992428735743 69.61653267577913 0
    endloop
  endfacet
  facet normal 0 0 -1
    outer loop
      vertex -7.316992428735743 -69.61653267577913 0
      vertex -7.316992428735743 69.61653267577913 0
      vertex -3.6635169370060683 69.90406743282017 0
    endloop
  endfacet
  facet normal 0 0 -1
    outer loop
      vertex -3.6635169370060683 -69.90406743282017 0
      vertex -3.6635169370060683 69.90406743282017 0
      vertex 0 70 0
    endloop
  endfacet
  facet normal -0.524378819191564 0.7629759163683211 -0.37801402755080643
    outer loop
      vertex -41.14496766047312 56.63118960624632 0
      vertex -44.4425452572262 68.4355183443466 28.400000000000002
      vertex -38.1247324510519 58.706939756179686 0
    endloop
  endfacet
  facet normal -0.4837291020709503 0.7893741513277782 -0.378014027550807
    outer loop
      vertex -38.1247324510519 58.706939756179686 0
      vertex -40.79999999999999 70.6676729488102 28.4
      vertex -35 60.6217782649107 0
    endloop
  endfacet
  facet normal -0.4417535171051615 0.8136087666071685 -0.3780140275508064
    outer loop
      vertex -35 60.6217782649107 0
      vertex -37.04562477874698 72.70613237377083 28.40000000000001
      vertex -31.779334981768272 62.37045669318575 0
    endloop
  endfacet
  facet normal -0.3985671164548952 0.835613336810542 -0.3780140275508066
    outer loop
      vertex -31.779334981768272 62.37045669318575 0
      vertex -33.189710074985285 74.54530934363623 28.4
      vertex -28.471565015306016 63.94818203498206 0
    endloop
  endfacet
  facet normal -0.3542882710424885 0.8553275489404877 -0.3780140275508065
    outer loop
      vertex -28.471565015306016 63.94818203498206 0
      vertex -29.242824682896487 76.18016280217167 28.4
      vertex -25.08575646817102 65.35062985480413 0
    endloop
  endfacet
  facet normal -0.3090383461054246 0.8726973677118786 -0.3780140275508069
    outer loop
      vertex -25.08575646817102 65.35062985480413 0
      vertex -25.215786740995696 77.60621172968453 28.4
      vertex -21.631189606246316 66.57395614066074 0
    endloop
  endfacet
  facet normal -0.2629413685426864 0.8876751836588185 -0.37801402755080676
    outer loop
      vertex -21.631189606246316 66.57395614066074 0
      vertex -21.119634080365675 78.81954742518798 28.4
      vertex -18.117333157176454 67.61480784023477 0
    endloop
  endfacet
  facet normal -0.21612368696559964 0.9002199436288962 -0.378014027550807
    outer loop
      vertex -18.117333157176454 67.61480784023477 0
      vertex -16.965593970729138 79.81684421987856 28.4
      vertex -14.553818357243154 68.4703320513664 0
    endloop
  endfacet
  facet normal -0.16871362538510937 0.9102972633070096 -0.3780140275508065
    outer loop
      vertex -14.553818357243154 68.4703320513664 0
      vertex -12.765052347282836 80.59536859256323 28.4
      vertex -10.95041255281616 69.13818384165964 0
    endloop
  endfacet
  facet normal -0.12084113148458177 0.9178795214603841 -0.3780140275508069
    outer loop
      vertex -10.95041255281616 69.13818384165964 0
      vertex -8.52952260264051 81.1529866620511 28.4
      vertex -7.316992428735743 69.61653267577913 0
    endloop
  endfacet
  facet normal -0.07263742044222242 0.9229459356464591 -0.3780140275508066
    outer loop
      vertex -7.316992428735743 69.61653267577913 0
      vertex -4.270614029424197 81.48817003597323 28.4
      vertex -3.6635169370060683 69.90406743282017 0
    endloop
  endfacet
  facet normal -0.0242346152793916 0.9254826191761129 -0.37801402755080654
    outer loop
      vertex -3.6635169370060683 69.90406743282017 0
      vertex 3.7972572968203464e-15 81.6 28.4
      vertex 0 70 0
    endloop
  endfacet
  facet normal -0.9254826191761129 0.024234615279392854 -0.3780140275508065
    outer loop
      vertex -70 0 0
      vertex -81.6 5.913049694094868e-14 28.4
      vertex -81.48817003597321 4.270614029424424 28.4
    endloop
  endfacet
  facet normal -0.9229459356464591 0.07263742044222313 -0.3780140275508067
    outer loop
      vertex -69.90406743282017 3.6635169370060683 0
      vertex -81.48817003597321 4.270614029424424 28.4
      vertex -81.15298666205109 8.529522602640574 28.4
    endloop
  endfacet
  facet normal -0.9178795214603841 0.12084113148458304 -0.3780140275508067
    outer loop
      vertex -69.61653267577913 7.316992428735743 0
      vertex -81.15298666205109 8.529522602640574 28.4
      vertex -80.59536859256323 12.765052347282838 28.4
    endloop
  endfacet
  facet normal -0.9102972633070096 0.16871362538510892 -0.37801402755080654
    outer loop
      vertex -69.13818384165964 10.95041255281616 0
      vertex -80.59536859256323 12.765052347282838 28.4
      vertex -79.81684421987853 16.965593970729216 28.4
    endloop
  endfacet
  facet normal -0.9002199436288967 0.21612368696559817 -0.37801402755080693
    outer loop
      vertex -67.61480784023477 18.117333157176454 0
      vertex -79.81684421987853 16.965593970729216 28.4
      vertex -78.81954742518796 21.11963408036575 28.4
    endloop
  endfacet
  facet normal -0.8876751836588181 0.26294136854268757 -0.3780140275508069
    outer loop
      vertex -66.57395614066074 21.631189606246316 0
      vertex -78.81954742518796 21.11963408036575 28.4
      vertex -77.60621172968452 25.215786740995735 28.4
    endloop
  endfacet
  facet normal -0.872697367711878 0.3090383461054263 -0.37801402755080665
    outer loop
      vertex -65.35062985480413 25.08575646817102 0
      vertex -77.60621172968452 25.215786740995735 28.4
      vertex -76.18016280217165 29.24282468289654 28.4
    endloop
  endfacet
  facet normal -0.8553275489404877 0.3542882710424882 -0.3780140275508067
    outer loop
      vertex -63.94818203498206 28.471565015306016 0
      vertex -76.18016280217165 29.24282468289654 28.4
      vertex -74.54530934363622 33.18971007498533 28.4
    endloop
  endfacet
  facet normal -0.8356133368105414 0.3985671164548961 -0.37801402755080654
    outer loop
      vertex -62.37045669318575 31.779334981768272 0
      vertex -74.54530934363622 33.18971007498533 28.4
      vertex -72.70613237377081 37.04562477874702 28.4
    endloop
  endfacet
  facet normal -0.8136087666071692 0.44175351710516 -0.37801402755080654
    outer loop
      vertex -62.37045669318575 31.779334981768272 0
      vertex -72.70613237377081 37.04562477874702 28.4
      vertex -70.66767294881018 40.80000000000003 28.4
    endloop
  endfacet
  facet normal -0.7893741513277757 0.4837291020709547 -0.3780140275508062
    outer loop
      vertex -58.706939756179686 38.1247324510519 0
      vertex -70.66767294881018 40.80000000000003 28.4
      vertex -68.43551834434658 44.44254525722624 28.400000000000016
    endloop
  endfacet
  facet normal 0 0 1
    outer loop
      vertex -81.15298666205109 -8.529522602640522 30
      vertex -81.15298666205109 8.529522602640522 30
      vertex -81.48817003597321 4.270614029424217 30
    endloop
  endfacet
  facet normal 0 0 1
    outer loop
      vertex -79.81684421987853 -16.96559397072916 30
      vertex -80.59536859256323 12.765052347282838 30
      vertex -81.15298666205109 8.529522602640522 30
    endloop
  endfacet
  facet normal 0 0 1
    outer loop
      vertex -80.59536859256323 12.765052347282838 30
      vertex -79.88628530672875 -4.186662808097099 30
      vertex -79.99591693065821 0 30
    endloop
  endfacet
  facet normal 0 0 1
    outer loop
      vertex -80.59536859256323 12.765052347282838 30
      vertex -79.99591693065821 0 30
      vertex -79.88628530672875 4.186662808097099 30
    endloop
  endfacet
  facet normal 0 0 1
    outer loop
      vertex -80.59536859256323 12.765052347282838 30
      vertex -79.88628530672875 4.186662808097099 30
      vertex -79.55769092760116 8.361850264448567 30
    endloop
  endfacet
  facet normal 0 0 1
    outer loop
      vertex -80.59536859256323 12.765052347282838 30
      vertex -79.55769092760116 8.361850264448567 30
      vertex -79.81684421987853 16.96559397072916 30
    endloop
  endfacet
  facet normal 0 0 1
    outer loop
      vertex -79.81684421987853 16.96559397072916 30
      vertex -79.55769092760116 8.361850264448567 30
      vertex -79.0110344476283 12.514118470450265 30
    endloop
  endfacet
  facet normal 0 0 1
    outer loop
      vertex -79.81684421987853 16.96559397072916 30
      vertex -79.0110344476283 12.514118470450265 30
      vertex -78.24781421422416 16.632086347570173 30
    endloop
  endfacet
  facet normal 0 0 1
    outer loop
      vertex -79.81684421987853 16.96559397072916 30
      vertex -78.24781421422416 16.632086347570173 30
      vertex -78.81954742518796 21.119634080365692 30
    endloop
  endfacet
  facet normal 0 0 1
    outer loop
      vertex -78.81954742518796 21.119634080365692 30
      vertex -78.24781421422416 16.632086347570173 30
      vertex -77.2701221609977 20.70446683209353 30
    endloop
  endfacet
  facet normal 0 0 1
    outer loop
      vertex -78.81954742518796 21.119634080365692 30
      vertex -77.2701221609977 20.70446683209353 30
      vertex -77.60621172968452 25.215786740995707 30
    endloop
  endfacet
  facet normal 0 0 1
    outer loop
      vertex -77.60621172968452 25.215786740995707 30
      vertex -77.2701221609977 20.70446683209353 30
      vertex -76.08063807390829 24.720097812179972 30
    endloop
  endfacet
  facet normal 0 0 1
    outer loop
      vertex -77.60621172968452 25.215786740995707 30
      vertex -76.08063807390829 24.720097812179972 30
      vertex -74.68262224615862 28.667972722436154 30
    endloop
  endfacet
  facet normal 0 0 1
    outer loop
      vertex -77.60621172968452 25.215786740995707 30
      vertex -74.68262224615862 28.667972722436154 30
      vertex -76.18016280217165 29.2428246828965 30
    endloop
  endfacet
  facet normal 0 0 1
    outer loop
      vertex -76.18016280217165 29.2428246828965 30
      vertex -74.68262224615862 28.667972722436154 30
      vertex -73.07990654195764 32.537270712146494 30
    endloop
  endfacet
  facet normal 0 0 1
    outer loop
      vertex -76.18016280217165 29.2428246828965 30
      vertex -73.07990654195764 32.537270712146494 30
      vertex -74.54530934363622 33.18971007498529 30
    endloop
  endfacet
  facet normal 0 0 1
    outer loop
      vertex -74.54530934363622 33.18971007498529 30
      vertex -73.07990654195764 32.537270712146494 30
      vertex -71.2768838936472 36.31738630447279 30
    endloop
  endfacet
  facet normal 0 0 1
    outer loop
      vertex -74.54530934363622 33.18971007498529 30
      vertex -71.2768838936472 36.31738630447279 30
      vertex -72.70613237377081 37.04562477874701 30
    endloop
  endfacet
  facet normal 0 0 1
    outer loop
      vertex -72.70613237377081 37.04562477874701 30
      vertex -71.2768838936472 36.31738630447279 30
      vertex -69.2784962609797 39.99795846532911 30
    endloop
  endfacet
  facet normal 0 0 1
    outer loop
      vertex -72.70613237377081 37.04562477874701 30
      vertex -69.2784962609797 39.99795846532911 30
      vertex -70.66767294881018 40.8 30
    endloop
  endfacet
  facet normal 0 0 1
    outer loop
      vertex -70.66767294881018 40.8 30
      vertex -69.2784962609797 39.99795846532911 30
      vertex -67.0902210855501 43.56889900225596 30
    endloop
  endfacet
  facet normal -0.7629759163683227 0.5243788191915614 -0.3780140275508066
    outer loop
      vertex -56.63118960624632 41.14496766047312 0
      vertex -68.43551834434658 44.44254525722624 28.400000000000016
      vertex -66.01578674099571 47.96327658706582 28.4
    endloop
  endfacet
  facet normal -0.7344864174559037 0.563591250417898 -0.3780140275508065
    outer loop
      vertex -54.400217301987965 44.05242737348862 0
      vertex -66.01578674099571 47.96327658706582 28.4
      vertex -63.41511045488882 51.35254390966674 28.4
    endloop
  endfacet
  facet normal -0.7039837423267663 0.6012589172015822 -0.37801402755080643
    outer loop
      vertex -52.020137783417596 46.839142445120075 0
      vertex -63.41511045488882 51.35254390966674 28.4
      vertex -60.640617758955365 54.60105747888283 28.4
    endloop
  endfacet
  facet normal -0.6715514966932213 0.6372785750862117 -0.37801402755080654
    outer loop
      vertex -49.49747468305833 49.49747468305833 0
      vertex -60.640617758955365 54.60105747888283 28.4
      vertex -57.699913344822264 57.69991334482229 28.400000000000006
    endloop
  endfacet
  facet normal -0.6372785750862124 0.6715514966932207 -0.3780140275508065
    outer loop
      vertex -49.49747468305833 49.49747468305833 0
      vertex -57.699913344822264 57.69991334482229 28.400000000000006
      vertex -54.60105747888283 60.64061775895537 28.4
    endloop
  endfacet
  facet normal -0.6012589172015823 0.7039837423267661 -0.3780140275508067
    outer loop
      vertex -46.839142445120075 52.020137783417596 0
      vertex -54.60105747888283 60.64061775895537 28.4
      vertex -51.35254390966673 63.41511045488884 28.4
    endloop
  endfacet
  facet normal -0.563591250417895 0.734486417455906 -0.37801402755080676
    outer loop
      vertex -44.05242737348862 54.400217301987965 0
      vertex -51.35254390966673 63.41511045488884 28.4
      vertex -47.963276587065806 66.01578674099571 28.4
    endloop
  endfacet
  facet normal -0.5243788191915637 0.7629759163683212 -0.37801402755080654
    outer loop
      vertex -41.14496766047312 56.63118960624632 0
      vertex -47.963276587065806 66.01578674099571 28.4
      vertex -44.4425452572262 68.4355183443466 28.400000000000002
    endloop
  endfacet
  facet normal 0 0 1
    outer loop
      vertex -70.66767294881018 40.8 30
      vertex -67.0902210855501 43.56889900225596 30
      vertex -68.4355183443466 44.44254525722621 30
    endloop
  endfacet
  facet normal 0 0 1
    outer loop
      vertex -68.4355183443466 44.44254525722621 30
      vertex -67.0902210855501 43.56889900225596 30
      vertex -64.71805627750908 47.02042021545467 30
    endloop
  endfacet
  facet normal 0 0 1
    outer loop
      vertex -68.4355183443466 44.44254525722621 30
      vertex -64.71805627750908 47.02042021545467 30
      vertex -66.01578674099571 47.963276587065806 30
    endloop
  endfacet
  facet normal 0 0 1
    outer loop
      vertex -66.01578674099571 47.963276587065806 30
      vertex -64.71805627750908 47.02042021545467 30
      vertex -62.16850377570836 50.343061725192136 30
    endloop
  endfacet
  facet normal 0 0 1
    outer loop
      vertex -66.01578674099571 47.963276587065806 30
      vertex -62.16850377570836 50.343061725192136 30
      vertex -63.41511045488882 51.35254390966673 30
    endloop
  endfacet
  facet normal 0 0 1
    outer loop
      vertex -63.41511045488882 51.35254390966673 30
      vertex -62.16850377570836 50.343061725192136 30
      vertex -59.448551726338124 53.527716402044184 30
    endloop
  endfacet
  facet normal 0 0 1
    outer loop
      vertex -63.41511045488882 51.35254390966673 30
      vertex -59.448551726338124 53.527716402044184 30
      vertex -60.640617758955365 54.60105747888283 30
    endloop
  endfacet
  facet normal 0 0 1
    outer loop
      vertex -60.640617758955365 54.60105747888283 30
      vertex -59.448551726338124 53.527716402044184 30
      vertex -56.56565532890418 56.56565532890418 30
    endloop
  endfacet
  facet normal 0 0 1
    outer loop
      vertex -60.640617758955365 54.60105747888283 30
      vertex -56.56565532890418 56.56565532890418 30
      vertex -57.69991334482228 57.69991334482228 30
    endloop
  endfacet
  facet normal 0 0 1
    outer loop
      vertex -57.69991334482228 57.69991334482228 30
      vertex -56.56565532890418 56.56565532890418 30
      vertex -53.527716402044184 59.448551726338124 30
    endloop
  endfacet
  facet normal 0 0 1
    outer loop
      vertex -57.69991334482228 57.69991334482228 30
      vertex -53.527716402044184 59.448551726338124 30
      vertex -54.60105747888283 60.640617758955365 30
    endloop
  endfacet
  facet normal 0 0 1
    outer loop
      vertex -54.60105747888283 60.640617758955365 30
      vertex -53.527716402044184 59.448551726338124 30
      vertex -50.343061725192136 62.16850377570836 30
    endloop
  endfacet
  facet normal 0 0 1
    outer loop
      vertex -54.60105747888283 60.640617758955365 30
      vertex -50.343061725192136 62.16850377570836 30
      vertex -51.35254390966673 63.41511045488882 30
    endloop
  endfacet
  facet normal 0 0 1
    outer loop
      vertex -51.35254390966673 63.41511045488882 30
      vertex -50.343061725192136 62.16850377570836 30
      vertex -47.02042021545467 64.71805627750908 30
    endloop
  endfacet
  facet normal 0 0 1
    outer loop
      vertex -51.35254390966673 63.41511045488882 30
      vertex -47.02042021545467 64.71805627750908 30
      vertex -47.963276587065806 66.01578674099571 30
    endloop
  endfacet
  facet normal 0 0 1
    outer loop
      vertex -47.963276587065806 66.01578674099571 30
      vertex -47.02042021545467 64.71805627750908 30
      vertex -43.56889900225596 67.0902210855501 30
    endloop
  endfacet
  facet normal 0 0 1
    outer loop
      vertex -47.963276587065806 66.01578674099571 30
      vertex -43.56889900225596 67.0902210855501 30
      vertex -44.44254525722621 68.4355183443466 30
    endloop
  endfacet
  facet normal 0 0 1
    outer loop
      vertex -44.44254525722621 68.4355183443466 30
      vertex -43.56889900225596 67.0902210855501 30
      vertex -39.99795846532911 69.2784962609797 30
    endloop
  endfacet
  facet normal -0.48372910207095365 0.7893741513277762 -0.3780140275508065
    outer loop
      vertex -38.1247324510519 58.706939756179686 0
      vertex -44.4425452572262 68.4355183443466 28.400000000000002
      vertex -40.79999999999999 70.6676729488102 28.4
    endloop
  endfacet
  facet normal -0.4417535171051572 0.8136087666071706 -0.3780140275508068
    outer loop
      vertex -35 60.6217782649107 0
      vertex -40.79999999999999 70.6676729488102 28.4
      vertex -37.04562477874698 72.70613237377083 28.40000000000001
    endloop
  endfacet
  facet normal -0.3985671164548964 0.8356133368105414 -0.37801402755080654
    outer loop
      vertex -31.779334981768272 62.37045669318575 0
      vertex -37.04562477874698 72.70613237377083 28.40000000000001
      vertex -33.189710074985285 74.54530934363623 28.4
    endloop
  endfacet
  facet normal -0.3542882710424875 0.855327548940488 -0.37801402755080665
    outer loop
      vertex -28.471565015306016 63.94818203498206 0
      vertex -33.189710074985285 74.54530934363623 28.4
      vertex -29.242824682896487 76.18016280217167 28.4
    endloop
  endfacet
  facet normal -0.30903834610542724 0.8726973677118776 -0.3780140275508065
    outer loop
      vertex -25.08575646817102 65.35062985480413 0
      vertex -29.242824682896487 76.18016280217167 28.4
      vertex -25.215786740995696 77.60621172968453 28.4
    endloop
  endfacet
  facet normal -0.2629413685426858 0.8876751836588186 -0.3780140275508068
    outer loop
      vertex -21.631189606246316 66.57395614066074 0
      vertex -25.215786740995696 77.60621172968453 28.4
      vertex -21.119634080365675 78.81954742518798 28.4
    endloop
  endfacet
  facet normal -0.21612368696560083 0.900219943628896 -0.37801402755080676
    outer loop
      vertex -18.117333157176454 67.61480784023477 0
      vertex -21.119634080365675 78.81954742518798 28.4
      vertex -16.965593970729138 79.81684421987856 28.4
    endloop
  endfacet
  facet normal -0.16871362538510556 0.91029726330701 -0.37801402755080693
    outer loop
      vertex -14.553818357243154 68.4703320513664 0
      vertex -16.965593970729138 79.81684421987856 28.4
      vertex -12.765052347282836 80.59536859256323 28.4
    endloop
  endfacet
  facet normal -0.12084113148458428 0.917879521460384 -0.3780140275508065
    outer loop
      vertex -10.95041255281616 69.13818384165964 0
      vertex -12.765052347282836 80.59536859256323 28.4
      vertex -8.52952260264051 81.1529866620511 28.4
    endloop
  endfacet
  facet normal -0.07263742044221992 0.9229459356464592 -0.37801402755080693
    outer loop
      vertex -7.316992428735743 69.61653267577913 0
      vertex -8.52952260264051 81.1529866620511 28.4
      vertex -4.270614029424197 81.48817003597323 28.4
    endloop
  endfacet
  facet normal -0.024234615279390314 0.925482619176113 -0.3780140275508067
    outer loop
      vertex -3.6635169370060683 69.90406743282017 0
      vertex -4.270614029424197 81.48817003597323 28.4
      vertex 3.7972572968203464e-15 81.6 28.4
    endloop
  endfacet
  facet normal 0 0 1
    outer loop
      vertex -44.44254525722621 68.4355183443466 30
      vertex -39.99795846532911 69.2784962609797 30
      vertex -40.8 70.66767294881018 30
    endloop
  endfacet
  facet normal 0 0 1
    outer loop
      vertex -40.8 70.66767294881018 30
      vertex -39.99795846532911 69.2784962609797 30
      vertex -36.31738630447279 71.2768838936472 30
    endloop
  endfacet
  facet normal 0 0 1
    outer loop
      vertex -40.8 70.66767294881018 30
      vertex -36.31738630447279 71.2768838936472 30
      vertex -37.04562477874701 72.70613237377081 30
    endloop
  endfacet
  facet normal 0 0 1
    outer loop
      vertex -37.04562477874701 72.70613237377081 30
      vertex -36.31738630447279 71.2768838936472 30
      vertex -32.537270712146494 73.07990654195764 30
    endloop
  endfacet
  facet normal 0 0 1
    outer loop
      vertex -37.04562477874701 72.70613237377081 30
      vertex -32.537270712146494 73.07990654195764 30
      vertex -33.18971007498529 74.54530934363622 30
    endloop
  endfacet
  facet normal 0 0 1
    outer loop
      vertex -33.18971007498529 74.54530934363622 30
      vertex -32.537270712146494 73.07990654195764 30
      vertex -28.667972722436154 74.68262224615862 30
    endloop
  endfacet
  facet normal 0 0 1
    outer loop
      vertex -33.18971007498529 74.54530934363622 30
      vertex -28.667972722436154 74.68262224615862 30
      vertex -29.2428246828965 76.18016280217165 30
    endloop
  endfacet
  facet normal 0 0 1
    outer loop
      vertex -29.2428246828965 76.18016280217165 30
      vertex -28.667972722436154 74.68262224615862 30
      vertex -24.720097812179972 76.08063807390829 30
    endloop
  endfacet
  facet normal 0 0 1
    outer loop
      vertex -29.2428246828965 76.18016280217165 30
      vertex -24.720097812179972 76.08063807390829 30
      vertex -25.215786740995707 77.60621172968452 30
    endloop
  endfacet
  facet normal 0 0 1
    outer loop
      vertex -25.215786740995707 77.60621172968452 30
      vertex -24.720097812179972 76.08063807390829 30
      vertex -20.70446683209353 77.2701221609977 30
    endloop
  endfacet
  facet normal 0 0 1
    outer loop
      vertex -25.215786740995707 77.60621172968452 30
      vertex -20.70446683209353 77.2701221609977 30
      vertex -21.119634080365692 78.81954742518796 30
    endloop
  endfacet
  facet normal 0 0 1
    outer loop
      vertex -21.119634080365692 78.81954742518796 30
      vertex -20.70446683209353 77.2701221609977 30
      vertex -16.632086347570173 78.24781421422416 30
    endloop
  endfacet
  facet normal 0 0 1
    outer loop
      vertex -21.119634080365692 78.81954742518796 30
      vertex -16.632086347570173 78.24781421422416 30
      vertex -16.96559397072916 79.81684421987853 30
    endloop
  endfacet
  facet normal 0 0 1
    outer loop
      vertex -16.96559397072916 79.81684421987853 30
      vertex -16.632086347570173 78.24781421422416 30
      vertex -12.514118470450265 79.0110344476283 30
    endloop
  endfacet
  facet normal 0 0 1
    outer loop
      vertex -16.96559397072916 79.81684421987853 30
      vertex -12.514118470450265 79.0110344476283 30
      vertex -12.765052347282838 80.59536859256323 30
    endloop
  endfacet
  facet normal 0 0 1
    outer loop
      vertex -12.765052347282838 80.59536859256323 30
      vertex -12.514118470450265 79.0110344476283 30
      vertex -8.361850264448567 79.55769092760116 30
    endloop
  endfacet
  facet normal 0 0 1
    outer loop
      vertex -12.765052347282838 80.59536859256323 30
      vertex -8.361850264448567 79.55769092760116 30
      vertex -8.529522602640522 81.15298666205109 30
    endloop
  endfacet
  facet normal 0 0 1
    outer loop
      vertex -8.529522602640522 81.15298666205109 30
      vertex -8.361850264448567 79.55769092760116 30
      vertex -4.186662808097099 79.88628530672875 30
    endloop
  endfacet
  facet normal 0 0 1
    outer loop
      vertex -8.529522602640522 81.15298666205109 30
      vertex -4.186662808097099 79.88628530672875 30
      vertex -4.270614029424217 81.48817003597321 30
    endloop
  endfacet
  facet normal 0 0 1
    outer loop
      vertex -4.270614029424217 81.48817003597321 30
      vertex -4.186662808097099 79.88628530672875 30
      vertex 0 79.99591693065823 30
    endloop
  endfacet
  facet normal 0 0 1
    outer loop
      vertex -4.270614029424217 81.48817003597321 30
      vertex 0 79.99591693065823 30
      vertex 0 81.6 30
    endloop
  endfacet
  facet normal 0.0242346152793916 -0.9254826191761129 -0.37801402755080654
    outer loop
      vertex 0 -70 0
      vertex 3.6635169370060683 -69.90406743282017 0
      vertex -3.7972572968203464e-15 -81.6 28.4
    endloop
  endfacet
  facet normal 0.07263742044222242 -0.9229459356464591 -0.3780140275508066
    outer loop
      vertex 3.6635169370060683 -69.90406743282017 0
      vertex 7.316992428735743 -69.61653267577913 0
      vertex 4.270614029424197 -81.48817003597323 28.4
    endloop
  endfacet
  facet normal 0.12084113148458177 -0.9178795214603841 -0.3780140275508069
    outer loop
      vertex 7.316992428735743 -69.61653267577913 0
      vertex 10.95041255281616 -69.13818384165964 0
      vertex 8.52952260264051 -81.1529866620511 28.4
    endloop
  endfacet
  facet normal 0.16871362538510937 -0.9102972633070096 -0.37801402755080654
    outer loop
      vertex 10.95041255281616 -69.13818384165964 0
      vertex 14.553818357243154 -68.4703320513664 0
      vertex 12.765052347282836 -80.59536859256323 28.4
    endloop
  endfacet
  facet normal 0.21612368696559967 -0.9002199436288963 -0.378014027550807
    outer loop
      vertex 14.553818357243154 -68.4703320513664 0
      vertex 18.117333157176454 -67.61480784023477 0
      vertex 16.965593970729138 -79.81684421987856 28.4
    endloop
  endfacet
  facet normal 0.2629413685426864 -0.8876751836588185 -0.37801402755080676
    outer loop
      vertex 18.117333157176454 -67.61480784023477 0
      vertex 21.631189606246316 -66.57395614066074 0
      vertex 21.119634080365675 -78.81954742518798 28.4
    endloop
  endfacet
  facet normal 0.3090383461054246 -0.8726973677118786 -0.3780140275508069
    outer loop
      vertex 21.631189606246316 -66.57395614066074 0
      vertex 25.08575646817102 -65.35062985480413 0
      vertex 25.215786740995696 -77.60621172968453 28.4
    endloop
  endfacet
  facet normal 0.3542882710424885 -0.8553275489404877 -0.3780140275508065
    outer loop
      vertex 25.08575646817102 -65.35062985480413 0
      vertex 28.471565015306016 -63.94818203498206 0
      vertex 29.242824682896487 -76.18016280217167 28.4
    endloop
  endfacet
  facet normal 0.3985671164548952 -0.835613336810542 -0.3780140275508066
    outer loop
      vertex 28.471565015306016 -63.94818203498206 0
      vertex 31.779334981768272 -62.37045669318575 0
      vertex 33.189710074985285 -74.54530934363623 28.4
    endloop
  endfacet
  facet normal 0.4417535171051615 -0.8136087666071685 -0.3780140275508065
    outer loop
      vertex 31.779334981768272 -62.37045669318575 0
      vertex 35 -60.6217782649107 0
      vertex 37.04562477874701 -72.70613237377081 28.4
    endloop
  endfacet
  facet normal 0.4837291020709503 -0.7893741513277782 -0.378014027550807
    outer loop
      vertex 35 -60.6217782649107 0
      vertex 38.1247324510519 -58.706939756179686 0
      vertex 40.79999999999999 -70.6676729488102 28.4
    endloop
  endfacet
  facet normal 0.5243788191915639 -0.7629759163683209 -0.37801402755080654
    outer loop
      vertex 38.1247324510519 -58.706939756179686 0
      vertex 41.14496766047312 -56.63118960624632 0
      vertex 44.44254525722621 -68.4355183443466 28.4
    endloop
  endfacet
  facet normal 0 0 -1
    outer loop
      vertex 0 -70 0
      vertex 3.6635169370060683 69.90406743282017 0
      vertex 3.6635169370060683 -69.90406743282017 0
    endloop
  endfacet
  facet normal 0 0 -1
    outer loop
      vertex 3.6635169370060683 -69.90406743282017 0
      vertex 7.316992428735743 69.61653267577913 0
      vertex 7.316992428735743 -69.61653267577913 0
    endloop
  endfacet
  facet normal 0 0 -1
    outer loop
      vertex 7.316992428735743 -69.61653267577913 0
      vertex 10.95041255281616 69.13818384165964 0
      vertex 10.95041255281616 -69.13818384165964 0
    endloop
  endfacet
  facet normal 0 0 -1
    outer loop
      vertex 10.95041255281616 -69.13818384165964 0
      vertex 14.553818357243154 68.4703320513664 0
      vertex 14.553818357243154 -68.4703320513664 0
    endloop
  endfacet
  facet normal 0 0 -1
    outer loop
      vertex 14.553818357243154 -68.4703320513664 0
      vertex 18.117333157176454 67.61480784023477 0
      vertex 18.117333157176454 -67.61480784023477 0
    endloop
  endfacet
  facet normal 0 0 -1
    outer loop
      vertex 18.117333157176454 -67.61480784023477 0
      vertex 21.631189606246316 66.57395614066074 0
      vertex 21.631189606246316 -66.57395614066074 0
    endloop
  endfacet
  facet normal 0 0 -1
    outer loop
      vertex 21.631189606246316 -66.57395614066074 0
      vertex 25.08575646817102 65.35062985480413 0
      vertex 25.08575646817102 -65.35062985480413 0
    endloop
  endfacet
  facet normal 0 0 -1
    outer loop
      vertex 25.08575646817102 -65.35062985480413 0
      vertex 28.471565015306016 63.94818203498206 0
      vertex 28.471565015306016 -63.94818203498206 0
    endloop
  endfacet
  facet normal 0 0 -1
    outer loop
      vertex 28.471565015306016 -63.94818203498206 0
      vertex 31.779334981768272 62.37045669318575 0
      vertex 31.779334981768272 -62.37045669318575 0
    endloop
  endfacet
  facet normal 0 0 -1
    outer loop
      vertex 31.779334981768272 -62.37045669318575 0
      vertex 35 60.6217782649107 0
      vertex 35 -60.6217782649107 0
    endloop
  endfacet
  facet normal 0 0 -1
    outer loop
      vertex 35 -60.6217782649107 0
      vertex 38.1247324510519 58.706939756179686 0
      vertex 38.1247324510519 -58.706939756179686 0
    endloop
  endfacet
  facet normal 0 0 -1
    outer loop
      vertex 38.1247324510519 -58.706939756179686 0
      vertex 41.14496766047312 56.63118960624632 0
      vertex 41.14496766047312 -56.63118960624632 0
    endloop
  endfacet
  facet normal 0.5635912504178973 -0.7344864174559044 -0.3780140275508065
    outer loop
      vertex 41.14496766047312 -56.63118960624632 0
      vertex 44.05242737348862 -54.400217301987965 0
      vertex 47.963276587065806 -66.01578674099571 28.4
    endloop
  endfacet
  facet normal 0.6012589172015818 -0.7039837423267666 -0.3780140275508068
    outer loop
      vertex 44.05242737348862 -54.400217301987965 0
      vertex 46.839142445120075 -52.020137783417596 0
      vertex 51.35254390966673 -63.41511045488884 28.4
    endloop
  endfacet
  facet normal 0.6372785750862111 -0.6715514966932218 -0.3780140275508067
    outer loop
      vertex 46.839142445120075 -52.020137783417596 0
      vertex 49.49747468305833 -49.49747468305833 0
      vertex 54.60105747888283 -60.64061775895537 28.4
    endloop
  endfacet
  facet normal 0.6715514966932218 -0.6372785750862111 -0.3780140275508066
    outer loop
      vertex 49.49747468305833 -49.49747468305833 0
      vertex 52.020137783417596 -46.839142445120075 0
      vertex 60.640617758955365 -54.60105747888283 28.4
    endloop
  endfacet
  facet normal 0.7039837423267666 -0.6012589172015819 -0.3780140275508066
    outer loop
      vertex 52.020137783417596 -46.839142445120075 0
      vertex 54.400217301987965 -44.05242737348862 0
      vertex 63.41511045488882 -51.35254390966674 28.4
    endloop
  endfacet
  facet normal 0.7344864174559044 -0.5635912504178973 -0.3780140275508067
    outer loop
      vertex 54.400217301987965 -44.05242737348862 0
      vertex 56.63118960624632 -41.14496766047312 0
      vertex 66.01578674099571 -47.96327658706582 28.4
    endloop
  endfacet
  facet normal 0 0 -1
    outer loop
      vertex 41.14496766047312 -56.63118960624632 0
      vertex 44.05242737348862 54.400217301987965 0
      vertex 44.05242737348862 -54.400217301987965 0
    endloop
  endfacet
  facet normal 0 0 -1
    outer loop
      vertex 44.05242737348862 -54.400217301987965 0
      vertex 46.839142445120075 52.020137783417596 0
      vertex 46.839142445120075 -52.020137783417596 0
    endloop
  endfacet
  facet normal 0 0 -1
    outer loop
      vertex 46.839142445120075 -52.020137783417596 0
      vertex 49.49747468305833 49.49747468305833 0
      vertex 49.49747468305833 -49.49747468305833 0
    endloop
  endfacet
  facet normal 0 0 -1
    outer loop
      vertex 49.49747468305833 -49.49747468305833 0
      vertex 52.020137783417596 46.839142445120075 0
      vertex 52.020137783417596 -46.839142445120075 0
    endloop
  endfacet
  facet normal 0 0 -1
    outer loop
      vertex 52.020137783417596 -46.839142445120075 0
      vertex 54.400217301987965 44.05242737348862 0
      vertex 54.400217301987965 -44.05242737348862 0
    endloop
  endfacet
  facet normal 0 0 -1
    outer loop
      vertex 54.400217301987965 -44.05242737348862 0
      vertex 56.63118960624632 41.14496766047312 0
      vertex 56.63118960624632 -41.14496766047312 0
    endloop
  endfacet
  facet normal 0 0 -1
    outer loop
      vertex 56.63118960624632 -41.14496766047312 0
      vertex 58.706939756179686 38.1247324510519 0
      vertex 58.706939756179686 -38.1247324510519 0
    endloop
  endfacet
  facet normal 0 0 -1
    outer loop
      vertex 58.706939756179686 -38.1247324510519 0
      vertex 60.6217782649107 35 0
      vertex 60.6217782649107 -35 0
    endloop
  endfacet
  facet normal 0 0 -1
    outer loop
      vertex 60.6217782649107 -35 0
      vertex 62.37045669318575 31.779334981768272 0
      vertex 62.37045669318575 -31.779334981768272 0
    endloop
  endfacet
  facet normal 0 0 -1
    outer loop
      vertex 62.37045669318575 -31.779334981768272 0
      vertex 63.94818203498206 28.471565015306016 0
      vertex 63.94818203498206 -28.471565015306016 0
    endloop
  endfacet
  facet normal 0 0 -1
    outer loop
      vertex 63.94818203498206 -28.471565015306016 0
      vertex 65.35062985480413 25.08575646817102 0
      vertex 65.35062985480413 -25.08575646817102 0
    endloop
  endfacet
  facet normal 0 0 -1
    outer loop
      vertex 65.35062985480413 -25.08575646817102 0
      vertex 66.57395614066074 21.631189606246316 0
      vertex 66.57395614066074 -21.631189606246316 0
    endloop
  endfacet
  facet normal 0 0 -1
    outer loop
      vertex 66.57395614066074 -21.631189606246316 0
      vertex 67.61480784023477 18.117333157176454 0
      vertex 67.61480784023477 -18.117333157176454 0
    endloop
  endfacet
  facet normal 0 0 -1
    outer loop
      vertex 67.61480784023477 -18.117333157176454 0
      vertex 68.4703320513664 14.553818357243154 0
      vertex 68.4703320513664 -14.553818357243154 0
    endloop
  endfacet
  facet normal 0 0 -1
    outer loop
      vertex 68.4703320513664 -14.553818357243154 0
      vertex 69.13818384165964 10.95041255281616 0
      vertex 69.13818384165964 -10.95041255281616 0
    endloop
  endfacet
  facet normal 0 0 -1
    outer loop
      vertex 69.13818384165964 -10.95041255281616 0
      vertex 69.61653267577913 7.316992428735743 0
      vertex 69.61653267577913 -7.316992428735743 0
    endloop
  endfacet
  facet normal 0 0 -1
    outer loop
      vertex 69.61653267577913 -7.316992428735743 0
      vertex 69.90406743282017 3.6635169370060683 0
      vertex 69.90406743282017 -3.6635169370060683 0
    endloop
  endfacet
  facet normal 0.7629759163683209 -0.5243788191915639 -0.37801402755080654
    outer loop
      vertex 56.63118960624632 -41.14496766047312 0
      vertex 58.706939756179686 -38.1247324510519 0
      vertex 68.4355183443466 -44.44254525722621 28.4
    endloop
  endfacet
  facet normal 0.7893741513277782 -0.4837291020709503 -0.3780140275508069
    outer loop
      vertex 58.706939756179686 -38.1247324510519 0
      vertex 60.6217782649107 -35 0
      vertex 70.66767294881018 -40.80000000000003 28.4
    endloop
  endfacet
  facet normal 0.8136087666071684 -0.4417535171051614 -0.3780140275508068
    outer loop
      vertex 60.6217782649107 -35 0
      vertex 62.37045669318575 -31.779334981768272 0
      vertex 70.66767294881018 -40.80000000000003 28.4
    endloop
  endfacet
  facet normal 0.8356133368105418 -0.3985671164548951 -0.3780140275508067
    outer loop
      vertex 62.37045669318575 -31.779334981768272 0
      vertex 63.94818203498206 -28.471565015306016 0
      vertex 74.54530934363622 -33.18971007498533 28.4
    endloop
  endfacet
  facet normal 0.8553275489404877 -0.35428827104248845 -0.37801402755080665
    outer loop
      vertex 63.94818203498206 -28.471565015306016 0
      vertex 65.35062985480413 -25.08575646817102 0
      vertex 76.18016280217165 -29.24282468289654 28.4
    endloop
  endfacet
  facet normal 0.8726973677118786 -0.3090383461054246 -0.3780140275508069
    outer loop
      vertex 65.35062985480413 -25.08575646817102 0
      vertex 66.57395614066074 -21.631189606246316 0
      vertex 77.60621172968452 -25.215786740995735 28.4
    endloop
  endfacet
  facet normal 0.8876751836588183 -0.2629413685426864 -0.378014027550807
    outer loop
      vertex 66.57395614066074 -21.631189606246316 0
      vertex 67.61480784023477 -18.117333157176454 0
      vertex 78.81954742518796 -21.11963408036575 28.4
    endloop
  endfacet
  facet normal 0.9002199436288963 -0.21612368696559967 -0.37801402755080665
    outer loop
      vertex 67.61480784023477 -18.117333157176454 0
      vertex 68.4703320513664 -14.553818357243154 0
      vertex 79.81684421987853 -16.965593970729216 28.4
    endloop
  endfacet
  facet normal 0.9102972633070096 -0.16871362538510937 -0.37801402755080665
    outer loop
      vertex 68.4703320513664 -14.553818357243154 0
      vertex 69.13818384165964 -10.95041255281616 0
      vertex 79.81684421987853 -16.965593970729216 28.4
    endloop
  endfacet
  facet normal 0.9178795214603842 -0.12084113148458178 -0.37801402755080643
    outer loop
      vertex 69.13818384165964 -10.95041255281616 0
      vertex 69.61653267577913 -7.316992428735743 0
      vertex 80.59536859256323 -12.765052347282838 28.4
    endloop
  endfacet
  facet normal 0.9229459356464591 -0.07263742044222242 -0.37801402755080665
    outer loop
      vertex 69.61653267577913 -7.316992428735743 0
      vertex 69.90406743282017 -3.6635169370060683 0
      vertex 81.15298666205109 -8.529522602640574 28.4
    endloop
  endfacet
  facet normal 0.9254826191761129 -0.0242346152793916 -0.3780140275508064
    outer loop
      vertex 69.90406743282017 -3.6635169370060683 0
      vertex 70 0 0
      vertex 81.48817003597321 -4.270614029424424 28.4
    endloop
  endfacet
  facet normal 0.024234615279390314 -0.925482619176113 -0.3780140275508067
    outer loop
      vertex 3.6635169370060683 -69.90406743282017 0
      vertex 4.270614029424197 -81.48817003597323 28.4
      vertex -3.7972572968203464e-15 -81.6 28.4
    endloop
  endfacet
  facet normal 0.07263742044221992 -0.9229459356464592 -0.37801402755080693
    outer loop
      vertex 7.316992428735743 -69.61653267577913 0
      vertex 8.52952260264051 -81.1529866620511 28.4
      vertex 4.270614029424197 -81.48817003597323 28.4
    endloop
  endfacet
  facet normal 0.12084113148458428 -0.917879521460384 -0.3780140275508065
    outer loop
      vertex 10.95041255281616 -69.13818384165964 0
      vertex 12.765052347282836 -80.59536859256323 28.4
      vertex 8.52952260264051 -81.1529866620511 28.4
    endloop
  endfacet
  facet normal 0.16871362538510556 -0.91029726330701 -0.37801402755080693
    outer loop
      vertex 14.553818357243154 -68.4703320513664 0
      vertex 16.965593970729138 -79.81684421987856 28.4
      vertex 12.765052347282836 -80.59536859256323 28.4
    endloop
  endfacet
  facet normal 0.21612368696560083 -0.900219943628896 -0.37801402755080676
    outer loop
      vertex 18.117333157176454 -67.61480784023477 0
      vertex 21.119634080365675 -78.81954742518798 28.4
      vertex 16.965593970729138 -79.81684421987856 28.4
    endloop
  endfacet
  facet normal 0.2629413685426858 -0.8876751836588186 -0.3780140275508068
    outer loop
      vertex 21.631189606246316 -66.57395614066074 0
      vertex 25.215786740995696 -77.60621172968453 28.4
      vertex 21.119634080365675 -78.81954742518798 28.4
    endloop
  endfacet
  facet normal 0.30903834610542724 -0.8726973677118776 -0.3780140275508065
    outer loop
      vertex 25.08575646817102 -65.35062985480413 0
      vertex 29.242824682896487 -76.18016280217167 28.4
      vertex 25.215786740995696 -77.60621172968453 28.4
    endloop
  endfacet
  facet normal 0.3542882710424875 -0.855327548940488 -0.37801402755080665
    outer loop
      vertex 28.471565015306016 -63.94818203498206 0
      vertex 33.189710074985285 -74.54530934363623 28.4
      vertex 29.242824682896487 -76.18016280217167 28.4
    endloop
  endfacet
  facet normal 0.3985671164548956 -0.8356133368105417 -0.37801402755080643
    outer loop
      vertex 31.779334981768272 -62.37045669318575 0
      vertex 37.04562477874701 -72.70613237377081 28.4
      vertex 33.189710074985285 -74.54530934363623 28.4
    endloop
  endfacet
  facet normal 0.4417535171051583 -0.8136087666071699 -0.37801402755080693
    outer loop
      vertex 35 -60.6217782649107 0
      vertex 40.79999999999999 -70.6676729488102 28.4
      vertex 37.04562477874701 -72.70613237377081 28.4
    endloop
  endfacet
  facet normal 0.48372910207095254 -0.789374151327777 -0.37801402755080665
    outer loop
      vertex 38.1247324510519 -58.706939756179686 0
      vertex 44.44254525722621 -68.4355183443466 28.4
      vertex 40.79999999999999 -70.6676729488102 28.4
    endloop
  endfacet
  facet normal 0 0 1
    outer loop
      vertex 0 -81.6 30
      vertex 4.270614029424217 -81.48817003597321 30
      vertex 0 -79.99591693065823 30
    endloop
  endfacet
  facet normal 0 0 1
    outer loop
      vertex 4.270614029424217 -81.48817003597321 30
      vertex 4.186662808097099 -79.88628530672875 30
      vertex 0 -79.99591693065823 30
    endloop
  endfacet
  facet normal 0 0 1
    outer loop
      vertex 4.270614029424217 -81.48817003597321 30
      vertex 8.529522602640522 -81.15298666205109 30
      vertex 4.186662808097099 -79.88628530672875 30
    endloop
  endfacet
  facet normal 0 0 1
    outer loop
      vertex 8.529522602640522 -81.15298666205109 30
      vertex 8.361850264448567 -79.55769092760116 30
      vertex 4.186662808097099 -79.88628530672875 30
    endloop
  endfacet
  facet normal 0 0 1
    outer loop
      vertex 8.529522602640522 -81.15298666205109 30
      vertex 12.765052347282838 -80.59536859256323 30
      vertex 8.361850264448567 -79.55769092760116 30
    endloop
  endfacet
  facet normal 0 0 1
    outer loop
      vertex 12.765052347282838 -80.59536859256323 30
      vertex 12.514118470450265 -79.0110344476283 30
      vertex 8.361850264448567 -79.55769092760116 30
    endloop
  endfacet
  facet normal 0 0 1
    outer loop
      vertex 12.765052347282838 -80.59536859256323 30
      vertex 16.96559397072916 -79.81684421987853 30
      vertex 12.514118470450265 -79.0110344476283 30
    endloop
  endfacet
  facet normal 0 0 1
    outer loop
      vertex 16.96559397072916 -79.81684421987853 30
      vertex 16.632086347570173 -78.24781421422416 30
      vertex 12.514118470450265 -79.0110344476283 30
    endloop
  endfacet
  facet normal 0 0 1
    outer loop
      vertex 16.96559397072916 -79.81684421987853 30
      vertex 21.119634080365692 -78.81954742518796 30
      vertex 16.632086347570173 -78.24781421422416 30
    endloop
  endfacet
  facet normal 0 0 1
    outer loop
      vertex 21.119634080365692 -78.81954742518796 30
      vertex 20.70446683209353 -77.2701221609977 30
      vertex 16.632086347570173 -78.24781421422416 30
    endloop
  endfacet
  facet normal 0 0 1
    outer loop
      vertex 21.119634080365692 -78.81954742518796 30
      vertex 25.215786740995707 -77.60621172968452 30
      vertex 20.70446683209353 -77.2701221609977 30
    endloop
  endfacet
  facet normal 0 0 1
    outer loop
      vertex 25.215786740995707 -77.60621172968452 30
      vertex 24.720097812179972 -76.08063807390829 30
      vertex 20.70446683209353 -77.2701221609977 30
    endloop
  endfacet
  facet normal 0 0 1
    outer loop
      vertex 25.215786740995707 -77.60621172968452 30
      vertex 29.2428246828965 -76.18016280217165 30
      vertex 24.720097812179972 -76.08063807390829 30
    endloop
  endfacet
  facet normal 0 0 1
    outer loop
      vertex 29.2428246828965 -76.18016280217165 30
      vertex 28.667972722436154 -74.68262224615862 30
      vertex 24.720097812179972 -76.08063807390829 30
    endloop
  endfacet
  facet normal 0 0 1
    outer loop
      vertex 29.2428246828965 -76.18016280217165 30
      vertex 33.18971007498529 -74.54530934363622 30
      vertex 28.667972722436154 -74.68262224615862 30
    endloop
  endfacet
  facet normal 0 0 1
    outer loop
      vertex 33.18971007498529 -74.54530934363622 30
      vertex 32.537270712146494 -73.07990654195764 30
      vertex 28.667972722436154 -74.68262224615862 30
    endloop
  endfacet
  facet normal 0 0 1
    outer loop
      vertex 33.18971007498529 -74.54530934363622 30
      vertex 37.04562477874701 -72.70613237377081 30
      vertex 32.537270712146494 -73.07990654195764 30
    endloop
  endfacet
  facet normal 0 0 1
    outer loop
      vertex 37.04562477874701 -72.70613237377081 30
      vertex 36.31738630447279 -71.2768838936472 30
      vertex 32.537270712146494 -73.07990654195764 30
    endloop
  endfacet
  facet normal 0 0 1
    outer loop
      vertex 37.04562477874701 -72.70613237377081 30
      vertex 40.8 -70.66767294881018 30
      vertex 36.31738630447279 -71.2768838936472 30
    endloop
  endfacet
  facet normal 0 0 1
    outer loop
      vertex 40.8 -70.66767294881018 30
      vertex 39.99795846532911 -69.2784962609797 30
      vertex 36.31738630447279 -71.2768838936472 30
    endloop
  endfacet
  facet normal 0 0 1
    outer loop
      vertex 40.8 -70.66767294881018 30
      vertex 44.44254525722621 -68.4355183443466 30
      vertex 39.99795846532911 -69.2784962609797 30
    endloop
  endfacet
  facet normal 0.5243788191915645 -0.7629759163683206 -0.37801402755080654
    outer loop
      vertex 41.14496766047312 -56.63118960624632 0
      vertex 47.963276587065806 -66.01578674099571 28.4
      vertex 44.44254525722621 -68.4355183443466 28.4
    endloop
  endfacet
  facet normal 0.563591250417895 -0.734486417455906 -0.37801402755080676
    outer loop
      vertex 44.05242737348862 -54.400217301987965 0
      vertex 51.35254390966673 -63.41511045488884 28.4
      vertex 47.963276587065806 -66.01578674099571 28.4
    endloop
  endfacet
  facet normal 0.6012589172015823 -0.7039837423267661 -0.3780140275508067
    outer loop
      vertex 46.839142445120075 -52.020137783417596 0
      vertex 54.60105747888283 -60.64061775895537 28.4
      vertex 51.35254390966673 -63.41511045488884 28.4
    endloop
  endfacet
  facet normal 0.637278575086212 -0.6715514966932212 -0.3780140275508067
    outer loop
      vertex 49.49747468305833 -49.49747468305833 0
      vertex 57.69991334482228 -57.69991334482228 28.4
      vertex 54.60105747888283 -60.64061775895537 28.4
    endloop
  endfacet
  facet normal 0.6715514966932218 -0.6372785750862112 -0.3780140275508066
    outer loop
      vertex 49.49747468305833 -49.49747468305833 0
      vertex 60.640617758955365 -54.60105747888283 28.4
      vertex 57.69991334482228 -57.69991334482228 28.4
    endloop
  endfacet
  facet normal 0.7039837423267663 -0.6012589172015822 -0.37801402755080643
    outer loop
      vertex 52.020137783417596 -46.839142445120075 0
      vertex 63.41511045488882 -51.35254390966674 28.4
      vertex 60.640617758955365 -54.60105747888283 28.4
    endloop
  endfacet
  facet normal 0.7344864174559037 -0.563591250417898 -0.3780140275508065
    outer loop
      vertex 54.400217301987965 -44.05242737348862 0
      vertex 66.01578674099571 -47.96327658706582 28.4
      vertex 63.41511045488882 -51.35254390966674 28.4
    endloop
  endfacet
  facet normal 0.7629759163683216 -0.5243788191915628 -0.3780140275508067
    outer loop
      vertex 56.63118960624632 -41.14496766047312 0
      vertex 68.4355183443466 -44.44254525722621 28.4
      vertex 66.01578674099571 -47.96327658706582 28.4
    endloop
  endfacet
  facet normal 0 0 1
    outer loop
      vertex 44.44254525722621 -68.4355183443466 30
      vertex 43.56889900225596 -67.0902210855501 30
      vertex 39.99795846532911 -69.2784962609797 30
    endloop
  endfacet
  facet normal 0 0 1
    outer loop
      vertex 44.44254525722621 -68.4355183443466 30
      vertex 47.963276587065806 -66.01578674099571 30
      vertex 43.56889900225596 -67.0902210855501 30
    endloop
  endfacet
  facet normal 0 0 1
    outer loop
      vertex 47.963276587065806 -66.01578674099571 30
      vertex 47.02042021545467 -64.71805627750908 30
      vertex 43.56889900225596 -67.0902210855501 30
    endloop
  endfacet
  facet normal 0 0 1
    outer loop
      vertex 47.963276587065806 -66.01578674099571 30
      vertex 51.35254390966673 -63.41511045488882 30
      vertex 47.02042021545467 -64.71805627750908 30
    endloop
  endfacet
  facet normal 0 0 1
    outer loop
      vertex 51.35254390966673 -63.41511045488882 30
      vertex 50.343061725192136 -62.16850377570836 30
      vertex 47.02042021545467 -64.71805627750908 30
    endloop
  endfacet
  facet normal 0 0 1
    outer loop
      vertex 51.35254390966673 -63.41511045488882 30
      vertex 54.60105747888283 -60.640617758955365 30
      vertex 50.343061725192136 -62.16850377570836 30
    endloop
  endfacet
  facet normal 0 0 1
    outer loop
      vertex 54.60105747888283 -60.640617758955365 30
      vertex 53.527716402044184 -59.448551726338124 30
      vertex 50.343061725192136 -62.16850377570836 30
    endloop
  endfacet
  facet normal 0 0 1
    outer loop
      vertex 54.60105747888283 -60.640617758955365 30
      vertex 57.69991334482228 -57.69991334482228 30
      vertex 53.527716402044184 -59.448551726338124 30
    endloop
  endfacet
  facet normal 0 0 1
    outer loop
      vertex 57.69991334482228 -57.69991334482228 30
      vertex 56.56565532890418 -56.56565532890418 30
      vertex 53.527716402044184 -59.448551726338124 30
    endloop
  endfacet
  facet normal 0 0 1
    outer loop
      vertex 57.69991334482228 -57.69991334482228 30
      vertex 60.640617758955365 -54.60105747888283 30
      vertex 56.56565532890418 -56.56565532890418 30
    endloop
  endfacet
  facet normal 0 0 1
    outer loop
      vertex 60.640617758955365 -54.60105747888283 30
      vertex 59.448551726338124 -53.527716402044184 30
      vertex 56.56565532890418 -56.56565532890418 30
    endloop
  endfacet
  facet normal 0 0 1
    outer loop
      vertex 60.640617758955365 -54.60105747888283 30
      vertex 63.41511045488882 -51.35254390966673 30
      vertex 59.448551726338124 -53.527716402044184 30
    endloop
  endfacet
  facet normal 0 0 1
    outer loop
      vertex 63.41511045488882 -51.35254390966673 30
      vertex 62.16850377570836 -50.343061725192136 30
      vertex 59.448551726338124 -53.527716402044184 30
    endloop
  endfacet
  facet normal 0 0 1
    outer loop
      vertex 63.41511045488882 -51.35254390966673 30
      vertex 66.01578674099571 -47.963276587065806 30
      vertex 62.16850377570836 -50.343061725192136 30
    endloop
  endfacet
  facet normal 0 0 1
    outer loop
      vertex 66.01578674099571 -47.963276587065806 30
      vertex 64.71805627750908 -47.02042021545467 30
      vertex 62.16850377570836 -50.343061725192136 30
    endloop
  endfacet
  facet normal 0 0 1
    outer loop
      vertex 66.01578674099571 -47.963276587065806 30
      vertex 68.4355183443466 -44.44254525722621 30
      vertex 64.71805627750908 -47.02042021545467 30
    endloop
  endfacet
  facet normal 0 0 1
    outer loop
      vertex 68.4355183443466 -44.44254525722621 30
      vertex 67.0902210855501 -43.56889900225596 30
      vertex 64.71805627750908 -47.02042021545467 30
    endloop
  endfacet
  facet normal 0 0 1
    outer loop
      vertex 68.4355183443466 -44.44254525722621 30
      vertex 70.66767294881018 -40.8 30
      vertex 67.0902210855501 -43.56889900225596 30
    endloop
  endfacet
  facet normal 0.7893741513277771 -0.48372910207095227 -0.3780140275508066
    outer loop
      vertex 58.706939756179686 -38.1247324510519 0
      vertex 70.66767294881018 -40.80000000000003 28.4
      vertex 68.4355183443466 -44.44254525722621 28.4
    endloop
  endfacet
  facet normal 0.8136087666071692 -0.44175351710516 -0.37801402755080654
    outer loop
      vertex 62.37045669318575 -31.779334981768272 0
      vertex 72.70613237377081 -37.04562477874702 28.4
      vertex 70.66767294881018 -40.80000000000003 28.4
    endloop
  endfacet
  facet normal 0.8356133368105414 -0.3985671164548961 -0.37801402755080654
    outer loop
      vertex 62.37045669318575 -31.779334981768272 0
      vertex 74.54530934363622 -33.18971007498533 28.4
      vertex 72.70613237377081 -37.04562477874702 28.4
    endloop
  endfacet
  facet normal 0.8553275489404877 -0.3542882710424882 -0.3780140275508067
    outer loop
      vertex 63.94818203498206 -28.471565015306016 0
      vertex 76.18016280217165 -29.24282468289654 28.4
      vertex 74.54530934363622 -33.18971007498533 28.4
    endloop
  endfacet
  facet normal 0.872697367711878 -0.3090383461054263 -0.37801402755080665
    outer loop
      vertex 65.35062985480413 -25.08575646817102 0
      vertex 77.60621172968452 -25.215786740995735 28.4
      vertex 76.18016280217165 -29.24282468289654 28.4
    endloop
  endfacet
  facet normal 0.8876751836588181 -0.26294136854268757 -0.3780140275508069
    outer loop
      vertex 66.57395614066074 -21.631189606246316 0
      vertex 78.81954742518796 -21.11963408036575 28.4
      vertex 77.60621172968452 -25.215786740995735 28.4
    endloop
  endfacet
  facet normal 0.9002199436288967 -0.21612368696559817 -0.37801402755080693
    outer loop
      vertex 67.61480784023477 -18.117333157176454 0
      vertex 79.81684421987853 -16.965593970729216 28.4
      vertex 78.81954742518796 -21.11963408036575 28.4
    endloop
  endfacet
  facet normal 0.9102972633070096 -0.16871362538510892 -0.37801402755080654
    outer loop
      vertex 69.13818384165964 -10.95041255281616 0
      vertex 80.59536859256323 -12.765052347282838 28.4
      vertex 79.81684421987853 -16.965593970729216 28.4
    endloop
  endfacet
  facet normal 0.9178795214603841 -0.12084113148458304 -0.3780140275508067
    outer loop
      vertex 69.61653267577913 -7.316992428735743 0
      vertex 81.15298666205109 -8.529522602640574 28.4
      vertex 80.59536859256323 -12.765052347282838 28.4
    endloop
  endfacet
  facet normal 0.9229459356464591 -0.07263742044222313 -0.3780140275508067
    outer loop
      vertex 69.90406743282017 -3.6635169370060683 0
      vertex 81.48817003597321 -4.270614029424424 28.4
      vertex 81.15298666205109 -8.529522602640574 28.4
    endloop
  endfacet
  facet normal 0.9254826191761127 -0.024234615279392767 -0.3780140275508065
    outer loop
      vertex 81.48817003597321 -4.270614029424424 28.4
      vertex 70 0 0
      vertex 81.6 -5.913049694094868e-14 28.4
    endloop
  endfacet
  facet normal 0 0 1
    outer loop
      vertex 70.66767294881018 -40.8 30
      vertex 69.2784962609797 -39.99795846532911 30
      vertex 67.0902210855501 -43.56889900225596 30
    endloop
  endfacet
  facet normal 0 0 1
    outer loop
      vertex 70.66767294881018 -40.8 30
      vertex 72.70613237377081 -37.04562477874701 30
      vertex 69.2784962609797 -39.99795846532911 30
    endloop
  endfacet
  facet normal 0 0 1
    outer loop
      vertex 72.70613237377081 -37.04562477874701 30
      vertex 71.2768838936472 -36.31738630447279 30
      vertex 69.2784962609797 -39.99795846532911 30
    endloop
  endfacet
  facet normal 0 0 1
    outer loop
      vertex 72.70613237377081 -37.04562477874701 30
      vertex 74.54530934363622 -33.18971007498529 30
      vertex 71.2768838936472 -36.31738630447279 30
    endloop
  endfacet
  facet normal 0 0 1
    outer loop
      vertex 74.54530934363622 -33.18971007498529 30
      vertex 73.07990654195764 -32.537270712146494 30
      vertex 71.2768838936472 -36.31738630447279 30
    endloop
  endfacet
  facet normal 0 0 1
    outer loop
      vertex 74.54530934363622 -33.18971007498529 30
      vertex 76.18016280217165 -29.2428246828965 30
      vertex 73.07990654195764 -32.537270712146494 30
    endloop
  endfacet
  facet normal 0 0 1
    outer loop
      vertex 76.18016280217165 -29.2428246828965 30
      vertex 74.68262224615862 -28.667972722436154 30
      vertex 73.07990654195764 -32.537270712146494 30
    endloop
  endfacet
  facet normal 0 0 1
    outer loop
      vertex 76.18016280217165 -29.2428246828965 30
      vertex 77.60621172968452 -25.215786740995707 30
      vertex 74.68262224615862 -28.667972722436154 30
    endloop
  endfacet
  facet normal 0 0 1
    outer loop
      vertex 77.60621172968452 -25.215786740995707 30
      vertex 76.08063807390829 -24.720097812179972 30
      vertex 74.68262224615862 -28.667972722436154 30
    endloop
  endfacet
  facet normal 0 0 1
    outer loop
      vertex 77.60621172968452 -25.215786740995707 30
      vertex 77.2701221609977 -20.70446683209353 30
      vertex 76.08063807390829 -24.720097812179972 30
    endloop
  endfacet
  facet normal 0 0 1
    outer loop
      vertex 77.60621172968452 -25.215786740995707 30
      vertex 78.81954742518796 -21.119634080365692 30
      vertex 77.2701221609977 -20.70446683209353 30
    endloop
  endfacet
  facet normal 0 0 1
    outer loop
      vertex 78.81954742518796 -21.119634080365692 30
      vertex 78.24781421422416 -16.632086347570173 30
      vertex 77.2701221609977 -20.70446683209353 30
    endloop
  endfacet
  facet normal 0 0 1
    outer loop
      vertex 78.81954742518796 -21.119634080365692 30
      vertex 79.81684421987853 -16.96559397072916 30
      vertex 78.24781421422416 -16.632086347570173 30
    endloop
  endfacet
  facet normal 0 0 1
    outer loop
      vertex 79.81684421987853 -16.96559397072916 30
      vertex 79.0110344476283 -12.514118470450265 30
      vertex 78.24781421422416 -16.632086347570173 30
    endloop
  endfacet
  facet normal 0 0 1
    outer loop
      vertex 79.81684421987853 -16.96559397072916 30
      vertex 79.55769092760116 -8.361850264448567 30
      vertex 79.0110344476283 -12.514118470450265 30
    endloop
  endfacet
  facet normal 0 0 1
    outer loop
      vertex 79.81684421987853 -16.96559397072916 30
      vertex 80.59536859256323 -12.765052347282838 30
      vertex 79.55769092760116 -8.361850264448567 30
    endloop
  endfacet
  facet normal 0 0 1
    outer loop
      vertex 80.59536859256323 -12.765052347282838 30
      vertex 79.88628530672875 -4.186662808097099 30
      vertex 79.55769092760116 -8.361850264448567 30
    endloop
  endfacet
  facet normal 0 0 1
    outer loop
      vertex 80.59536859256323 -12.765052347282838 30
      vertex 79.99591693065821 0 30
      vertex 79.88628530672875 -4.186662808097099 30
    endloop
  endfacet
  facet normal 0 0 1
    outer loop
      vertex 80.59536859256323 -12.765052347282838 30
      vertex 79.88628530672875 4.186662808097099 30
      vertex 79.99591693065821 0 30
    endloop
  endfacet
  facet normal 0 0 1
    outer loop
      vertex 80.59536859256323 -12.765052347282838 30
      vertex 81.15298666205109 -8.529522602640522 30
      vertex 79.81684421987853 16.96559397072916 30
    endloop
  endfacet
  facet normal 0 0 1
    outer loop
      vertex 81.15298666205109 -8.529522602640522 30
      vertex 81.48817003597321 -4.270614029424217 30
      vertex 81.15298666205109 8.529522602640522 30
    endloop
  endfacet
  facet normal 0 0 -1
    outer loop
      vertex 0 -70 0
      vertex 0 70 0
      vertex 3.6635169370060683 69.90406743282017 0
    endloop
  endfacet
  facet normal 0 0 -1
    outer loop
      vertex 3.6635169370060683 -69.90406743282017 0
      vertex 3.6635169370060683 69.90406743282017 0
      vertex 7.316992428735743 69.61653267577913 0
    endloop
  endfacet
  facet normal 0 0 -1
    outer loop
      vertex 7.316992428735743 -69.61653267577913 0
      vertex 7.316992428735743 69.61653267577913 0
      vertex 10.95041255281616 69.13818384165964 0
    endloop
  endfacet
  facet normal 0 0 -1
    outer loop
      vertex 10.95041255281616 -69.13818384165964 0
      vertex 10.95041255281616 69.13818384165964 0
      vertex 14.553818357243154 68.4703320513664 0
    endloop
  endfacet
  facet normal 0 0 -1
    outer loop
      vertex 14.553818357243154 -68.4703320513664 0
      vertex 14.553818357243154 68.4703320513664 0
      vertex 18.117333157176454 67.61480784023477 0
    endloop
  endfacet
  facet normal 0 0 -1
    outer loop
      vertex 18.117333157176454 -67.61480784023477 0
      vertex 18.117333157176454 67.61480784023477 0
      vertex 21.631189606246316 66.57395614066074 0
    endloop
  endfacet
  facet normal 0 0 -1
    outer loop
      vertex 28.471565015306016 -63.94818203498206 0
      vertex 28.471565015306016 63.94818203498206 0
      vertex 31.779334981768272 62.37045669318575 0
    endloop
  endfacet
  facet normal 0 0 -1
    outer loop
      vertex 31.779334981768272 -62.37045669318575 0
      vertex 31.779334981768272 62.37045669318575 0
      vertex 35 60.6217782649107 0
    endloop
  endfacet
  facet normal 0 0 -1
    outer loop
      vertex 35 -60.6217782649107 0
      vertex 35 60.6217782649107 0
      vertex 38.1247324510519 58.706939756179686 0
    endloop
  endfacet
  facet normal 0 0 -1
    outer loop
      vertex 38.1247324510519 -58.706939756179686 0
      vertex 38.1247324510519 58.706939756179686 0
      vertex 41.14496766047312 56.63118960624632 0
    endloop
  endfacet
  facet normal 0 0 -1
    outer loop
      vertex 41.14496766047312 -56.63118960624632 0
      vertex 41.14496766047312 56.63118960624632 0
      vertex 44.05242737348862 54.400217301987965 0
    endloop
  endfacet
  facet normal 0 0 -1
    outer loop
      vertex 21.631189606246316 -66.57395614066074 0
      vertex 21.631189606246316 66.57395614066074 0
      vertex 25.08575646817102 65.35062985480413 0
    endloop
  endfacet
  facet normal 0 0 -1
    outer loop
      vertex 25.08575646817102 -65.35062985480413 0
      vertex 25.08575646817102 65.35062985480413 0
      vertex 28.471565015306016 63.94818203498206 0
    endloop
  endfacet
  facet normal 0.0242346152793916 0.9254826191761129 -0.3780140275508067
    outer loop
      vertex 0 70 0
      vertex 4.270614029424238 81.48817003597323 28.4
      vertex 3.6635169370060683 69.90406743282017 0
    endloop
  endfacet
  facet normal 0.0726374204422224 0.9229459356464589 -0.37801402755080693
    outer loop
      vertex 3.6635169370060683 69.90406743282017 0
      vertex 8.529522602640537 81.1529866620511 28.4
      vertex 7.316992428735743 69.61653267577913 0
    endloop
  endfacet
  facet normal 0.12084113148458178 0.9178795214603842 -0.37801402755080643
    outer loop
      vertex 7.316992428735743 69.61653267577913 0
      vertex 12.76505234728284 80.59536859256323 28.4
      vertex 10.95041255281616 69.13818384165964 0
    endloop
  endfacet
  facet normal 0.16871362538510937 0.9102972633070096 -0.3780140275508065
    outer loop
      vertex 14.553818357243154 68.4703320513664 0
      vertex 10.95041255281616 69.13818384165964 0
      vertex 12.76505234728284 80.59536859256323 28.4
    endloop
  endfacet
  facet normal 0.21612368696559967 0.9002199436288963 -0.37801402755080693
    outer loop
      vertex 14.553818357243154 68.4703320513664 0
      vertex 16.965593970729188 79.81684421987855 28.4
      vertex 18.117333157176454 67.61480784023477 0
    endloop
  endfacet
  facet normal 0.2629413685426864 0.8876751836588183 -0.3780140275508071
    outer loop
      vertex 18.117333157176454 67.61480784023477 0
      vertex 21.119634080365714 78.81954742518798 28.4
      vertex 21.631189606246316 66.57395614066074 0
    endloop
  endfacet
  facet normal 0.4837291020709503 0.7893741513277782 -0.37801402755080665
    outer loop
      vertex 35 60.6217782649107 0
      vertex 40.80000000000002 70.66767294881018 28.4
      vertex 38.1247324510519 58.706939756179686 0
    endloop
  endfacet
  facet normal 0.5243788191915639 0.7629759163683209 -0.37801402755080654
    outer loop
      vertex 41.14496766047312 56.63118960624632 0
      vertex 38.1247324510519 58.706939756179686 0
      vertex 44.44254525722621 68.4355183443466 28.4
    endloop
  endfacet
  facet normal 0.3090383461054246 0.8726973677118786 -0.37801402755080665
    outer loop
      vertex 21.631189606246316 66.57395614066074 0
      vertex 25.21578674099572 77.60621172968452 28.4
      vertex 25.08575646817102 65.35062985480413 0
    endloop
  endfacet
  facet normal 0.3542882710424885 0.8553275489404877 -0.37801402755080654
    outer loop
      vertex 25.08575646817102 65.35062985480413 0
      vertex 29.242824682896526 76.18016280217165 28.4
      vertex 28.471565015306016 63.94818203498206 0
    endloop
  endfacet
  facet normal 0.3985671164548952 0.835613336810542 -0.3780140275508065
    outer loop
      vertex 31.779334981768272 62.37045669318575 0
      vertex 28.471565015306016 63.94818203498206 0
      vertex 33.18971007498531 74.54530934363622 28.4
    endloop
  endfacet
  facet normal 0.4417535171051615 0.8136087666071685 -0.3780140275508063
    outer loop
      vertex 31.779334981768272 62.37045669318575 0
      vertex 37.04562477874703 72.7061323737708 28.40000000000001
      vertex 35 60.6217782649107 0
    endloop
  endfacet
  facet normal 0 0 -1
    outer loop
      vertex 44.05242737348862 -54.400217301987965 0
      vertex 44.05242737348862 54.400217301987965 0
      vertex 46.839142445120075 52.020137783417596 0
    endloop
  endfacet
  facet normal 0 0 -1
    outer loop
      vertex 46.839142445120075 -52.020137783417596 0
      vertex 46.839142445120075 52.020137783417596 0
      vertex 49.49747468305833 49.49747468305833 0
    endloop
  endfacet
  facet normal 0 0 -1
    outer loop
      vertex 49.49747468305833 -49.49747468305833 0
      vertex 49.49747468305833 49.49747468305833 0
      vertex 52.020137783417596 46.839142445120075 0
    endloop
  endfacet
  facet normal 0 0 -1
    outer loop
      vertex 52.020137783417596 -46.839142445120075 0
      vertex 52.020137783417596 46.839142445120075 0
      vertex 54.400217301987965 44.05242737348862 0
    endloop
  endfacet
  facet normal 0 0 -1
    outer loop
      vertex 60.6217782649107 -35 0
      vertex 60.6217782649107 35 0
      vertex 62.37045669318575 31.779334981768272 0
    endloop
  endfacet
  facet normal 0 0 -1
    outer loop
      vertex 62.37045669318575 -31.779334981768272 0
      vertex 62.37045669318575 31.779334981768272 0
      vertex 63.94818203498206 28.471565015306016 0
    endloop
  endfacet
  facet normal 0 0 -1
    outer loop
      vertex 54.400217301987965 -44.05242737348862 0
      vertex 54.400217301987965 44.05242737348862 0
      vertex 56.63118960624632 41.14496766047312 0
    endloop
  endfacet
  facet normal 0 0 -1
    outer loop
      vertex 56.63118960624632 -41.14496766047312 0
      vertex 56.63118960624632 41.14496766047312 0
      vertex 58.706939756179686 38.1247324510519 0
    endloop
  endfacet
  facet normal 0 0 -1
    outer loop
      vertex 58.706939756179686 -38.1247324510519 0
      vertex 58.706939756179686 38.1247324510519 0
      vertex 60.6217782649107 35 0
    endloop
  endfacet
  facet normal 0 0 -1
    outer loop
      vertex 68.4703320513664 -14.553818357243154 0
      vertex 68.4703320513664 14.553818357243154 0
      vertex 69.13818384165964 10.95041255281616 0
    endloop
  endfacet
  facet normal 0 0 -1
    outer loop
      vertex 67.61480784023477 -18.117333157176454 0
      vertex 67.61480784023477 18.117333157176454 0
      vertex 68.4703320513664 14.553818357243154 0
    endloop
  endfacet
  facet normal 0 0 -1
    outer loop
      vertex 65.35062985480413 -25.08575646817102 0
      vertex 65.35062985480413 25.08575646817102 0
      vertex 66.57395614066074 21.631189606246316 0
    endloop
  endfacet
  facet normal 0 0 -1
    outer loop
      vertex 63.94818203498206 -28.471565015306016 0
      vertex 63.94818203498206 28.471565015306016 0
      vertex 65.35062985480413 25.08575646817102 0
    endloop
  endfacet
  facet normal 0 0 -1
    outer loop
      vertex 66.57395614066074 -21.631189606246316 0
      vertex 66.57395614066074 21.631189606246316 0
      vertex 67.61480784023477 18.117333157176454 0
    endloop
  endfacet
  facet normal 0 0 -1
    outer loop
      vertex 69.61653267577913 -7.316992428735743 0
      vertex 69.61653267577913 7.316992428735743 0
      vertex 69.90406743282017 3.6635169370060683 0
    endloop
  endfacet
  facet normal 0 0 -1
    outer loop
      vertex 69.90406743282017 -3.6635169370060683 0
      vertex 69.90406743282017 3.6635169370060683 0
      vertex 70 0 0
    endloop
  endfacet
  facet normal 0 0 -1
    outer loop
      vertex 69.13818384165964 -10.95041255281616 0
      vertex 69.13818384165964 10.95041255281616 0
      vertex 69.61653267577913 7.316992428735743 0
    endloop
  endfacet
  facet normal 0.7893741513277782 0.4837291020709503 -0.37801402755080665
    outer loop
      vertex 60.6217782649107 35 0
      vertex 58.706939756179686 38.1247324510519 0
      vertex 70.66767294881019 40.8 28.4
    endloop
  endfacet
  facet normal 0.7629759163683209 0.5243788191915639 -0.37801402755080654
    outer loop
      vertex 56.63118960624632 41.14496766047312 0
      vertex 68.4355183443466 44.44254525722621 28.4
      vertex 58.706939756179686 38.1247324510519 0
    endloop
  endfacet
  facet normal 0.9254826191761129 0.0242346152793914 -0.37801402755080643
    outer loop
      vertex 81.6 -5.913049694094868e-14 28.4
      vertex 70 0 0
      vertex 69.90406743282017 3.6635169370060683 0
    endloop
  endfacet
  facet normal 0.9229459356464591 0.07263742044222242 -0.37801402755080665
    outer loop
      vertex 69.90406743282017 3.6635169370060683 0
      vertex 69.61653267577913 7.316992428735743 0
      vertex 81.48817003597323 4.270614029424217 28.4
    endloop
  endfacet
  facet normal 0.9178795214603842 0.12084113148458178 -0.37801402755080654
    outer loop
      vertex 69.61653267577913 7.316992428735743 0
      vertex 69.13818384165964 10.95041255281616 0
      vertex 81.15298666205109 8.529522602640522 28.4
    endloop
  endfacet
  facet normal 0.9102972633070096 0.16871362538510937 -0.3780140275508065
    outer loop
      vertex 68.4703320513664 14.553818357243154 0
      vertex 80.59536859256323 12.765052347282838 28.4
      vertex 69.13818384165964 10.95041255281616 0
    endloop
  endfacet
  facet normal 0.8876751836588183 0.2629413685426864 -0.37801402755080693
    outer loop
      vertex 67.61480784023477 18.117333157176454 0
      vertex 66.57395614066074 21.631189606246316 0
      vertex 78.81954742518798 21.119634080365692 28.4
    endloop
  endfacet
  facet normal 0.9002199436288963 0.21612368696559967 -0.3780140275508067
    outer loop
      vertex 68.4703320513664 14.553818357243154 0
      vertex 67.61480784023477 18.117333157176454 0
      vertex 79.81684421987855 16.965593970729163 28.4
    endloop
  endfacet
  facet normal 0.8553275489404877 0.35428827104248845 -0.3780140275508066
    outer loop
      vertex 65.35062985480413 25.08575646817102 0
      vertex 63.94818203498206 28.471565015306016 0
      vertex 76.18016280217167 29.2428246828965 28.4
    endloop
  endfacet
  facet normal 0.8356133368105418 0.3985671164548951 -0.37801402755080676
    outer loop
      vertex 62.37045669318575 31.779334981768272 0
      vertex 74.54530934363623 33.1897100749853 28.4
      vertex 63.94818203498206 28.471565015306016 0
    endloop
  endfacet
  facet normal 0.8726973677118784 0.3090383461054245 -0.37801402755080693
    outer loop
      vertex 65.35062985480413 25.08575646817102 0
      vertex 77.60621172968453 25.215786740995707 28.4
      vertex 66.57395614066074 21.631189606246316 0
    endloop
  endfacet
  facet normal 0.8136087666071685 0.4417535171051615 -0.3780140275508065
    outer loop
      vertex 62.37045669318575 31.779334981768272 0
      vertex 60.6217782649107 35 0
      vertex 72.70613237377081 37.04562477874701 28.4
    endloop
  endfacet
  facet normal 0.6012589172015819 0.7039837423267666 -0.3780140275508066
    outer loop
      vertex 46.839142445120075 52.020137783417596 0
      vertex 44.05242737348862 54.400217301987965 0
      vertex 51.35254390966674 63.41511045488882 28.4
    endloop
  endfacet
  facet normal 0.5635912504178973 0.7344864174559044 -0.3780140275508065
    outer loop
      vertex 41.14496766047312 56.63118960624632 0
      vertex 47.963276587065806 66.01578674099571 28.4
      vertex 44.05242737348862 54.400217301987965 0
    endloop
  endfacet
  facet normal 0.6372785750862111 0.6715514966932218 -0.3780140275508067
    outer loop
      vertex 46.839142445120075 52.020137783417596 0
      vertex 54.60105747888284 60.640617758955365 28.4
      vertex 49.49747468305833 49.49747468305833 0
    endloop
  endfacet
  facet normal 0.7039837423267666 0.6012589172015819 -0.37801402755080665
    outer loop
      vertex 52.020137783417596 46.839142445120075 0
      vertex 63.415110454888826 51.352543909666736 28.4
      vertex 54.400217301987965 44.05242737348862 0
    endloop
  endfacet
  facet normal 0.6715514966932219 0.6372785750862112 -0.3780140275508065
    outer loop
      vertex 52.020137783417596 46.839142445120075 0
      vertex 49.49747468305833 49.49747468305833 0
      vertex 60.640617758955365 54.60105747888282 28.4
    endloop
  endfacet
  facet normal 0.7344864174559044 0.5635912504178973 -0.37801402755080654
    outer loop
      vertex 56.63118960624632 41.14496766047312 0
      vertex 54.400217301987965 44.05242737348862 0
      vertex 66.01578674099571 47.96327658706581 28.4
    endloop
  endfacet
  facet normal 0.024234615279390557 0.9254826191761129 -0.37801402755080654
    outer loop
      vertex 0 70 0
      vertex 3.7972572968203464e-15 81.6 28.4
      vertex 4.270614029424238 81.48817003597323 28.4
    endloop
  endfacet
  facet normal 0.0726374204422206 0.9229459356464592 -0.37801402755080665
    outer loop
      vertex 3.6635169370060683 69.90406743282017 0
      vertex 4.270614029424238 81.48817003597323 28.4
      vertex 8.529522602640537 81.1529866620511 28.4
    endloop
  endfacet
  facet normal 0.1208411314845849 0.9178795214603838 -0.37801402755080693
    outer loop
      vertex 7.316992428735743 69.61653267577913 0
      vertex 8.529522602640537 81.1529866620511 28.4
      vertex 12.76505234728284 80.59536859256323 28.4
    endloop
  endfacet
  facet normal 0.16871362538510673 0.9102972633070099 -0.3780140275508069
    outer loop
      vertex 14.553818357243154 68.4703320513664 0
      vertex 12.76505234728284 80.59536859256323 28.4
      vertex 16.965593970729188 79.81684421987855 28.4
    endloop
  endfacet
  facet normal 0.21612368696559847 0.9002199436288966 -0.3780140275508071
    outer loop
      vertex 18.117333157176454 67.61480784023477 0
      vertex 16.965593970729188 79.81684421987855 28.4
      vertex 21.119634080365714 78.81954742518798 28.4
    endloop
  endfacet
  facet normal 0.26294136854268946 0.8876751836588176 -0.3780140275508067
    outer loop
      vertex 21.631189606246316 66.57395614066074 0
      vertex 21.119634080365714 78.81954742518798 28.4
      vertex 25.21578674099572 77.60621172968452 28.4
    endloop
  endfacet
  facet normal 0.3090383461054263 0.8726973677118781 -0.3780140275508065
    outer loop
      vertex 25.08575646817102 65.35062985480413 0
      vertex 25.21578674099572 77.60621172968452 28.4
      vertex 29.242824682896526 76.18016280217165 28.4
    endloop
  endfacet
  facet normal 0.3542882710424888 0.8553275489404875 -0.37801402755080643
    outer loop
      vertex 28.471565015306016 63.94818203498206 0
      vertex 29.242824682896526 76.18016280217165 28.4
      vertex 33.18971007498531 74.54530934363622 28.4
    endloop
  endfacet
  facet normal 0.39856711645489684 0.8356133368105413 -0.37801402755080626
    outer loop
      vertex 31.779334981768272 62.37045669318575 0
      vertex 33.18971007498531 74.54530934363622 28.4
      vertex 37.04562477874703 72.7061323737708 28.40000000000001
    endloop
  endfacet
  facet normal 0.44175351710515964 0.8136087666071695 -0.3780140275508066
    outer loop
      vertex 35 60.6217782649107 0
      vertex 37.04562477874703 72.7061323737708 28.40000000000001
      vertex 40.80000000000002 70.66767294881018 28.4
    endloop
  endfacet
  facet normal 0.48372910207095077 0.7893741513277779 -0.3780140275508065
    outer loop
      vertex 38.1247324510519 58.706939756179686 0
      vertex 40.80000000000002 70.66767294881018 28.4
      vertex 44.44254525722621 68.4355183443466 28.4
    endloop
  endfacet
  facet normal 0 0 1
    outer loop
      vertex 0 81.6 30
      vertex 0 79.99591693065823 30
      vertex 4.186662808097099 79.88628530672875 30
    endloop
  endfacet
  facet normal 0 0 1
    outer loop
      vertex 0 81.6 30
      vertex 4.186662808097099 79.88628530672875 30
      vertex 4.270614029424217 81.48817003597321 30
    endloop
  endfacet
  facet normal 0 0 1
    outer loop
      vertex 4.270614029424217 81.48817003597321 30
      vertex 4.186662808097099 79.88628530672875 30
      vertex 8.361850264448567 79.55769092760116 30
    endloop
  endfacet
  facet normal 0 0 1
    outer loop
      vertex 4.270614029424217 81.48817003597321 30
      vertex 8.361850264448567 79.55769092760116 30
      vertex 8.529522602640522 81.15298666205109 30
    endloop
  endfacet
  facet normal 0 0 1
    outer loop
      vertex 8.529522602640522 81.15298666205109 30
      vertex 8.361850264448567 79.55769092760116 30
      vertex 12.514118470450265 79.0110344476283 30
    endloop
  endfacet
  facet normal 0 0 1
    outer loop
      vertex 12.765052347282838 80.59536859256323 30
      vertex 12.514118470450265 79.0110344476283 30
      vertex 16.632086347570173 78.24781421422416 30
    endloop
  endfacet
  facet normal 0 0 1
    outer loop
      vertex 12.765052347282838 80.59536859256323 30
      vertex 16.632086347570173 78.24781421422416 30
      vertex 16.96559397072916 79.81684421987853 30
    endloop
  endfacet
  facet normal 0 0 1
    outer loop
      vertex 8.529522602640522 81.15298666205109 30
      vertex 12.514118470450265 79.0110344476283 30
      vertex 12.765052347282838 80.59536859256323 30
    endloop
  endfacet
  facet normal 0 0 1
    outer loop
      vertex 16.96559397072916 79.81684421987853 30
      vertex 16.632086347570173 78.24781421422416 30
      vertex 20.70446683209353 77.2701221609977 30
    endloop
  endfacet
  facet normal 0 0 1
    outer loop
      vertex 21.119634080365692 78.81954742518796 30
      vertex 16.96559397072916 79.81684421987853 30
      vertex 20.70446683209353 77.2701221609977 30
    endloop
  endfacet
  facet normal 0 0 1
    outer loop
      vertex 21.119634080365692 78.81954742518796 30
      vertex 20.70446683209353 77.2701221609977 30
      vertex 24.720097812179972 76.08063807390829 30
    endloop
  endfacet
  facet normal 0 0 1
    outer loop
      vertex 21.119634080365692 78.81954742518796 30
      vertex 24.720097812179972 76.08063807390829 30
      vertex 25.215786740995707 77.60621172968452 30
    endloop
  endfacet
  facet normal 0 0 1
    outer loop
      vertex 25.215786740995707 77.60621172968452 30
      vertex 24.720097812179972 76.08063807390829 30
      vertex 28.667972722436154 74.68262224615862 30
    endloop
  endfacet
  facet normal 0 0 1
    outer loop
      vertex 25.215786740995707 77.60621172968452 30
      vertex 28.667972722436154 74.68262224615862 30
      vertex 29.2428246828965 76.18016280217165 30
    endloop
  endfacet
  facet normal 0 0 1
    outer loop
      vertex 29.2428246828965 76.18016280217165 30
      vertex 28.667972722436154 74.68262224615862 30
      vertex 32.537270712146494 73.07990654195764 30
    endloop
  endfacet
  facet normal 0 0 1
    outer loop
      vertex 29.2428246828965 76.18016280217165 30
      vertex 32.537270712146494 73.07990654195764 30
      vertex 33.18971007498529 74.54530934363622 30
    endloop
  endfacet
  facet normal 0 0 1
    outer loop
      vertex 33.18971007498529 74.54530934363622 30
      vertex 32.537270712146494 73.07990654195764 30
      vertex 36.31738630447279 71.2768838936472 30
    endloop
  endfacet
  facet normal 0 0 1
    outer loop
      vertex 37.04562477874701 72.70613237377081 30
      vertex 33.18971007498529 74.54530934363622 30
      vertex 36.31738630447279 71.2768838936472 30
    endloop
  endfacet
  facet normal 0 0 1
    outer loop
      vertex 40.8 70.66767294881018 30
      vertex 39.99795846532911 69.2784962609797 30
      vertex 43.56889900225596 67.0902210855501 30
    endloop
  endfacet
  facet normal 0 0 1
    outer loop
      vertex 37.04562477874701 72.70613237377081 30
      vertex 36.31738630447279 71.2768838936472 30
      vertex 39.99795846532911 69.2784962609797 30
    endloop
  endfacet
  facet normal 0 0 1
    outer loop
      vertex 37.04562477874701 72.70613237377081 30
      vertex 39.99795846532911 69.2784962609797 30
      vertex 40.8 70.66767294881018 30
    endloop
  endfacet
  facet normal 0.925482619176113 0.02423461527939019 -0.3780140275508067
    outer loop
      vertex 81.6 -5.913049694094868e-14 28.4
      vertex 69.90406743282017 3.6635169370060683 0
      vertex 81.48817003597323 4.270614029424217 28.4
    endloop
  endfacet
  facet normal 0.9229459356464591 0.07263742044222307 -0.37801402755080654
    outer loop
      vertex 69.61653267577913 7.316992428735743 0
      vertex 81.15298666205109 8.529522602640522 28.4
      vertex 81.48817003597323 4.270614029424217 28.4
    endloop
  endfacet
  facet normal 0.9178795214603843 0.12084113148458162 -0.37801402755080654
    outer loop
      vertex 69.13818384165964 10.95041255281616 0
      vertex 80.59536859256323 12.765052347282838 28.4
      vertex 81.15298666205109 8.529522602640522 28.4
    endloop
  endfacet
  facet normal 0.9102972633070099 0.16871362538510765 -0.37801402755080676
    outer loop
      vertex 68.4703320513664 14.553818357243154 0
      vertex 79.81684421987855 16.965593970729163 28.4
      vertex 80.59536859256323 12.765052347282838 28.4
    endloop
  endfacet
  facet normal 0.9002199436288966 0.2161236869655983 -0.37801402755080693
    outer loop
      vertex 67.61480784023477 18.117333157176454 0
      vertex 78.81954742518798 21.119634080365692 28.4
      vertex 79.81684421987855 16.965593970729163 28.4
    endloop
  endfacet
  facet normal 0.8876751836588185 0.26294136854268624 -0.37801402755080693
    outer loop
      vertex 66.57395614066074 21.631189606246316 0
      vertex 77.60621172968453 25.215786740995707 28.4
      vertex 78.81954742518798 21.119634080365692 28.4
    endloop
  endfacet
  facet normal 0.8726973677118778 0.309038346105427 -0.37801402755080665
    outer loop
      vertex 65.35062985480413 25.08575646817102 0
      vertex 76.18016280217167 29.2428246828965 28.4
      vertex 77.60621172968453 25.215786740995707 28.4
    endloop
  endfacet
  facet normal 0.855327548940488 0.3542882710424875 -0.3780140275508068
    outer loop
      vertex 63.94818203498206 28.471565015306016 0
      vertex 74.54530934363623 33.1897100749853 28.4
      vertex 76.18016280217167 29.2428246828965 28.4
    endloop
  endfacet
  facet normal 0.7893741513277779 0.483729102070951 -0.3780140275508066
    outer loop
      vertex 58.706939756179686 38.1247324510519 0
      vertex 68.4355183443466 44.44254525722621 28.4
      vertex 70.66767294881019 40.8 28.4
    endloop
  endfacet
  facet normal 0.8136087666071691 0.4417535171051601 -0.3780140275508067
    outer loop
      vertex 60.6217782649107 35 0
      vertex 70.66767294881019 40.8 28.4
      vertex 72.70613237377081 37.04562477874701 28.4
    endloop
  endfacet
  facet normal 0.8356133368105411 0.39856711645489684 -0.3780140275508065
    outer loop
      vertex 62.37045669318575 31.779334981768272 0
      vertex 72.70613237377081 37.04562477874701 28.4
      vertex 74.54530934363623 33.1897100749853 28.4
    endloop
  endfacet
  facet normal 0 0 1
    outer loop
      vertex 81.48817003597321 -4.270614029424217 30
      vertex 81.6 0 30
      vertex 81.15298666205109 8.529522602640522 30
    endloop
  endfacet
  facet normal 0 0 1
    outer loop
      vertex 80.59536859256323 -12.765052347282838 30
      vertex 79.81684421987853 16.96559397072916 30
      vertex 79.88628530672875 4.186662808097099 30
    endloop
  endfacet
  facet normal 0 0 1
    outer loop
      vertex 81.15298666205109 -8.529522602640522 30
      vertex 81.15298666205109 8.529522602640522 30
      vertex 80.59536859256323 12.765052347282838 30
    endloop
  endfacet
  facet normal 0 0 1
    outer loop
      vertex 81.6 0 30
      vertex 81.48817003597321 4.270614029424217 30
      vertex 81.15298666205109 8.529522602640522 30
    endloop
  endfacet
  facet normal 0 0 1
    outer loop
      vertex 81.15298666205109 -8.529522602640522 30
      vertex 80.59536859256323 12.765052347282838 30
      vertex 79.81684421987853 16.96559397072916 30
    endloop
  endfacet
  facet normal 0 0 1
    outer loop
      vertex 79.81684421987853 16.96559397072916 30
      vertex 79.55769092760116 8.361850264448567 30
      vertex 79.88628530672875 4.186662808097099 30
    endloop
  endfacet
  facet normal 0 0 1
    outer loop
      vertex 78.81954742518796 21.119634080365692 30
      vertex 79.0110344476283 12.514118470450265 30
      vertex 79.55769092760116 8.361850264448567 30
    endloop
  endfacet
  facet normal 0 0 1
    outer loop
      vertex 78.81954742518796 21.119634080365692 30
      vertex 79.55769092760116 8.361850264448567 30
      vertex 79.81684421987853 16.96559397072916 30
    endloop
  endfacet
  facet normal 0 0 1
    outer loop
      vertex 78.81954742518796 21.119634080365692 30
      vertex 78.24781421422416 16.632086347570173 30
      vertex 79.0110344476283 12.514118470450265 30
    endloop
  endfacet
  facet normal 0 0 1
    outer loop
      vertex 77.60621172968452 25.215786740995707 30
      vertex 77.2701221609977 20.70446683209353 30
      vertex 78.24781421422416 16.632086347570173 30
    endloop
  endfacet
  facet normal 0 0 1
    outer loop
      vertex 78.81954742518796 21.119634080365692 30
      vertex 77.60621172968452 25.215786740995707 30
      vertex 78.24781421422416 16.632086347570173 30
    endloop
  endfacet
  facet normal 0 0 1
    outer loop
      vertex 74.54530934363622 33.18971007498529 30
      vertex 73.07990654195764 32.537270712146494 30
      vertex 74.68262224615862 28.667972722436154 30
    endloop
  endfacet
  facet normal 0 0 1
    outer loop
      vertex 72.70613237377081 37.04562477874701 30
      vertex 73.07990654195764 32.537270712146494 30
      vertex 74.54530934363622 33.18971007498529 30
    endloop
  endfacet
  facet normal 0 0 1
    outer loop
      vertex 72.70613237377081 37.04562477874701 30
      vertex 71.2768838936472 36.31738630447279 30
      vertex 73.07990654195764 32.537270712146494 30
    endloop
  endfacet
  facet normal 0 0 1
    outer loop
      vertex 72.70613237377081 37.04562477874701 30
      vertex 70.66767294881018 40.8 30
      vertex 71.2768838936472 36.31738630447279 30
    endloop
  endfacet
  facet normal 0 0 1
    outer loop
      vertex 70.66767294881018 40.8 30
      vertex 69.2784962609797 39.99795846532911 30
      vertex 71.2768838936472 36.31738630447279 30
    endloop
  endfacet
  facet normal 0 0 1
    outer loop
      vertex 70.66767294881018 40.8 30
      vertex 68.4355183443466 44.44254525722621 30
      vertex 69.2784962609797 39.99795846532911 30
    endloop
  endfacet
  facet normal 0 0 1
    outer loop
      vertex 76.18016280217165 29.2428246828965 30
      vertex 76.08063807390829 24.720097812179972 30
      vertex 77.2701221609977 20.70446683209353 30
    endloop
  endfacet
  facet normal 0 0 1
    outer loop
      vertex 77.60621172968452 25.215786740995707 30
      vertex 76.18016280217165 29.2428246828965 30
      vertex 77.2701221609977 20.70446683209353 30
    endloop
  endfacet
  facet normal 0 0 1
    outer loop
      vertex 74.54530934363622 33.18971007498529 30
      vertex 74.68262224615862 28.667972722436154 30
      vertex 76.08063807390829 24.720097812179972 30
    endloop
  endfacet
  facet normal 0 0 1
    outer loop
      vertex 76.18016280217165 29.2428246828965 30
      vertex 74.54530934363622 33.18971007498529 30
      vertex 76.08063807390829 24.720097812179972 30
    endloop
  endfacet
  facet normal 0.5243788191915645 0.7629759163683206 -0.37801402755080654
    outer loop
      vertex 41.14496766047312 56.63118960624632 0
      vertex 44.44254525722621 68.4355183443466 28.4
      vertex 47.963276587065806 66.01578674099571 28.4
    endloop
  endfacet
  facet normal 0.5635912504178966 0.7344864174559049 -0.3780140275508065
    outer loop
      vertex 44.05242737348862 54.400217301987965 0
      vertex 47.963276587065806 66.01578674099571 28.4
      vertex 51.35254390966674 63.41511045488882 28.4
    endloop
  endfacet
  facet normal 0.6012589172015815 0.7039837423267671 -0.37801402755080665
    outer loop
      vertex 46.839142445120075 52.020137783417596 0
      vertex 51.35254390966674 63.41511045488882 28.4
      vertex 54.60105747888284 60.640617758955365 28.4
    endloop
  endfacet
  facet normal 0.762975916368321 0.5243788191915637 -0.37801402755080665
    outer loop
      vertex 56.63118960624632 41.14496766047312 0
      vertex 66.01578674099571 47.96327658706581 28.4
      vertex 68.4355183443466 44.44254525722621 28.4
    endloop
  endfacet
  facet normal 0.7344864174559046 0.5635912504178969 -0.37801402755080665
    outer loop
      vertex 54.400217301987965 44.05242737348862 0
      vertex 63.415110454888826 51.352543909666736 28.4
      vertex 66.01578674099571 47.96327658706581 28.4
    endloop
  endfacet
  facet normal 0.7039837423267659 0.6012589172015831 -0.37801402755080654
    outer loop
      vertex 52.020137783417596 46.839142445120075 0
      vertex 60.640617758955365 54.60105747888282 28.4
      vertex 63.415110454888826 51.352543909666736 28.4
    endloop
  endfacet
  facet normal 0.6372785750862123 0.6715514966932206 -0.37801402755080654
    outer loop
      vertex 49.49747468305833 49.49747468305833 0
      vertex 54.60105747888284 60.640617758955365 28.4
      vertex 57.69991334482229 57.699913344822264 28.400000000000006
    endloop
  endfacet
  facet normal 0.6715514966932223 0.6372785750862108 -0.37801402755080654
    outer loop
      vertex 49.49747468305833 49.49747468305833 0
      vertex 57.69991334482229 57.699913344822264 28.400000000000006
      vertex 60.640617758955365 54.60105747888282 28.4
    endloop
  endfacet
  facet normal 0 0 1
    outer loop
      vertex 51.35254390966673 63.41511045488882 30
      vertex 50.343061725192136 62.16850377570836 30
      vertex 53.527716402044184 59.448551726338124 30
    endloop
  endfacet
  facet normal 0 0 1
    outer loop
      vertex 60.640617758955365 54.60105747888283 30
      vertex 59.448551726338124 53.527716402044184 30
      vertex 62.16850377570836 50.343061725192136 30
    endloop
  endfacet
  facet normal 0 0 1
    outer loop
      vertex 63.41511045488882 51.35254390966673 30
      vertex 62.16850377570836 50.343061725192136 30
      vertex 64.71805627750908 47.02042021545467 30
    endloop
  endfacet
  facet normal 0 0 1
    outer loop
      vertex 63.41511045488882 51.35254390966673 30
      vertex 60.640617758955365 54.60105747888283 30
      vertex 62.16850377570836 50.343061725192136 30
    endloop
  endfacet
  facet normal 0 0 1
    outer loop
      vertex 57.69991334482228 57.69991334482228 30
      vertex 54.60105747888283 60.640617758955365 30
      vertex 56.56565532890418 56.56565532890418 30
    endloop
  endfacet
  facet normal 0 0 1
    outer loop
      vertex 57.69991334482228 57.69991334482228 30
      vertex 56.56565532890418 56.56565532890418 30
      vertex 59.448551726338124 53.527716402044184 30
    endloop
  endfacet
  facet normal 0 0 1
    outer loop
      vertex 54.60105747888283 60.640617758955365 30
      vertex 53.527716402044184 59.448551726338124 30
      vertex 56.56565532890418 56.56565532890418 30
    endloop
  endfacet
  facet normal 0 0 1
    outer loop
      vertex 51.35254390966673 63.41511045488882 30
      vertex 53.527716402044184 59.448551726338124 30
      vertex 54.60105747888283 60.640617758955365 30
    endloop
  endfacet
  facet normal 0 0 1
    outer loop
      vertex 57.69991334482228 57.69991334482228 30
      vertex 59.448551726338124 53.527716402044184 30
      vertex 60.640617758955365 54.60105747888283 30
    endloop
  endfacet
  facet normal 0 0 1
    outer loop
      vertex 40.8 70.66767294881018 30
      vertex 43.56889900225596 67.0902210855501 30
      vertex 44.44254525722621 68.4355183443466 30
    endloop
  endfacet
  facet normal 0 0 1
    outer loop
      vertex 44.44254525722621 68.4355183443466 30
      vertex 43.56889900225596 67.0902210855501 30
      vertex 47.02042021545467 64.71805627750908 30
    endloop
  endfacet
  facet normal 0 0 1
    outer loop
      vertex 44.44254525722621 68.4355183443466 30
      vertex 47.02042021545467 64.71805627750908 30
      vertex 47.963276587065806 66.01578674099571 30
    endloop
  endfacet
  facet normal 0 0 1
    outer loop
      vertex 47.963276587065806 66.01578674099571 30
      vertex 47.02042021545467 64.71805627750908 30
      vertex 50.343061725192136 62.16850377570836 30
    endloop
  endfacet
  facet normal 0 0 1
    outer loop
      vertex 51.35254390966673 63.41511045488882 30
      vertex 47.963276587065806 66.01578674099571 30
      vertex 50.343061725192136 62.16850377570836 30
    endloop
  endfacet
  facet normal 0 0 1
    outer loop
      vertex 66.01578674099571 47.963276587065806 30
      vertex 64.71805627750908 47.02042021545467 30
      vertex 67.0902210855501 43.56889900225596 30
    endloop
  endfacet
  facet normal 0 0 1
    outer loop
      vertex 68.4355183443466 44.44254525722621 30
      vertex 67.0902210855501 43.56889900225596 30
      vertex 69.2784962609797 39.99795846532911 30
    endloop
  endfacet
  facet normal 0 0 1
    outer loop
      vertex 68.4355183443466 44.44254525722621 30
      vertex 66.01578674099571 47.963276587065806 30
      vertex 67.0902210855501 43.56889900225596 30
    endloop
  endfacet
  facet normal 0 0 1
    outer loop
      vertex 63.41511045488882 51.35254390966673 30
      vertex 64.71805627750908 47.02042021545467 30
      vertex 66.01578674099571 47.963276587065806 30
    endloop
  endfacet
  facet normal 0.7345233564180366 0.5636195946804513 0.37789997534880243
    outer loop
      vertex -55.33676241524641 -40.20451125680517 1.6
      vertex -64.71805627750908 -47.02042021545467 30
      vertex -53.15678376365681 -43.04551474780888 1.6
    endloop
  endfacet
  facet normal 0.7040191472412527 0.6012891558552123 0.37789997534880265
    outer loop
      vertex -50.831106062653774 -45.768533474945905 1.6
      vertex -53.15678376365681 -43.04551474780888 1.6
      vertex -62.16850377570836 -50.343061725192136 30
    endloop
  endfacet
  facet normal 0.6012891558552123 0.7040191472412527 0.3778999753488024
    outer loop
      vertex -45.768533474945905 -50.831106062653774 1.6
      vertex -53.527716402044184 -59.448551726338124 30
      vertex -43.04551474780888 -53.15678376365681 1.6
    endloop
  endfacet
  facet normal 0.5636195946804513 0.7345233564180366 0.37789997534880265
    outer loop
      vertex -40.20451125680517 -55.33676241524641 1.6
      vertex -43.04551474780888 -53.15678376365681 1.6
      vertex -50.343061725192136 -62.16850377570836 30
    endloop
  endfacet
  facet normal 0.6715852705176476 0.6373106252488755 0.3778999753488025
    outer loop
      vertex -50.831106062653774 -45.768533474945905 1.6
      vertex -59.448551726338124 -53.527716402044184 30
      vertex -48.366103833159855 -48.366103833159855 1.6
    endloop
  endfacet
  facet normal 0.6373106252488753 0.6715852705176475 0.37789997534880276
    outer loop
      vertex -45.768533474945905 -50.831106062653774 1.6
      vertex -48.366103833159855 -48.366103833159855 1.6
      vertex -56.56565532890418 -56.56565532890418 30
    endloop
  endfacet
  facet normal 0 0 1
    outer loop
      vertex -65.0522657145885 -21.136762415246405 1.6
      vertex -65.0522657145885 21.136762415246405 1.6
      vertex -66.06932651817228 -17.70322268501242 1.6
    endloop
  endfacet
  facet normal 0 0 1
    outer loop
      vertex -65.0522657145885 -21.136762415246405 1.6
      vertex -63.856901172408605 -24.51236774889854 1.6
      vertex -63.856901172408605 24.51236774889854 1.6
    endloop
  endfacet
  facet normal 0 0 1
    outer loop
      vertex -67.55788249670744 -10.700117408751792 1.6
      vertex -66.90529589019232 -14.221159651934741 1.6
      vertex -66.90529589019232 14.221159651934741 1.6
    endloop
  endfacet
  facet normal 0 0 1
    outer loop
      vertex -68.0252976431899 -7.149746887507498 1.6
      vertex -68.0252976431899 7.149746887507498 1.6
      vertex -68.30626017721285 -3.5797794070173587 1.6
    endloop
  endfacet
  facet normal 0 0 1
    outer loop
      vertex -67.55788249670744 -10.700117408751792 1.6
      vertex -67.55788249670744 10.700117408751792 1.6
      vertex -68.0252976431899 -7.149746887507498 1.6
    endloop
  endfacet
  facet normal 0 0 1
    outer loop
      vertex -66.06932651817228 -17.70322268501242 1.6
      vertex -66.06932651817228 17.70322268501242 1.6
      vertex -66.90529589019232 -14.221159651934741 1.6
    endloop
  endfacet
  facet normal 0 0 1
    outer loop
      vertex -57.36506684746701 -37.253309995027855 1.6
      vertex -57.36506684746701 37.253309995027855 1.6
      vertex -59.23613761885561 -34.2 1.6
    endloop
  endfacet
  facet normal 0 0 1
    outer loop
      vertex -55.33676241524641 -40.20451125680517 1.6
      vertex -55.33676241524641 40.20451125680517 1.6
      vertex -57.36506684746701 -37.253309995027855 1.6
    endloop
  endfacet
  facet normal 0 0 1
    outer loop
      vertex -55.33676241524641 -40.20451125680517 1.6
      vertex -53.15678376365681 -43.04551474780888 1.6
      vertex -53.15678376365681 43.04551474780888 1.6
    endloop
  endfacet
  facet normal 0 0 1
    outer loop
      vertex -62.4865093027539 -27.820786386384736 1.6
      vertex -62.4865093027539 27.820786386384736 1.6
      vertex -63.856901172408605 -24.51236774889854 1.6
    endloop
  endfacet
  facet normal 0 0 1
    outer loop
      vertex -60.94484625448437 -31.052950182185 1.6
      vertex -60.94484625448437 31.052950182185 1.6
      vertex -62.4865093027539 -27.820786386384736 1.6
    endloop
  endfacet
  facet normal 0 0 1
    outer loop
      vertex -60.94484625448437 -31.052950182185 1.6
      vertex -59.23613761885561 -34.2 1.6
      vertex -59.23613761885561 34.2 1.6
    endloop
  endfacet
  facet normal 0 0 1
    outer loop
      vertex -50.831106062653774 -45.768533474945905 1.6
      vertex -50.831106062653774 45.768533474945905 1.6
      vertex -53.15678376365681 -43.04551474780888 1.6
    endloop
  endfacet
  facet normal 0 0 1
    outer loop
      vertex -50.831106062653774 -45.768533474945905 1.6
      vertex -48.366103833159855 -48.366103833159855 1.6
      vertex -48.366103833159855 48.366103833159855 1.6
    endloop
  endfacet
  facet normal 0 0 1
    outer loop
      vertex -45.768533474945905 -50.831106062653774 1.6
      vertex -45.768533474945905 50.831106062653774 1.6
      vertex -48.366103833159855 -48.366103833159855 1.6
    endloop
  endfacet
  facet normal 0 0 1
    outer loop
      vertex -45.768533474945905 -50.831106062653774 1.6
      vertex -43.04551474780888 -53.15678376365681 1.6
      vertex -43.04551474780888 53.15678376365681 1.6
    endloop
  endfacet
  facet normal 0.8136496848089309 0.44177573387602664 0.37789997534880265
    outer loop
      vertex -60.94484625448437 -31.052950182185 1.6
      vertex -71.2768838936472 -36.31738630447279 30
      vertex -59.23613761885561 -34.2 1.6
    endloop
  endfacet
  facet normal 0.8553705652729765 0.35430608899080906 0.3778999753488024
    outer loop
      vertex -62.4865093027539 -27.820786386384736 1.6
      vertex -63.856901172408605 -24.51236774889854 1.6
      vertex -74.68262224615862 -28.667972722436154 30
    endloop
  endfacet
  facet normal 0.8356553616712787 0.3985871612852307 0.3778999753488025
    outer loop
      vertex -60.94484625448437 -31.052950182185 1.6
      vertex -62.4865093027539 -27.820786386384736 1.6
      vertex -73.07990654195764 -32.537270712146494 30
    endloop
  endfacet
  facet normal 0.872741257611342 0.3090538883339722 0.3778999753488026
    outer loop
      vertex -65.0522657145885 -21.136762415246405 1.6
      vertex -76.08063807390829 -24.720097812179972 30
      vertex -63.856901172408605 -24.51236774889854 1.6
    endloop
  endfacet
  facet normal 0.8877198268260935 0.26295459245129177 0.37789997534880243
    outer loop
      vertex -65.0522657145885 -21.136762415246405 1.6
      vertex -66.06932651817228 -17.70322268501242 1.6
      vertex -77.2701221609977 -20.70446683209353 30
    endloop
  endfacet
  facet normal 0.9002652177001644 0.21613455630844886 0.3778999753488025
    outer loop
      vertex -66.06932651817228 -17.70322268501242 1.6
      vertex -66.90529589019232 -14.221159651934741 1.6
      vertex -78.24781421422416 -16.632086347570173 30
    endloop
  endfacet
  facet normal 0.910343044189188 0.16872211037008963 0.3778999753488025
    outer loop
      vertex -67.55788249670744 -10.700117408751792 1.6
      vertex -79.0110344476283 -12.514118470450265 30
      vertex -66.90529589019232 -14.221159651934741 1.6
    endloop
  endfacet
  facet normal 0.9179256836712576 0.12084720885493644 0.37789997534880265
    outer loop
      vertex -67.55788249670744 -10.700117408751792 1.6
      vertex -68.0252976431899 -7.149746887507498 1.6
      vertex -79.55769092760116 -8.361850264448567 30
    endloop
  endfacet
  facet normal 0.922992352658616 0.0726410735403008 0.37789997534880276
    outer loop
      vertex -68.0252976431899 -7.149746887507498 1.6
      vertex -68.30626017721285 -3.5797794070173587 1.6
      vertex -79.88628530672875 -4.186662808097099 30
    endloop
  endfacet
  facet normal 0.9255291637637489 0.024235834092315237 0.3778999753488024
    outer loop
      vertex -68.30626017721285 -3.5797794070173587 1.6
      vertex -68.4 0 1.6
      vertex -79.99591693065821 0 30
    endloop
  endfacet
  facet normal 0.7630142881309754 0.5244051913733837 0.3778999753488027
    outer loop
      vertex -55.33676241524641 -40.20451125680517 1.6
      vertex -57.36506684746701 -37.253309995027855 1.6
      vertex -67.0902210855501 -43.56889900225596 30
    endloop
  endfacet
  facet normal 0.7894138507166186 0.4837534298877213 0.3778999753488026
    outer loop
      vertex -57.36506684746701 -37.253309995027855 1.6
      vertex -59.23613761885561 -34.2 1.6
      vertex -69.2784962609797 -39.99795846532911 30
    endloop
  endfacet
  facet normal 0.3985871612852307 0.8356553616712787 0.3778999753488027
    outer loop
      vertex -31.052950182185 -60.94484625448437 1.6
      vertex -36.31738630447279 -71.2768838936472 30
      vertex -27.820786386384736 -62.4865093027539 1.6
    endloop
  endfacet
  facet normal 0.354306088990809 0.8553705652729764 0.37789997534880254
    outer loop
      vertex -27.820786386384736 -62.4865093027539 1.6
      vertex -32.537270712146494 -73.07990654195764 30
      vertex -24.51236774889854 -63.856901172408605 1.6
    endloop
  endfacet
  facet normal 0.30905388833397224 0.8727412576113421 0.3778999753488023
    outer loop
      vertex -21.136762415246405 -65.0522657145885 1.6
      vertex -24.51236774889854 -63.856901172408605 1.6
      vertex -28.667972722436154 -74.68262224615862 30
    endloop
  endfacet
  facet normal 0.5244051913733837 0.7630142881309754 0.37789997534880243
    outer loop
      vertex -40.20451125680517 -55.33676241524641 1.6
      vertex -47.02042021545467 -64.71805627750908 30
      vertex -37.253309995027855 -57.36506684746701 1.6
    endloop
  endfacet
  facet normal 0.4837534298877213 0.7894138507166186 0.37789997534880276
    outer loop
      vertex -37.253309995027855 -57.36506684746701 1.6
      vertex -43.56889900225596 -67.0902210855501 30
      vertex -34.2 -59.23613761885561 1.6
    endloop
  endfacet
  facet normal 0.44177573387602664 0.8136496848089309 0.3778999753488026
    outer loop
      vertex -31.052950182185 -60.94484625448437 1.6
      vertex -34.2 -59.23613761885561 1.6
      vertex -39.99795846532911 -69.2784962609797 30
    endloop
  endfacet
  facet normal 0.26295459245129177 0.8877198268260935 0.3778999753488026
    outer loop
      vertex -21.136762415246405 -65.0522657145885 1.6
      vertex -24.720097812179972 -76.08063807390829 30
      vertex -17.70322268501242 -66.06932651817228 1.6
    endloop
  endfacet
  facet normal 0.21613455630844886 0.9002652177001644 0.3778999753488025
    outer loop
      vertex -17.70322268501242 -66.06932651817228 1.6
      vertex -20.70446683209353 -77.2701221609977 30
      vertex -14.221159651934741 -66.90529589019232 1.6
    endloop
  endfacet
  facet normal 0.16872211037008963 0.910343044189188 0.3778999753488025
    outer loop
      vertex -14.221159651934741 -66.90529589019232 1.6
      vertex -16.632086347570173 -78.24781421422416 30
      vertex -10.700117408751792 -67.55788249670744 1.6
    endloop
  endfacet
  facet normal 0.12084720885493645 0.9179256836712577 0.3778999753488025
    outer loop
      vertex -10.700117408751792 -67.55788249670744 1.6
      vertex -12.514118470450265 -79.0110344476283 30
      vertex -7.149746887507498 -68.0252976431899 1.6
    endloop
  endfacet
  facet normal 0.0726410735403008 0.922992352658616 0.37789997534880254
    outer loop
      vertex -7.149746887507498 -68.0252976431899 1.6
      vertex -8.361850264448567 -79.55769092760116 30
      vertex -3.5797794070173587 -68.30626017721285 1.6
    endloop
  endfacet
  facet normal 0.02423583409231523 0.9255291637637487 0.3778999753488027
    outer loop
      vertex -3.5797794070173587 -68.30626017721285 1.6
      vertex -4.186662808097099 -79.88628530672875 30
      vertex 0 -68.4 1.6
    endloop
  endfacet
  facet normal 0 0 1
    outer loop
      vertex -21.136762415246405 -65.0522657145885 1.6
      vertex -21.136762415246405 65.0522657145885 1.6
      vertex -24.51236774889854 -63.856901172408605 1.6
    endloop
  endfacet
  facet normal 0 0 1
    outer loop
      vertex -40.20451125680517 -55.33676241524641 1.6
      vertex -40.20451125680517 55.33676241524641 1.6
      vertex -43.04551474780888 -53.15678376365681 1.6
    endloop
  endfacet
  facet normal 0 0 1
    outer loop
      vertex -40.20451125680517 -55.33676241524641 1.6
      vertex -37.253309995027855 -57.36506684746701 1.6
      vertex -37.253309995027855 57.36506684746701 1.6
    endloop
  endfacet
  facet normal 0 0 1
    outer loop
      vertex -37.253309995027855 -57.36506684746701 1.6
      vertex -34.2 -59.23613761885561 1.6
      vertex -34.2 59.23613761885561 1.6
    endloop
  endfacet
  facet normal 0 0 1
    outer loop
      vertex -31.052950182185 -60.94484625448437 1.6
      vertex -31.052950182185 60.94484625448437 1.6
      vertex -34.2 -59.23613761885561 1.6
    endloop
  endfacet
  facet normal 0 0 1
    outer loop
      vertex -31.052950182185 -60.94484625448437 1.6
      vertex -27.820786386384736 -62.4865093027539 1.6
      vertex -27.820786386384736 62.4865093027539 1.6
    endloop
  endfacet
  facet normal 0 0 1
    outer loop
      vertex -27.820786386384736 -62.4865093027539 1.6
      vertex -24.51236774889854 -63.856901172408605 1.6
      vertex -24.51236774889854 63.856901172408605 1.6
    endloop
  endfacet
  facet normal 0 0 1
    outer loop
      vertex -21.136762415246405 -65.0522657145885 1.6
      vertex -17.70322268501242 -66.06932651817228 1.6
      vertex -17.70322268501242 66.06932651817228 1.6
    endloop
  endfacet
  facet normal 0 0 1
    outer loop
      vertex -17.70322268501242 -66.06932651817228 1.6
      vertex -14.221159651934741 -66.90529589019232 1.6
      vertex -14.221159651934741 66.90529589019232 1.6
    endloop
  endfacet
  facet normal 0 0 1
    outer loop
      vertex -14.221159651934741 -66.90529589019232 1.6
      vertex -10.700117408751792 -67.55788249670744 1.6
      vertex -10.700117408751792 67.55788249670744 1.6
    endloop
  endfacet
  facet normal 0 0 1
    outer loop
      vertex -10.700117408751792 -67.55788249670744 1.6
      vertex -7.149746887507498 -68.0252976431899 1.6
      vertex -7.149746887507498 68.0252976431899 1.6
    endloop
  endfacet
  facet normal 0 0 1
    outer loop
      vertex -7.149746887507498 -68.0252976431899 1.6
      vertex -3.5797794070173587 -68.30626017721285 1.6
      vertex -3.5797794070173587 68.30626017721285 1.6
    endloop
  endfacet
  facet normal 0 0 1
    outer loop
      vertex -3.5797794070173587 -68.30626017721285 1.6
      vertex 0 -68.4 1.6
      vertex 0 68.4 1.6
    endloop
  endfacet
  facet normal 0.7630142881309746 0.5244051913733853 0.37789997534880254
    outer loop
      vertex -55.33676241524641 -40.20451125680517 1.6
      vertex -67.0902210855501 -43.56889900225596 30
      vertex -64.71805627750908 -47.02042021545467 30
    endloop
  endfacet
  facet normal 0.7345233564180377 0.5636195946804499 0.3778999753488027
    outer loop
      vertex -53.15678376365681 -43.04551474780888 1.6
      vertex -64.71805627750908 -47.02042021545467 30
      vertex -62.16850377570836 -50.343061725192136 30
    endloop
  endfacet
  facet normal 0.7040191472412514 0.601289155855214 0.37789997534880243
    outer loop
      vertex -50.831106062653774 -45.768533474945905 1.6
      vertex -62.16850377570836 -50.343061725192136 30
      vertex -59.448551726338124 -53.527716402044184 30
    endloop
  endfacet
  facet normal 0.6715852705176494 0.6373106252488734 0.3778999753488028
    outer loop
      vertex -48.366103833159855 -48.366103833159855 1.6
      vertex -59.448551726338124 -53.527716402044184 30
      vertex -56.56565532890418 -56.56565532890418 30
    endloop
  endfacet
  facet normal 0.6373106252488733 0.6715852705176495 0.37789997534880254
    outer loop
      vertex -45.768533474945905 -50.831106062653774 1.6
      vertex -56.56565532890418 -56.56565532890418 30
      vertex -53.527716402044184 -59.448551726338124 30
    endloop
  endfacet
  facet normal 0.6012891558552139 0.7040191472412511 0.37789997534880265
    outer loop
      vertex -43.04551474780888 -53.15678376365681 1.6
      vertex -53.527716402044184 -59.448551726338124 30
      vertex -50.343061725192136 -62.16850377570836 30
    endloop
  endfacet
  facet normal 0.56361959468045 0.7345233564180377 0.3778999753488023
    outer loop
      vertex -40.20451125680517 -55.33676241524641 1.6
      vertex -50.343061725192136 -62.16850377570836 30
      vertex -47.02042021545467 -64.71805627750908 30
    endloop
  endfacet
  facet normal 0.5244051913733855 0.7630142881309742 0.3778999753488027
    outer loop
      vertex -37.253309995027855 -57.36506684746701 1.6
      vertex -47.02042021545467 -64.71805627750908 30
      vertex -43.56889900225596 -67.0902210855501 30
    endloop
  endfacet
  facet normal 0.7894138507166191 0.4837534298877204 0.3778999753488028
    outer loop
      vertex -57.36506684746701 -37.253309995027855 1.6
      vertex -69.2784962609797 -39.99795846532911 30
      vertex -67.0902210855501 -43.56889900225596 30
    endloop
  endfacet
  facet normal 0.8136496848089305 0.44177573387602753 0.3778999753488026
    outer loop
      vertex -59.23613761885561 -34.2 1.6
      vertex -71.2768838936472 -36.31738630447279 30
      vertex -69.2784962609797 -39.99795846532911 30
    endloop
  endfacet
  facet normal 0.8356553616712793 0.3985871612852297 0.37789997534880276
    outer loop
      vertex -60.94484625448437 -31.052950182185 1.6
      vertex -73.07990654195764 -32.537270712146494 30
      vertex -71.2768838936472 -36.31738630447279 30
    endloop
  endfacet
  facet normal 0.8553705652729771 0.35430608899080757 0.37789997534880254
    outer loop
      vertex -62.4865093027539 -27.820786386384736 1.6
      vertex -74.68262224615862 -28.667972722436154 30
      vertex -73.07990654195764 -32.537270712146494 30
    endloop
  endfacet
  facet normal 0.8877198268260938 0.26295459245129066 0.3778999753488026
    outer loop
      vertex -65.0522657145885 -21.136762415246405 1.6
      vertex -77.2701221609977 -20.70446683209353 30
      vertex -76.08063807390829 -24.720097812179972 30
    endloop
  endfacet
  facet normal 0.8727412576113417 0.30905388833397385 0.37789997534880243
    outer loop
      vertex -63.856901172408605 -24.51236774889854 1.6
      vertex -76.08063807390829 -24.720097812179972 30
      vertex -74.68262224615862 -28.667972722436154 30
    endloop
  endfacet
  facet normal 0.910343044189188 0.16872211037008938 0.37789997534880254
    outer loop
      vertex -66.90529589019232 -14.221159651934741 1.6
      vertex -79.0110344476283 -12.514118470450265 30
      vertex -78.24781421422416 -16.632086347570173 30
    endloop
  endfacet
  facet normal 0.9179256836712575 0.12084720885493748 0.3778999753488025
    outer loop
      vertex -67.55788249670744 -10.700117408751792 1.6
      vertex -79.55769092760116 -8.361850264448567 30
      vertex -79.0110344476283 -12.514118470450265 30
    endloop
  endfacet
  facet normal 0.9229923526586158 0.07264107354030251 0.3778999753488026
    outer loop
      vertex -68.0252976431899 -7.149746887507498 1.6
      vertex -79.88628530672875 -4.186662808097099 30
      vertex -79.55769092760116 -8.361850264448567 30
    endloop
  endfacet
  facet normal 0.9255291637637487 0.024235834092312277 0.3778999753488027
    outer loop
      vertex -68.30626017721285 -3.5797794070173587 1.6
      vertex -79.99591693065821 0 30
      vertex -79.88628530672875 -4.186662808097099 30
    endloop
  endfacet
  facet normal 0.9002652177001643 0.21613455630844902 0.3778999753488025
    outer loop
      vertex -66.06932651817228 -17.70322268501242 1.6
      vertex -78.24781421422416 -16.632086347570173 30
      vertex -77.2701221609977 -20.70446683209353 30
    endloop
  endfacet
  facet normal 0.48375342988772063 0.7894138507166191 0.37789997534880265
    outer loop
      vertex -34.2 -59.23613761885561 1.6
      vertex -43.56889900225596 -67.0902210855501 30
      vertex -39.99795846532911 -69.2784962609797 30
    endloop
  endfacet
  facet normal 0.44177573387602753 0.8136496848089305 0.3778999753488027
    outer loop
      vertex -31.052950182185 -60.94484625448437 1.6
      vertex -39.99795846532911 -69.2784962609797 30
      vertex -36.31738630447279 -71.2768838936472 30
    endloop
  endfacet
  facet normal 0.3985871612852298 0.8356553616712792 0.3778999753488025
    outer loop
      vertex -27.820786386384736 -62.4865093027539 1.6
      vertex -36.31738630447279 -71.2768838936472 30
      vertex -32.537270712146494 -73.07990654195764 30
    endloop
  endfacet
  facet normal 0.3543060889908077 0.8553705652729771 0.3778999753488024
    outer loop
      vertex -24.51236774889854 -63.856901172408605 1.6
      vertex -32.537270712146494 -73.07990654195764 30
      vertex -28.667972722436154 -74.68262224615862 30
    endloop
  endfacet
  facet normal 0.30905388833397385 0.8727412576113416 0.37789997534880265
    outer loop
      vertex -21.136762415246405 -65.0522657145885 1.6
      vertex -28.667972722436154 -74.68262224615862 30
      vertex -24.720097812179972 -76.08063807390829 30
    endloop
  endfacet
  facet normal 0.16872211037008938 0.9103430441891879 0.37789997534880243
    outer loop
      vertex -10.700117408751792 -67.55788249670744 1.6
      vertex -16.632086347570173 -78.24781421422416 30
      vertex -12.514118470450265 -79.0110344476283 30
    endloop
  endfacet
  facet normal 0.26295459245129027 0.8877198268260941 0.37789997534880254
    outer loop
      vertex -17.70322268501242 -66.06932651817228 1.6
      vertex -24.720097812179972 -76.08063807390829 30
      vertex -20.70446683209353 -77.2701221609977 30
    endloop
  endfacet
  facet normal 0.21613455630844897 0.9002652177001642 0.37789997534880243
    outer loop
      vertex -14.221159651934741 -66.90529589019232 1.6
      vertex -20.70446683209353 -77.2701221609977 30
      vertex -16.632086347570173 -78.24781421422416 30
    endloop
  endfacet
  facet normal 0.12084720885493745 0.9179256836712574 0.37789997534880254
    outer loop
      vertex -7.149746887507498 -68.0252976431899 1.6
      vertex -12.514118470450265 -79.0110344476283 30
      vertex -8.361850264448567 -79.55769092760116 30
    endloop
  endfacet
  facet normal 0.0726410735403025 0.9229923526586157 0.3778999753488027
    outer loop
      vertex -3.5797794070173587 -68.30626017721285 1.6
      vertex -8.361850264448567 -79.55769092760116 30
      vertex -4.186662808097099 -79.88628530672875 30
    endloop
  endfacet
  facet normal 0.024235834092315375 0.9255291637637487 0.37789997534880276
    outer loop
      vertex 0 -68.4 1.6
      vertex -4.186662808097099 -79.88628530672875 30
      vertex 0 -79.99591693065823 30
    endloop
  endfacet
  facet normal 0 0 1
    outer loop
      vertex -68.30626017721285 -3.5797794070173587 1.6
      vertex -68.30626017721285 3.5797794070173587 1.6
      vertex -68.4 0 1.6
    endloop
  endfacet
  facet normal 0 0 1
    outer loop
      vertex -68.30626017721285 -3.5797794070173587 1.6
      vertex -68.0252976431899 7.149746887507498 1.6
      vertex -68.30626017721285 3.5797794070173587 1.6
    endloop
  endfacet
  facet normal 0 0 1
    outer loop
      vertex -68.0252976431899 -7.149746887507498 1.6
      vertex -67.55788249670744 10.700117408751792 1.6
      vertex -68.0252976431899 7.149746887507498 1.6
    endloop
  endfacet
  facet normal 0 0 1
    outer loop
      vertex -67.55788249670744 -10.700117408751792 1.6
      vertex -66.90529589019232 14.221159651934741 1.6
      vertex -67.55788249670744 10.700117408751792 1.6
    endloop
  endfacet
  facet normal 0 0 1
    outer loop
      vertex -66.90529589019232 -14.221159651934741 1.6
      vertex -66.06932651817228 17.70322268501242 1.6
      vertex -66.90529589019232 14.221159651934741 1.6
    endloop
  endfacet
  facet normal 0 0 1
    outer loop
      vertex -66.06932651817228 -17.70322268501242 1.6
      vertex -65.0522657145885 21.136762415246405 1.6
      vertex -66.06932651817228 17.70322268501242 1.6
    endloop
  endfacet
  facet normal 0 0 1
    outer loop
      vertex -65.0522657145885 -21.136762415246405 1.6
      vertex -63.856901172408605 24.51236774889854 1.6
      vertex -65.0522657145885 21.136762415246405 1.6
    endloop
  endfacet
  facet normal 0 0 1
    outer loop
      vertex -63.856901172408605 -24.51236774889854 1.6
      vertex -62.4865093027539 27.820786386384736 1.6
      vertex -63.856901172408605 24.51236774889854 1.6
    endloop
  endfacet
  facet normal 0 0 1
    outer loop
      vertex -62.4865093027539 -27.820786386384736 1.6
      vertex -60.94484625448437 31.052950182185 1.6
      vertex -62.4865093027539 27.820786386384736 1.6
    endloop
  endfacet
  facet normal 0 0 1
    outer loop
      vertex -60.94484625448437 -31.052950182185 1.6
      vertex -59.23613761885561 34.2 1.6
      vertex -60.94484625448437 31.052950182185 1.6
    endloop
  endfacet
  facet normal 0 0 1
    outer loop
      vertex -59.23613761885561 -34.2 1.6
      vertex -57.36506684746701 37.253309995027855 1.6
      vertex -59.23613761885561 34.2 1.6
    endloop
  endfacet
  facet normal 0 0 1
    outer loop
      vertex -57.36506684746701 -37.253309995027855 1.6
      vertex -55.33676241524641 40.20451125680517 1.6
      vertex -57.36506684746701 37.253309995027855 1.6
    endloop
  endfacet
  facet normal 0 0 1
    outer loop
      vertex -55.33676241524641 -40.20451125680517 1.6
      vertex -53.15678376365681 43.04551474780888 1.6
      vertex -55.33676241524641 40.20451125680517 1.6
    endloop
  endfacet
  facet normal 0 0 1
    outer loop
      vertex -53.15678376365681 -43.04551474780888 1.6
      vertex -50.831106062653774 45.768533474945905 1.6
      vertex -53.15678376365681 43.04551474780888 1.6
    endloop
  endfacet
  facet normal 0 0 1
    outer loop
      vertex -50.831106062653774 -45.768533474945905 1.6
      vertex -48.366103833159855 48.366103833159855 1.6
      vertex -50.831106062653774 45.768533474945905 1.6
    endloop
  endfacet
  facet normal 0 0 1
    outer loop
      vertex -48.366103833159855 -48.366103833159855 1.6
      vertex -45.768533474945905 50.831106062653774 1.6
      vertex -48.366103833159855 48.366103833159855 1.6
    endloop
  endfacet
  facet normal 0 0 1
    outer loop
      vertex -45.768533474945905 -50.831106062653774 1.6
      vertex -43.04551474780888 53.15678376365681 1.6
      vertex -45.768533474945905 50.831106062653774 1.6
    endloop
  endfacet
  facet normal 0.9255291637637487 -0.02423583409231523 0.37789997534880276
    outer loop
      vertex -68.4 0 1.6
      vertex -68.30626017721285 3.5797794070173587 1.6
      vertex -79.88628530672875 4.186662808097099 30
    endloop
  endfacet
  facet normal 0.9229923526586161 -0.07264107354030082 0.37789997534880254
    outer loop
      vertex -68.30626017721285 3.5797794070173587 1.6
      vertex -68.0252976431899 7.149746887507498 1.6
      vertex -79.55769092760116 8.361850264448567 30
    endloop
  endfacet
  facet normal 0.9179256836712577 -0.12084720885493645 0.3778999753488025
    outer loop
      vertex -68.0252976431899 7.149746887507498 1.6
      vertex -67.55788249670744 10.700117408751792 1.6
      vertex -79.0110344476283 12.514118470450265 30
    endloop
  endfacet
  facet normal 0.910343044189188 -0.16872211037008963 0.3778999753488025
    outer loop
      vertex -67.55788249670744 10.700117408751792 1.6
      vertex -66.90529589019232 14.221159651934741 1.6
      vertex -78.24781421422416 16.632086347570173 30
    endloop
  endfacet
  facet normal 0.9002652177001644 -0.21613455630844886 0.3778999753488025
    outer loop
      vertex -66.90529589019232 14.221159651934741 1.6
      vertex -66.06932651817228 17.70322268501242 1.6
      vertex -77.2701221609977 20.70446683209353 30
    endloop
  endfacet
  facet normal 0.8877198268260935 -0.26295459245129177 0.3778999753488026
    outer loop
      vertex -66.06932651817228 17.70322268501242 1.6
      vertex -65.0522657145885 21.136762415246405 1.6
      vertex -76.08063807390829 24.720097812179972 30
    endloop
  endfacet
  facet normal 0.8727412576113421 -0.30905388833397224 0.3778999753488023
    outer loop
      vertex -65.0522657145885 21.136762415246405 1.6
      vertex -63.856901172408605 24.51236774889854 1.6
      vertex -74.68262224615862 28.667972722436154 30
    endloop
  endfacet
  facet normal 0.8553705652729764 -0.354306088990809 0.37789997534880254
    outer loop
      vertex -63.856901172408605 24.51236774889854 1.6
      vertex -62.4865093027539 27.820786386384736 1.6
      vertex -73.07990654195764 32.537270712146494 30
    endloop
  endfacet
  facet normal 0.8356553616712787 -0.3985871612852307 0.3778999753488027
    outer loop
      vertex -62.4865093027539 27.820786386384736 1.6
      vertex -60.94484625448437 31.052950182185 1.6
      vertex -71.2768838936472 36.31738630447279 30
    endloop
  endfacet
  facet normal 0.8136496848089309 -0.44177573387602664 0.3778999753488026
    outer loop
      vertex -60.94484625448437 31.052950182185 1.6
      vertex -59.23613761885561 34.2 1.6
      vertex -69.2784962609797 39.99795846532911 30
    endloop
  endfacet
  facet normal 0.7894138507166186 -0.4837534298877213 0.37789997534880265
    outer loop
      vertex -59.23613761885561 34.2 1.6
      vertex -57.36506684746701 37.253309995027855 1.6
      vertex -67.0902210855501 43.56889900225596 30
    endloop
  endfacet
  facet normal 0.7630142881309754 -0.5244051913733837 0.37789997534880243
    outer loop
      vertex -57.36506684746701 37.253309995027855 1.6
      vertex -55.33676241524641 40.20451125680517 1.6
      vertex -64.71805627750908 47.02042021545467 30
    endloop
  endfacet
  facet normal 0.7345233564180366 -0.5636195946804513 0.37789997534880265
    outer loop
      vertex -55.33676241524641 40.20451125680517 1.6
      vertex -53.15678376365681 43.04551474780888 1.6
      vertex -62.16850377570836 50.343061725192136 30
    endloop
  endfacet
  facet normal 0.7040191472412527 -0.6012891558552123 0.3778999753488024
    outer loop
      vertex -53.15678376365681 43.04551474780888 1.6
      vertex -50.831106062653774 45.768533474945905 1.6
      vertex -59.448551726338124 53.527716402044184 30
    endloop
  endfacet
  facet normal 0.6715852705176475 -0.6373106252488753 0.37789997534880276
    outer loop
      vertex -50.831106062653774 45.768533474945905 1.6
      vertex -48.366103833159855 48.366103833159855 1.6
      vertex -56.56565532890418 56.56565532890418 30
    endloop
  endfacet
  facet normal 0.6373106252488755 -0.6715852705176476 0.3778999753488025
    outer loop
      vertex -48.366103833159855 48.366103833159855 1.6
      vertex -45.768533474945905 50.831106062653774 1.6
      vertex -53.527716402044184 59.448551726338124 30
    endloop
  endfacet
  facet normal 0.6012891558552123 -0.7040191472412527 0.37789997534880265
    outer loop
      vertex -45.768533474945905 50.831106062653774 1.6
      vertex -43.04551474780888 53.15678376365681 1.6
      vertex -50.343061725192136 62.16850377570836 30
    endloop
  endfacet
  facet normal 0.5636195946804513 -0.7345233564180366 0.37789997534880243
    outer loop
      vertex -43.04551474780888 53.15678376365681 1.6
      vertex -40.20451125680517 55.33676241524641 1.6
      vertex -47.02042021545467 64.71805627750908 30
    endloop
  endfacet
  facet normal 0 0 1
    outer loop
      vertex -43.04551474780888 -53.15678376365681 1.6
      vertex -40.20451125680517 55.33676241524641 1.6
      vertex -43.04551474780888 53.15678376365681 1.6
    endloop
  endfacet
  facet normal 0 0 1
    outer loop
      vertex -40.20451125680517 -55.33676241524641 1.6
      vertex -37.253309995027855 57.36506684746701 1.6
      vertex -40.20451125680517 55.33676241524641 1.6
    endloop
  endfacet
  facet normal 0 0 1
    outer loop
      vertex -37.253309995027855 -57.36506684746701 1.6
      vertex -34.2 59.23613761885561 1.6
      vertex -37.253309995027855 57.36506684746701 1.6
    endloop
  endfacet
  facet normal 0 0 1
    outer loop
      vertex -34.2 -59.23613761885561 1.6
      vertex -31.052950182185 60.94484625448437 1.6
      vertex -34.2 59.23613761885561 1.6
    endloop
  endfacet
  facet normal 0 0 1
    outer loop
      vertex -31.052950182185 -60.94484625448437 1.6
      vertex -27.820786386384736 62.4865093027539 1.6
      vertex -31.052950182185 60.94484625448437 1.6
    endloop
  endfacet
  facet normal 0 0 1
    outer loop
      vertex -27.820786386384736 -62.4865093027539 1.6
      vertex -24.51236774889854 63.856901172408605 1.6
      vertex -27.820786386384736 62.4865093027539 1.6
    endloop
  endfacet
  facet normal 0 0 1
    outer loop
      vertex -24.51236774889854 -63.856901172408605 1.6
      vertex -21.136762415246405 65.0522657145885 1.6
      vertex -24.51236774889854 63.856901172408605 1.6
    endloop
  endfacet
  facet normal 0 0 1
    outer loop
      vertex -21.136762415246405 -65.0522657145885 1.6
      vertex -17.70322268501242 66.06932651817228 1.6
      vertex -21.136762415246405 65.0522657145885 1.6
    endloop
  endfacet
  facet normal 0 0 1
    outer loop
      vertex -17.70322268501242 -66.06932651817228 1.6
      vertex -14.221159651934741 66.90529589019232 1.6
      vertex -17.70322268501242 66.06932651817228 1.6
    endloop
  endfacet
  facet normal 0 0 1
    outer loop
      vertex -14.221159651934741 -66.90529589019232 1.6
      vertex -10.700117408751792 67.55788249670744 1.6
      vertex -14.221159651934741 66.90529589019232 1.6
    endloop
  endfacet
  facet normal 0 0 1
    outer loop
      vertex -10.700117408751792 -67.55788249670744 1.6
      vertex -7.149746887507498 68.0252976431899 1.6
      vertex -10.700117408751792 67.55788249670744 1.6
    endloop
  endfacet
  facet normal 0 0 1
    outer loop
      vertex -7.149746887507498 -68.0252976431899 1.6
      vertex -3.5797794070173587 68.30626017721285 1.6
      vertex -7.149746887507498 68.0252976431899 1.6
    endloop
  endfacet
  facet normal 0 0 1
    outer loop
      vertex -3.5797794070173587 -68.30626017721285 1.6
      vertex 0 68.4 1.6
      vertex -3.5797794070173587 68.30626017721285 1.6
    endloop
  endfacet
  facet normal 0.5244051913733837 -0.7630142881309754 0.3778999753488027
    outer loop
      vertex -40.20451125680517 55.33676241524641 1.6
      vertex -37.253309995027855 57.36506684746701 1.6
      vertex -43.56889900225596 67.0902210855501 30
    endloop
  endfacet
  facet normal 0.4837534298877213 -0.7894138507166186 0.3778999753488026
    outer loop
      vertex -37.253309995027855 57.36506684746701 1.6
      vertex -34.2 59.23613761885561 1.6
      vertex -39.99795846532911 69.2784962609797 30
    endloop
  endfacet
  facet normal 0.44177573387602664 -0.8136496848089309 0.37789997534880265
    outer loop
      vertex -34.2 59.23613761885561 1.6
      vertex -31.052950182185 60.94484625448437 1.6
      vertex -36.31738630447279 71.2768838936472 30
    endloop
  endfacet
  facet normal 0.3985871612852307 -0.8356553616712787 0.3778999753488025
    outer loop
      vertex -31.052950182185 60.94484625448437 1.6
      vertex -27.820786386384736 62.4865093027539 1.6
      vertex -32.537270712146494 73.07990654195764 30
    endloop
  endfacet
  facet normal 0.35430608899080906 -0.8553705652729765 0.3778999753488024
    outer loop
      vertex -27.820786386384736 62.4865093027539 1.6
      vertex -24.51236774889854 63.856901172408605 1.6
      vertex -28.667972722436154 74.68262224615862 30
    endloop
  endfacet
  facet normal 0.3090538883339722 -0.872741257611342 0.37789997534880254
    outer loop
      vertex -24.51236774889854 63.856901172408605 1.6
      vertex -21.136762415246405 65.0522657145885 1.6
      vertex -24.720097812179972 76.08063807390829 30
    endloop
  endfacet
  facet normal 0.26295459245129177 -0.8877198268260935 0.37789997534880243
    outer loop
      vertex -21.136762415246405 65.0522657145885 1.6
      vertex -17.70322268501242 66.06932651817228 1.6
      vertex -20.70446683209353 77.2701221609977 30
    endloop
  endfacet
  facet normal 0.21613455630844886 -0.9002652177001644 0.3778999753488025
    outer loop
      vertex -17.70322268501242 66.06932651817228 1.6
      vertex -14.221159651934741 66.90529589019232 1.6
      vertex -16.632086347570173 78.24781421422416 30
    endloop
  endfacet
  facet normal 0.16872211037008963 -0.910343044189188 0.3778999753488025
    outer loop
      vertex -14.221159651934741 66.90529589019232 1.6
      vertex -10.700117408751792 67.55788249670744 1.6
      vertex -12.514118470450265 79.0110344476283 30
    endloop
  endfacet
  facet normal 0.12084720885493644 -0.9179256836712576 0.37789997534880265
    outer loop
      vertex -10.700117408751792 67.55788249670744 1.6
      vertex -7.149746887507498 68.0252976431899 1.6
      vertex -8.361850264448567 79.55769092760116 30
    endloop
  endfacet
  facet normal 0.0726410735403008 -0.922992352658616 0.37789997534880276
    outer loop
      vertex -7.149746887507498 68.0252976431899 1.6
      vertex -3.5797794070173587 68.30626017721285 1.6
      vertex -4.186662808097099 79.88628530672875 30
    endloop
  endfacet
  facet normal 0.02423583409231523 -0.9255291637637487 0.3778999753488027
    outer loop
      vertex -3.5797794070173587 68.30626017721285 1.6
      vertex 0 68.4 1.6
      vertex 0 79.99591693065823 30
    endloop
  endfacet
  facet normal 0.9255291637637489 -0.024235834092312284 0.37789997534880243
    outer loop
      vertex -68.4 0 1.6
      vertex -79.88628530672875 4.186662808097099 30
      vertex -79.99591693065821 0 30
    endloop
  endfacet
  facet normal 0.9229923526586157 -0.0726410735403025 0.3778999753488027
    outer loop
      vertex -68.30626017721285 3.5797794070173587 1.6
      vertex -79.55769092760116 8.361850264448567 30
      vertex -79.88628530672875 4.186662808097099 30
    endloop
  endfacet
  facet normal 0.9179256836712574 -0.12084720885493745 0.37789997534880254
    outer loop
      vertex -68.0252976431899 7.149746887507498 1.6
      vertex -79.0110344476283 12.514118470450265 30
      vertex -79.55769092760116 8.361850264448567 30
    endloop
  endfacet
  facet normal 0.9103430441891879 -0.16872211037008938 0.37789997534880243
    outer loop
      vertex -67.55788249670744 10.700117408751792 1.6
      vertex -78.24781421422416 16.632086347570173 30
      vertex -79.0110344476283 12.514118470450265 30
    endloop
  endfacet
  facet normal 0.9002652177001642 -0.21613455630844897 0.37789997534880243
    outer loop
      vertex -66.90529589019232 14.221159651934741 1.6
      vertex -77.2701221609977 20.70446683209353 30
      vertex -78.24781421422416 16.632086347570173 30
    endloop
  endfacet
  facet normal 0.8877198268260941 -0.26295459245129027 0.37789997534880254
    outer loop
      vertex -66.06932651817228 17.70322268501242 1.6
      vertex -76.08063807390829 24.720097812179972 30
      vertex -77.2701221609977 20.70446683209353 30
    endloop
  endfacet
  facet normal 0.8727412576113416 -0.30905388833397385 0.37789997534880265
    outer loop
      vertex -65.0522657145885 21.136762415246405 1.6
      vertex -74.68262224615862 28.667972722436154 30
      vertex -76.08063807390829 24.720097812179972 30
    endloop
  endfacet
  facet normal 0.8553705652729771 -0.3543060889908077 0.3778999753488024
    outer loop
      vertex -63.856901172408605 24.51236774889854 1.6
      vertex -73.07990654195764 32.537270712146494 30
      vertex -74.68262224615862 28.667972722436154 30
    endloop
  endfacet
  facet normal 0.8356553616712792 -0.3985871612852298 0.3778999753488025
    outer loop
      vertex -62.4865093027539 27.820786386384736 1.6
      vertex -71.2768838936472 36.31738630447279 30
      vertex -73.07990654195764 32.537270712146494 30
    endloop
  endfacet
  facet normal 0.8136496848089305 -0.44177573387602753 0.3778999753488027
    outer loop
      vertex -60.94484625448437 31.052950182185 1.6
      vertex -69.2784962609797 39.99795846532911 30
      vertex -71.2768838936472 36.31738630447279 30
    endloop
  endfacet
  facet normal 0.7894138507166191 -0.48375342988772063 0.37789997534880265
    outer loop
      vertex -59.23613761885561 34.2 1.6
      vertex -67.0902210855501 43.56889900225596 30
      vertex -69.2784962609797 39.99795846532911 30
    endloop
  endfacet
  facet normal 0.7630142881309742 -0.5244051913733855 0.3778999753488027
    outer loop
      vertex -57.36506684746701 37.253309995027855 1.6
      vertex -64.71805627750908 47.02042021545467 30
      vertex -67.0902210855501 43.56889900225596 30
    endloop
  endfacet
  facet normal 0.7345233564180377 -0.56361959468045 0.3778999753488023
    outer loop
      vertex -55.33676241524641 40.20451125680517 1.6
      vertex -62.16850377570836 50.343061725192136 30
      vertex -64.71805627750908 47.02042021545467 30
    endloop
  endfacet
  facet normal 0.7040191472412511 -0.6012891558552139 0.37789997534880265
    outer loop
      vertex -53.15678376365681 43.04551474780888 1.6
      vertex -59.448551726338124 53.527716402044184 30
      vertex -62.16850377570836 50.343061725192136 30
    endloop
  endfacet
  facet normal 0.6715852705176495 -0.6373106252488733 0.37789997534880254
    outer loop
      vertex -50.831106062653774 45.768533474945905 1.6
      vertex -56.56565532890418 56.56565532890418 30
      vertex -59.448551726338124 53.527716402044184 30
    endloop
  endfacet
  facet normal 0.6373106252488734 -0.6715852705176494 0.3778999753488028
    outer loop
      vertex -48.366103833159855 48.366103833159855 1.6
      vertex -53.527716402044184 59.448551726338124 30
      vertex -56.56565532890418 56.56565532890418 30
    endloop
  endfacet
  facet normal 0.601289155855214 -0.7040191472412514 0.37789997534880243
    outer loop
      vertex -45.768533474945905 50.831106062653774 1.6
      vertex -50.343061725192136 62.16850377570836 30
      vertex -53.527716402044184 59.448551726338124 30
    endloop
  endfacet
  facet normal 0.5636195946804499 -0.7345233564180377 0.3778999753488027
    outer loop
      vertex -43.04551474780888 53.15678376365681 1.6
      vertex -47.02042021545467 64.71805627750908 30
      vertex -50.343061725192136 62.16850377570836 30
    endloop
  endfacet
  facet normal 0.5244051913733853 -0.7630142881309746 0.37789997534880254
    outer loop
      vertex -40.20451125680517 55.33676241524641 1.6
      vertex -43.56889900225596 67.0902210855501 30
      vertex -47.02042021545467 64.71805627750908 30
    endloop
  endfacet
  facet normal 0.4837534298877204 -0.7894138507166191 0.3778999753488028
    outer loop
      vertex -37.253309995027855 57.36506684746701 1.6
      vertex -39.99795846532911 69.2784962609797 30
      vertex -43.56889900225596 67.0902210855501 30
    endloop
  endfacet
  facet normal 0.44177573387602753 -0.8136496848089305 0.3778999753488026
    outer loop
      vertex -34.2 59.23613761885561 1.6
      vertex -36.31738630447279 71.2768838936472 30
      vertex -39.99795846532911 69.2784962609797 30
    endloop
  endfacet
  facet normal 0.3985871612852297 -0.8356553616712793 0.37789997534880276
    outer loop
      vertex -31.052950182185 60.94484625448437 1.6
      vertex -32.537270712146494 73.07990654195764 30
      vertex -36.31738630447279 71.2768838936472 30
    endloop
  endfacet
  facet normal 0.35430608899080757 -0.8553705652729771 0.37789997534880254
    outer loop
      vertex -27.820786386384736 62.4865093027539 1.6
      vertex -28.667972722436154 74.68262224615862 30
      vertex -32.537270712146494 73.07990654195764 30
    endloop
  endfacet
  facet normal 0.30905388833397385 -0.8727412576113417 0.37789997534880243
    outer loop
      vertex -24.51236774889854 63.856901172408605 1.6
      vertex -24.720097812179972 76.08063807390829 30
      vertex -28.667972722436154 74.68262224615862 30
    endloop
  endfacet
  facet normal 0.26295459245129066 -0.8877198268260938 0.3778999753488026
    outer loop
      vertex -21.136762415246405 65.0522657145885 1.6
      vertex -20.70446683209353 77.2701221609977 30
      vertex -24.720097812179972 76.08063807390829 30
    endloop
  endfacet
  facet normal 0.21613455630844902 -0.9002652177001643 0.3778999753488025
    outer loop
      vertex -17.70322268501242 66.06932651817228 1.6
      vertex -16.632086347570173 78.24781421422416 30
      vertex -20.70446683209353 77.2701221609977 30
    endloop
  endfacet
  facet normal 0.16872211037008938 -0.910343044189188 0.37789997534880254
    outer loop
      vertex -14.221159651934741 66.90529589019232 1.6
      vertex -12.514118470450265 79.0110344476283 30
      vertex -16.632086347570173 78.24781421422416 30
    endloop
  endfacet
  facet normal 0.12084720885493748 -0.9179256836712575 0.3778999753488025
    outer loop
      vertex -10.700117408751792 67.55788249670744 1.6
      vertex -8.361850264448567 79.55769092760116 30
      vertex -12.514118470450265 79.0110344476283 30
    endloop
  endfacet
  facet normal 0.07264107354030251 -0.9229923526586158 0.3778999753488026
    outer loop
      vertex -7.149746887507498 68.0252976431899 1.6
      vertex -4.186662808097099 79.88628530672875 30
      vertex -8.361850264448567 79.55769092760116 30
    endloop
  endfacet
  facet normal 0.024235834092315375 -0.9255291637637487 0.37789997534880276
    outer loop
      vertex -3.5797794070173587 68.30626017721285 1.6
      vertex 0 79.99591693065823 30
      vertex -4.186662808097099 79.88628530672875 30
    endloop
  endfacet
  facet normal -0.02423583409231523 0.9255291637637487 0.37789997534880276
    outer loop
      vertex 0 -68.4 1.6
      vertex 0 -79.99591693065823 30
      vertex 3.5797794070173587 -68.30626017721285 1.6
    endloop
  endfacet
  facet normal -0.0726410735403008 0.922992352658616 0.3778999753488028
    outer loop
      vertex 3.5797794070173587 -68.30626017721285 1.6
      vertex 4.186662808097099 -79.88628530672875 30
      vertex 7.149746887507498 -68.0252976431899 1.6
    endloop
  endfacet
  facet normal -0.12084720885493644 0.9179256836712576 0.37789997534880265
    outer loop
      vertex 7.149746887507498 -68.0252976431899 1.6
      vertex 8.361850264448567 -79.55769092760116 30
      vertex 10.700117408751792 -67.55788249670744 1.6
    endloop
  endfacet
  facet normal -0.16872211037008963 0.910343044189188 0.3778999753488025
    outer loop
      vertex 10.700117408751792 -67.55788249670744 1.6
      vertex 12.514118470450265 -79.0110344476283 30
      vertex 14.221159651934741 -66.90529589019232 1.6
    endloop
  endfacet
  facet normal -0.21613455630844886 0.9002652177001644 0.3778999753488025
    outer loop
      vertex 14.221159651934741 -66.90529589019232 1.6
      vertex 16.632086347570173 -78.24781421422416 30
      vertex 17.70322268501242 -66.06932651817228 1.6
    endloop
  endfacet
  facet normal -0.26295459245129177 0.8877198268260935 0.37789997534880243
    outer loop
      vertex 17.70322268501242 -66.06932651817228 1.6
      vertex 20.70446683209353 -77.2701221609977 30
      vertex 21.136762415246405 -65.0522657145885 1.6
    endloop
  endfacet
  facet normal -0.3090538883339722 0.872741257611342 0.3778999753488026
    outer loop
      vertex 21.136762415246405 -65.0522657145885 1.6
      vertex 24.720097812179972 -76.08063807390829 30
      vertex 24.51236774889854 -63.856901172408605 1.6
    endloop
  endfacet
  facet normal -0.35430608899080906 0.8553705652729765 0.3778999753488023
    outer loop
      vertex 24.51236774889854 -63.856901172408605 1.6
      vertex 28.667972722436154 -74.68262224615862 30
      vertex 27.820786386384736 -62.4865093027539 1.6
    endloop
  endfacet
  facet normal -0.3985871612852307 0.8356553616712787 0.37789997534880254
    outer loop
      vertex 27.820786386384736 -62.4865093027539 1.6
      vertex 32.537270712146494 -73.07990654195764 30
      vertex 31.052950182185 -60.94484625448437 1.6
    endloop
  endfacet
  facet normal -0.44177573387602664 0.8136496848089309 0.37789997534880265
    outer loop
      vertex 31.052950182185 -60.94484625448437 1.6
      vertex 36.31738630447279 -71.2768838936472 30
      vertex 34.2 -59.23613761885561 1.6
    endloop
  endfacet
  facet normal -0.4837534298877213 0.7894138507166186 0.3778999753488026
    outer loop
      vertex 34.2 -59.23613761885561 1.6
      vertex 39.99795846532911 -69.2784962609797 30
      vertex 37.253309995027855 -57.36506684746701 1.6
    endloop
  endfacet
  facet normal -0.5244051913733837 0.7630142881309754 0.3778999753488027
    outer loop
      vertex 37.253309995027855 -57.36506684746701 1.6
      vertex 43.56889900225596 -67.0902210855501 30
      vertex 40.20451125680517 -55.33676241524641 1.6
    endloop
  endfacet
  facet normal 0 0 1
    outer loop
      vertex 0 -68.4 1.6
      vertex 3.5797794070173587 -68.30626017721285 1.6
      vertex 3.5797794070173587 68.30626017721285 1.6
    endloop
  endfacet
  facet normal 0 0 1
    outer loop
      vertex 3.5797794070173587 -68.30626017721285 1.6
      vertex 7.149746887507498 -68.0252976431899 1.6
      vertex 7.149746887507498 68.0252976431899 1.6
    endloop
  endfacet
  facet normal 0 0 1
    outer loop
      vertex 7.149746887507498 -68.0252976431899 1.6
      vertex 10.700117408751792 -67.55788249670744 1.6
      vertex 10.700117408751792 67.55788249670744 1.6
    endloop
  endfacet
  facet normal 0 0 1
    outer loop
      vertex 10.700117408751792 -67.55788249670744 1.6
      vertex 14.221159651934741 -66.90529589019232 1.6
      vertex 14.221159651934741 66.90529589019232 1.6
    endloop
  endfacet
  facet normal 0 0 1
    outer loop
      vertex 14.221159651934741 -66.90529589019232 1.6
      vertex 17.70322268501242 -66.06932651817228 1.6
      vertex 17.70322268501242 66.06932651817228 1.6
    endloop
  endfacet
  facet normal 0 0 1
    outer loop
      vertex 17.70322268501242 -66.06932651817228 1.6
      vertex 21.136762415246405 -65.0522657145885 1.6
      vertex 21.136762415246405 65.0522657145885 1.6
    endloop
  endfacet
  facet normal 0 0 1
    outer loop
      vertex 21.136762415246405 -65.0522657145885 1.6
      vertex 24.51236774889854 -63.856901172408605 1.6
      vertex 24.51236774889854 63.856901172408605 1.6
    endloop
  endfacet
  facet normal 0 0 1
    outer loop
      vertex 24.51236774889854 -63.856901172408605 1.6
      vertex 27.820786386384736 -62.4865093027539 1.6
      vertex 27.820786386384736 62.4865093027539 1.6
    endloop
  endfacet
  facet normal 0 0 1
    outer loop
      vertex 27.820786386384736 -62.4865093027539 1.6
      vertex 31.052950182185 -60.94484625448437 1.6
      vertex 31.052950182185 60.94484625448437 1.6
    endloop
  endfacet
  facet normal 0 0 1
    outer loop
      vertex 31.052950182185 -60.94484625448437 1.6
      vertex 34.2 -59.23613761885561 1.6
      vertex 34.2 59.23613761885561 1.6
    endloop
  endfacet
  facet normal 0 0 1
    outer loop
      vertex 34.2 -59.23613761885561 1.6
      vertex 37.253309995027855 -57.36506684746701 1.6
      vertex 37.253309995027855 57.36506684746701 1.6
    endloop
  endfacet
  facet normal 0 0 1
    outer loop
      vertex 37.253309995027855 -57.36506684746701 1.6
      vertex 40.20451125680517 -55.33676241524641 1.6
      vertex 40.20451125680517 55.33676241524641 1.6
    endloop
  endfacet
  facet normal 0 0 1
    outer loop
      vertex 40.20451125680517 -55.33676241524641 1.6
      vertex 43.04551474780888 -53.15678376365681 1.6
      vertex 43.04551474780888 53.15678376365681 1.6
    endloop
  endfacet
  facet normal -0.5636195946804513 0.7345233564180366 0.37789997534880243
    outer loop
      vertex 40.20451125680517 -55.33676241524641 1.6
      vertex 47.02042021545467 -64.71805627750908 30
      vertex 43.04551474780888 -53.15678376365681 1.6
    endloop
  endfacet
  facet normal -0.6012891558552121 0.7040191472412527 0.3778999753488027
    outer loop
      vertex 43.04551474780888 -53.15678376365681 1.6
      vertex 50.343061725192136 -62.16850377570836 30
      vertex 45.768533474945905 -50.831106062653774 1.6
    endloop
  endfacet
  facet normal -0.6373106252488755 0.6715852705176476 0.3778999753488025
    outer loop
      vertex 45.768533474945905 -50.831106062653774 1.6
      vertex 53.527716402044184 -59.448551726338124 30
      vertex 48.366103833159855 -48.366103833159855 1.6
    endloop
  endfacet
  facet normal -0.6715852705176475 0.6373106252488753 0.37789997534880276
    outer loop
      vertex 48.366103833159855 -48.366103833159855 1.6
      vertex 56.56565532890418 -56.56565532890418 30
      vertex 50.831106062653774 -45.768533474945905 1.6
    endloop
  endfacet
  facet normal -0.7040191472412527 0.6012891558552123 0.3778999753488024
    outer loop
      vertex 50.831106062653774 -45.768533474945905 1.6
      vertex 59.448551726338124 -53.527716402044184 30
      vertex 53.15678376365681 -43.04551474780888 1.6
    endloop
  endfacet
  facet normal -0.7345233564180366 0.5636195946804513 0.3778999753488027
    outer loop
      vertex 53.15678376365681 -43.04551474780888 1.6
      vertex 62.16850377570836 -50.343061725192136 30
      vertex 55.33676241524641 -40.20451125680517 1.6
    endloop
  endfacet
  facet normal 0 0 1
    outer loop
      vertex 43.04551474780888 -53.15678376365681 1.6
      vertex 45.768533474945905 -50.831106062653774 1.6
      vertex 45.768533474945905 50.831106062653774 1.6
    endloop
  endfacet
  facet normal 0 0 1
    outer loop
      vertex 45.768533474945905 -50.831106062653774 1.6
      vertex 48.366103833159855 -48.366103833159855 1.6
      vertex 48.366103833159855 48.366103833159855 1.6
    endloop
  endfacet
  facet normal 0 0 1
    outer loop
      vertex 48.366103833159855 -48.366103833159855 1.6
      vertex 50.831106062653774 -45.768533474945905 1.6
      vertex 50.831106062653774 45.768533474945905 1.6
    endloop
  endfacet
  facet normal 0 0 1
    outer loop
      vertex 50.831106062653774 -45.768533474945905 1.6
      vertex 53.15678376365681 -43.04551474780888 1.6
      vertex 53.15678376365681 43.04551474780888 1.6
    endloop
  endfacet
  facet normal 0 0 1
    outer loop
      vertex 53.15678376365681 -43.04551474780888 1.6
      vertex 55.33676241524641 -40.20451125680517 1.6
      vertex 55.33676241524641 40.20451125680517 1.6
    endloop
  endfacet
  facet normal 0 0 1
    outer loop
      vertex 55.33676241524641 -40.20451125680517 1.6
      vertex 57.36506684746701 -37.253309995027855 1.6
      vertex 57.36506684746701 37.253309995027855 1.6
    endloop
  endfacet
  facet normal 0 0 1
    outer loop
      vertex 57.36506684746701 -37.253309995027855 1.6
      vertex 59.23613761885561 -34.2 1.6
      vertex 59.23613761885561 34.2 1.6
    endloop
  endfacet
  facet normal 0 0 1
    outer loop
      vertex 59.23613761885561 -34.2 1.6
      vertex 60.94484625448437 -31.052950182185 1.6
      vertex 60.94484625448437 31.052950182185 1.6
    endloop
  endfacet
  facet normal 0 0 1
    outer loop
      vertex 60.94484625448437 -31.052950182185 1.6
      vertex 62.4865093027539 -27.820786386384736 1.6
      vertex 62.4865093027539 27.820786386384736 1.6
    endloop
  endfacet
  facet normal 0 0 1
    outer loop
      vertex 62.4865093027539 -27.820786386384736 1.6
      vertex 63.856901172408605 -24.51236774889854 1.6
      vertex 63.856901172408605 24.51236774889854 1.6
    endloop
  endfacet
  facet normal 0 0 1
    outer loop
      vertex 63.856901172408605 -24.51236774889854 1.6
      vertex 65.0522657145885 -21.136762415246405 1.6
      vertex 65.0522657145885 21.136762415246405 1.6
    endloop
  endfacet
  facet normal 0 0 1
    outer loop
      vertex 65.0522657145885 -21.136762415246405 1.6
      vertex 66.06932651817228 -17.70322268501242 1.6
      vertex 66.06932651817228 17.70322268501242 1.6
    endloop
  endfacet
  facet normal 0 0 1
    outer loop
      vertex 66.06932651817228 -17.70322268501242 1.6
      vertex 66.90529589019232 -14.221159651934741 1.6
      vertex 66.90529589019232 14.221159651934741 1.6
    endloop
  endfacet
  facet normal 0 0 1
    outer loop
      vertex 66.90529589019232 -14.221159651934741 1.6
      vertex 67.55788249670744 -10.700117408751792 1.6
      vertex 67.55788249670744 10.700117408751792 1.6
    endloop
  endfacet
  facet normal 0 0 1
    outer loop
      vertex 67.55788249670744 -10.700117408751792 1.6
      vertex 68.0252976431899 -7.149746887507498 1.6
      vertex 68.0252976431899 7.149746887507498 1.6
    endloop
  endfacet
  facet normal 0 0 1
    outer loop
      vertex 68.0252976431899 -7.149746887507498 1.6
      vertex 68.30626017721285 -3.5797794070173587 1.6
      vertex 68.30626017721285 3.5797794070173587 1.6
    endloop
  endfacet
  facet normal -0.7630142881309754 0.5244051913733837 0.37789997534880243
    outer loop
      vertex 55.33676241524641 -40.20451125680517 1.6
      vertex 64.71805627750908 -47.02042021545467 30
      vertex 57.36506684746701 -37.253309995027855 1.6
    endloop
  endfacet
  facet normal -0.7894138507166186 0.4837534298877213 0.37789997534880276
    outer loop
      vertex 57.36506684746701 -37.253309995027855 1.6
      vertex 67.0902210855501 -43.56889900225596 30
      vertex 59.23613761885561 -34.2 1.6
    endloop
  endfacet
  facet normal -0.8136496848089309 0.44177573387602664 0.3778999753488026
    outer loop
      vertex 59.23613761885561 -34.2 1.6
      vertex 69.2784962609797 -39.99795846532911 30
      vertex 60.94484625448437 -31.052950182185 1.6
    endloop
  endfacet
  facet normal -0.8356553616712787 0.3985871612852307 0.3778999753488027
    outer loop
      vertex 60.94484625448437 -31.052950182185 1.6
      vertex 71.2768838936472 -36.31738630447279 30
      vertex 62.4865093027539 -27.820786386384736 1.6
    endloop
  endfacet
  facet normal -0.8553705652729764 0.354306088990809 0.37789997534880254
    outer loop
      vertex 62.4865093027539 -27.820786386384736 1.6
      vertex 73.07990654195764 -32.537270712146494 30
      vertex 63.856901172408605 -24.51236774889854 1.6
    endloop
  endfacet
  facet normal -0.8727412576113421 0.30905388833397224 0.3778999753488023
    outer loop
      vertex 63.856901172408605 -24.51236774889854 1.6
      vertex 74.68262224615862 -28.667972722436154 30
      vertex 65.0522657145885 -21.136762415246405 1.6
    endloop
  endfacet
  facet normal -0.8877198268260935 0.26295459245129177 0.3778999753488026
    outer loop
      vertex 65.0522657145885 -21.136762415246405 1.6
      vertex 76.08063807390829 -24.720097812179972 30
      vertex 66.06932651817228 -17.70322268501242 1.6
    endloop
  endfacet
  facet normal -0.9002652177001644 0.21613455630844886 0.3778999753488025
    outer loop
      vertex 66.06932651817228 -17.70322268501242 1.6
      vertex 77.2701221609977 -20.70446683209353 30
      vertex 66.90529589019232 -14.221159651934741 1.6
    endloop
  endfacet
  facet normal -0.910343044189188 0.16872211037008963 0.3778999753488025
    outer loop
      vertex 66.90529589019232 -14.221159651934741 1.6
      vertex 78.24781421422416 -16.632086347570173 30
      vertex 67.55788249670744 -10.700117408751792 1.6
    endloop
  endfacet
  facet normal -0.9179256836712577 0.12084720885493645 0.3778999753488025
    outer loop
      vertex 67.55788249670744 -10.700117408751792 1.6
      vertex 79.0110344476283 -12.514118470450265 30
      vertex 68.0252976431899 -7.149746887507498 1.6
    endloop
  endfacet
  facet normal -0.922992352658616 0.0726410735403008 0.37789997534880254
    outer loop
      vertex 68.0252976431899 -7.149746887507498 1.6
      vertex 79.55769092760116 -8.361850264448567 30
      vertex 68.30626017721285 -3.5797794070173587 1.6
    endloop
  endfacet
  facet normal -0.9255291637637487 0.02423583409231523 0.3778999753488027
    outer loop
      vertex 68.30626017721285 -3.5797794070173587 1.6
      vertex 79.88628530672875 -4.186662808097099 30
      vertex 68.4 0 1.6
    endloop
  endfacet
  facet normal -0.024235834092315375 0.9255291637637487 0.37789997534880276
    outer loop
      vertex 3.5797794070173587 -68.30626017721285 1.6
      vertex 0 -79.99591693065823 30
      vertex 4.186662808097099 -79.88628530672875 30
    endloop
  endfacet
  facet normal -0.07264107354030251 0.9229923526586158 0.3778999753488026
    outer loop
      vertex 7.149746887507498 -68.0252976431899 1.6
      vertex 4.186662808097099 -79.88628530672875 30
      vertex 8.361850264448567 -79.55769092760116 30
    endloop
  endfacet
  facet normal -0.12084720885493748 0.9179256836712575 0.3778999753488025
    outer loop
      vertex 10.700117408751792 -67.55788249670744 1.6
      vertex 8.361850264448567 -79.55769092760116 30
      vertex 12.514118470450265 -79.0110344476283 30
    endloop
  endfacet
  facet normal -0.16872211037008938 0.910343044189188 0.37789997534880254
    outer loop
      vertex 14.221159651934741 -66.90529589019232 1.6
      vertex 12.514118470450265 -79.0110344476283 30
      vertex 16.632086347570173 -78.24781421422416 30
    endloop
  endfacet
  facet normal -0.21613455630844902 0.9002652177001643 0.3778999753488025
    outer loop
      vertex 17.70322268501242 -66.06932651817228 1.6
      vertex 16.632086347570173 -78.24781421422416 30
      vertex 20.70446683209353 -77.2701221609977 30
    endloop
  endfacet
  facet normal -0.26295459245129066 0.8877198268260938 0.3778999753488026
    outer loop
      vertex 21.136762415246405 -65.0522657145885 1.6
      vertex 20.70446683209353 -77.2701221609977 30
      vertex 24.720097812179972 -76.08063807390829 30
    endloop
  endfacet
  facet normal -0.30905388833397385 0.8727412576113417 0.37789997534880243
    outer loop
      vertex 24.51236774889854 -63.856901172408605 1.6
      vertex 24.720097812179972 -76.08063807390829 30
      vertex 28.667972722436154 -74.68262224615862 30
    endloop
  endfacet
  facet normal -0.35430608899080757 0.8553705652729771 0.37789997534880254
    outer loop
      vertex 27.820786386384736 -62.4865093027539 1.6
      vertex 28.667972722436154 -74.68262224615862 30
      vertex 32.537270712146494 -73.07990654195764 30
    endloop
  endfacet
  facet normal -0.3985871612852297 0.8356553616712793 0.37789997534880276
    outer loop
      vertex 31.052950182185 -60.94484625448437 1.6
      vertex 32.537270712146494 -73.07990654195764 30
      vertex 36.31738630447279 -71.2768838936472 30
    endloop
  endfacet
  facet normal -0.44177573387602753 0.8136496848089305 0.3778999753488026
    outer loop
      vertex 34.2 -59.23613761885561 1.6
      vertex 36.31738630447279 -71.2768838936472 30
      vertex 39.99795846532911 -69.2784962609797 30
    endloop
  endfacet
  facet normal -0.4837534298877204 0.7894138507166191 0.3778999753488028
    outer loop
      vertex 37.253309995027855 -57.36506684746701 1.6
      vertex 39.99795846532911 -69.2784962609797 30
      vertex 43.56889900225596 -67.0902210855501 30
    endloop
  endfacet
  facet normal -0.5244051913733853 0.7630142881309746 0.37789997534880254
    outer loop
      vertex 40.20451125680517 -55.33676241524641 1.6
      vertex 43.56889900225596 -67.0902210855501 30
      vertex 47.02042021545467 -64.71805627750908 30
    endloop
  endfacet
  facet normal -0.5636195946804499 0.7345233564180377 0.3778999753488027
    outer loop
      vertex 43.04551474780888 -53.15678376365681 1.6
      vertex 47.02042021545467 -64.71805627750908 30
      vertex 50.343061725192136 -62.16850377570836 30
    endloop
  endfacet
  facet normal -0.601289155855214 0.7040191472412514 0.37789997534880243
    outer loop
      vertex 45.768533474945905 -50.831106062653774 1.6
      vertex 50.343061725192136 -62.16850377570836 30
      vertex 53.527716402044184 -59.448551726338124 30
    endloop
  endfacet
  facet normal -0.6373106252488734 0.6715852705176494 0.3778999753488028
    outer loop
      vertex 48.366103833159855 -48.366103833159855 1.6
      vertex 53.527716402044184 -59.448551726338124 30
      vertex 56.56565532890418 -56.56565532890418 30
    endloop
  endfacet
  facet normal -0.6715852705176495 0.6373106252488733 0.37789997534880254
    outer loop
      vertex 50.831106062653774 -45.768533474945905 1.6
      vertex 56.56565532890418 -56.56565532890418 30
      vertex 59.448551726338124 -53.527716402044184 30
    endloop
  endfacet
  facet normal -0.7040191472412511 0.6012891558552139 0.37789997534880265
    outer loop
      vertex 53.15678376365681 -43.04551474780888 1.6
      vertex 59.448551726338124 -53.527716402044184 30
      vertex 62.16850377570836 -50.343061725192136 30
    endloop
  endfacet
  facet normal -0.7345233564180377 0.56361959468045 0.3778999753488023
    outer loop
      vertex 55.33676241524641 -40.20451125680517 1.6
      vertex 62.16850377570836 -50.343061725192136 30
      vertex 64.71805627750908 -47.02042021545467 30
    endloop
  endfacet
  facet normal -0.7630142881309742 0.5244051913733855 0.3778999753488027
    outer loop
      vertex 57.36506684746701 -37.253309995027855 1.6
      vertex 64.71805627750908 -47.02042021545467 30
      vertex 67.0902210855501 -43.56889900225596 30
    endloop
  endfacet
  facet normal -0.7894138507166191 0.48375342988772063 0.37789997534880265
    outer loop
      vertex 59.23613761885561 -34.2 1.6
      vertex 67.0902210855501 -43.56889900225596 30
      vertex 69.2784962609797 -39.99795846532911 30
    endloop
  endfacet
  facet normal -0.8136496848089305 0.44177573387602753 0.3778999753488027
    outer loop
      vertex 60.94484625448437 -31.052950182185 1.6
      vertex 69.2784962609797 -39.99795846532911 30
      vertex 71.2768838936472 -36.31738630447279 30
    endloop
  endfacet
  facet normal -0.8356553616712792 0.3985871612852298 0.3778999753488025
    outer loop
      vertex 62.4865093027539 -27.820786386384736 1.6
      vertex 71.2768838936472 -36.31738630447279 30
      vertex 73.07990654195764 -32.537270712146494 30
    endloop
  endfacet
  facet normal -0.8553705652729771 0.3543060889908077 0.3778999753488024
    outer loop
      vertex 63.856901172408605 -24.51236774889854 1.6
      vertex 73.07990654195764 -32.537270712146494 30
      vertex 74.68262224615862 -28.667972722436154 30
    endloop
  endfacet
  facet normal -0.8727412576113416 0.30905388833397385 0.37789997534880265
    outer loop
      vertex 65.0522657145885 -21.136762415246405 1.6
      vertex 74.68262224615862 -28.667972722436154 30
      vertex 76.08063807390829 -24.720097812179972 30
    endloop
  endfacet
  facet normal -0.8877198268260941 0.26295459245129027 0.37789997534880254
    outer loop
      vertex 66.06932651817228 -17.70322268501242 1.6
      vertex 76.08063807390829 -24.720097812179972 30
      vertex 77.2701221609977 -20.70446683209353 30
    endloop
  endfacet
  facet normal -0.9002652177001642 0.21613455630844897 0.37789997534880243
    outer loop
      vertex 66.90529589019232 -14.221159651934741 1.6
      vertex 77.2701221609977 -20.70446683209353 30
      vertex 78.24781421422416 -16.632086347570173 30
    endloop
  endfacet
  facet normal -0.9103430441891879 0.16872211037008938 0.37789997534880243
    outer loop
      vertex 67.55788249670744 -10.700117408751792 1.6
      vertex 78.24781421422416 -16.632086347570173 30
      vertex 79.0110344476283 -12.514118470450265 30
    endloop
  endfacet
  facet normal -0.9179256836712574 0.12084720885493745 0.37789997534880254
    outer loop
      vertex 68.0252976431899 -7.149746887507498 1.6
      vertex 79.0110344476283 -12.514118470450265 30
      vertex 79.55769092760116 -8.361850264448567 30
    endloop
  endfacet
  facet normal -0.9229923526586157 0.0726410735403025 0.3778999753488027
    outer loop
      vertex 68.30626017721285 -3.5797794070173587 1.6
      vertex 79.55769092760116 -8.361850264448567 30
      vertex 79.88628530672875 -4.186662808097099 30
    endloop
  endfacet
  facet normal -0.9255291637637489 0.024235834092312284 0.37789997534880243
    outer loop
      vertex 68.4 0 1.6
      vertex 79.88628530672875 -4.186662808097099 30
      vertex 79.99591693065821 0 30
    endloop
  endfacet
  facet normal 0 0 1
    outer loop
      vertex 0 -68.4 1.6
      vertex 3.5797794070173587 68.30626017721285 1.6
      vertex 0 68.4 1.6
    endloop
  endfacet
  facet normal 0 0 1
    outer loop
      vertex 3.5797794070173587 -68.30626017721285 1.6
      vertex 7.149746887507498 68.0252976431899 1.6
      vertex 3.5797794070173587 68.30626017721285 1.6
    endloop
  endfacet
  facet normal 0 0 1
    outer loop
      vertex 7.149746887507498 -68.0252976431899 1.6
      vertex 10.700117408751792 67.55788249670744 1.6
      vertex 7.149746887507498 68.0252976431899 1.6
    endloop
  endfacet
  facet normal 0 0 1
    outer loop
      vertex 10.700117408751792 -67.55788249670744 1.6
      vertex 14.221159651934741 66.90529589019232 1.6
      vertex 10.700117408751792 67.55788249670744 1.6
    endloop
  endfacet
  facet normal 0 0 1
    outer loop
      vertex 14.221159651934741 -66.90529589019232 1.6
      vertex 17.70322268501242 66.06932651817228 1.6
      vertex 14.221159651934741 66.90529589019232 1.6
    endloop
  endfacet
  facet normal 0 0 1
    outer loop
      vertex 17.70322268501242 -66.06932651817228 1.6
      vertex 21.136762415246405 65.0522657145885 1.6
      vertex 17.70322268501242 66.06932651817228 1.6
    endloop
  endfacet
  facet normal 0 0 1
    outer loop
      vertex 24.51236774889854 -63.856901172408605 1.6
      vertex 27.820786386384736 62.4865093027539 1.6
      vertex 24.51236774889854 63.856901172408605 1.6
    endloop
  endfacet
  facet normal 0 0 1
    outer loop
      vertex 27.820786386384736 -62.4865093027539 1.6
      vertex 31.052950182185 60.94484625448437 1.6
      vertex 27.820786386384736 62.4865093027539 1.6
    endloop
  endfacet
  facet normal 0 0 1
    outer loop
      vertex 31.052950182185 -60.94484625448437 1.6
      vertex 34.2 59.23613761885561 1.6
      vertex 31.052950182185 60.94484625448437 1.6
    endloop
  endfacet
  facet normal 0 0 1
    outer loop
      vertex 34.2 -59.23613761885561 1.6
      vertex 37.253309995027855 57.36506684746701 1.6
      vertex 34.2 59.23613761885561 1.6
    endloop
  endfacet
  facet normal 0 0 1
    outer loop
      vertex 37.253309995027855 -57.36506684746701 1.6
      vertex 40.20451125680517 55.33676241524641 1.6
      vertex 37.253309995027855 57.36506684746701 1.6
    endloop
  endfacet
  facet normal 0 0 1
    outer loop
      vertex 40.20451125680517 -55.33676241524641 1.6
      vertex 43.04551474780888 53.15678376365681 1.6
      vertex 40.20451125680517 55.33676241524641 1.6
    endloop
  endfacet
  facet normal 0 0 1
    outer loop
      vertex 21.136762415246405 -65.0522657145885 1.6
      vertex 24.51236774889854 63.856901172408605 1.6
      vertex 21.136762415246405 65.0522657145885 1.6
    endloop
  endfacet
  facet normal -0.02423583409231523 -0.9255291637637487 0.37789997534880276
    outer loop
      vertex 0 68.4 1.6
      vertex 3.5797794070173587 68.30626017721285 1.6
      vertex 4.186662808097099 79.88628530672875 30
    endloop
  endfacet
  facet normal -0.07264107354030082 -0.9229923526586161 0.37789997534880254
    outer loop
      vertex 3.5797794070173587 68.30626017721285 1.6
      vertex 7.149746887507498 68.0252976431899 1.6
      vertex 8.361850264448567 79.55769092760116 30
    endloop
  endfacet
  facet normal -0.12084720885493645 -0.9179256836712577 0.3778999753488025
    outer loop
      vertex 7.149746887507498 68.0252976431899 1.6
      vertex 10.700117408751792 67.55788249670744 1.6
      vertex 12.514118470450265 79.0110344476283 30
    endloop
  endfacet
  facet normal -0.16872211037008963 -0.910343044189188 0.3778999753488025
    outer loop
      vertex 10.700117408751792 67.55788249670744 1.6
      vertex 14.221159651934741 66.90529589019232 1.6
      vertex 16.632086347570173 78.24781421422416 30
    endloop
  endfacet
  facet normal -0.21613455630844886 -0.9002652177001644 0.3778999753488025
    outer loop
      vertex 14.221159651934741 66.90529589019232 1.6
      vertex 17.70322268501242 66.06932651817228 1.6
      vertex 20.70446683209353 77.2701221609977 30
    endloop
  endfacet
  facet normal -0.26295459245129177 -0.8877198268260935 0.3778999753488026
    outer loop
      vertex 17.70322268501242 66.06932651817228 1.6
      vertex 21.136762415246405 65.0522657145885 1.6
      vertex 24.720097812179972 76.08063807390829 30
    endloop
  endfacet
  facet normal -0.44177573387602664 -0.8136496848089309 0.3778999753488026
    outer loop
      vertex 34.2 59.23613761885561 1.6
      vertex 39.99795846532911 69.2784962609797 30
      vertex 31.052950182185 60.94484625448437 1.6
    endloop
  endfacet
  facet normal -0.4837534298877213 -0.7894138507166186 0.37789997534880265
    outer loop
      vertex 34.2 59.23613761885561 1.6
      vertex 37.253309995027855 57.36506684746701 1.6
      vertex 43.56889900225596 67.0902210855501 30
    endloop
  endfacet
  facet normal -0.5244051913733837 -0.7630142881309754 0.37789997534880243
    outer loop
      vertex 37.253309995027855 57.36506684746701 1.6
      vertex 40.20451125680517 55.33676241524641 1.6
      vertex 47.02042021545467 64.71805627750908 30
    endloop
  endfacet
  facet normal -0.30905388833397224 -0.8727412576113421 0.3778999753488023
    outer loop
      vertex 24.51236774889854 63.856901172408605 1.6
      vertex 28.667972722436154 74.68262224615862 30
      vertex 21.136762415246405 65.0522657145885 1.6
    endloop
  endfacet
  facet normal -0.354306088990809 -0.8553705652729764 0.37789997534880254
    outer loop
      vertex 24.51236774889854 63.856901172408605 1.6
      vertex 27.820786386384736 62.4865093027539 1.6
      vertex 32.537270712146494 73.07990654195764 30
    endloop
  endfacet
  facet normal -0.3985871612852307 -0.8356553616712787 0.3778999753488027
    outer loop
      vertex 27.820786386384736 62.4865093027539 1.6
      vertex 31.052950182185 60.94484625448437 1.6
      vertex 36.31738630447279 71.2768838936472 30
    endloop
  endfacet
  facet normal 0 0 1
    outer loop
      vertex 43.04551474780888 -53.15678376365681 1.6
      vertex 45.768533474945905 50.831106062653774 1.6
      vertex 43.04551474780888 53.15678376365681 1.6
    endloop
  endfacet
  facet normal 0 0 1
    outer loop
      vertex 45.768533474945905 -50.831106062653774 1.6
      vertex 48.366103833159855 48.366103833159855 1.6
      vertex 45.768533474945905 50.831106062653774 1.6
    endloop
  endfacet
  facet normal 0 0 1
    outer loop
      vertex 48.366103833159855 -48.366103833159855 1.6
      vertex 50.831106062653774 45.768533474945905 1.6
      vertex 48.366103833159855 48.366103833159855 1.6
    endloop
  endfacet
  facet normal 0 0 1
    outer loop
      vertex 50.831106062653774 -45.768533474945905 1.6
      vertex 53.15678376365681 43.04551474780888 1.6
      vertex 50.831106062653774 45.768533474945905 1.6
    endloop
  endfacet
  facet normal 0 0 1
    outer loop
      vertex 59.23613761885561 -34.2 1.6
      vertex 60.94484625448437 31.052950182185 1.6
      vertex 59.23613761885561 34.2 1.6
    endloop
  endfacet
  facet normal 0 0 1
    outer loop
      vertex 60.94484625448437 -31.052950182185 1.6
      vertex 62.4865093027539 27.820786386384736 1.6
      vertex 60.94484625448437 31.052950182185 1.6
    endloop
  endfacet
  facet normal 0 0 1
    outer loop
      vertex 62.4865093027539 -27.820786386384736 1.6
      vertex 63.856901172408605 24.51236774889854 1.6
      vertex 62.4865093027539 27.820786386384736 1.6
    endloop
  endfacet
  facet normal 0 0 1
    outer loop
      vertex 53.15678376365681 -43.04551474780888 1.6
      vertex 55.33676241524641 40.20451125680517 1.6
      vertex 53.15678376365681 43.04551474780888 1.6
    endloop
  endfacet
  facet normal 0 0 1
    outer loop
      vertex 55.33676241524641 -40.20451125680517 1.6
      vertex 57.36506684746701 37.253309995027855 1.6
      vertex 55.33676241524641 40.20451125680517 1.6
    endloop
  endfacet
  facet normal 0 0 1
    outer loop
      vertex 57.36506684746701 -37.253309995027855 1.6
      vertex 59.23613761885561 34.2 1.6
      vertex 57.36506684746701 37.253309995027855 1.6
    endloop
  endfacet
  facet normal 0 0 1
    outer loop
      vertex 66.06932651817228 -17.70322268501242 1.6
      vertex 66.90529589019232 14.221159651934741 1.6
      vertex 66.06932651817228 17.70322268501242 1.6
    endloop
  endfacet
  facet normal 0 0 1
    outer loop
      vertex 67.55788249670744 -10.700117408751792 1.6
      vertex 68.0252976431899 7.149746887507498 1.6
      vertex 67.55788249670744 10.700117408751792 1.6
    endloop
  endfacet
  facet normal 0 0 1
    outer loop
      vertex 68.30626017721285 -3.5797794070173587 1.6
      vertex 68.4 0 1.6
      vertex 68.30626017721285 3.5797794070173587 1.6
    endloop
  endfacet
  facet normal 0 0 1
    outer loop
      vertex 68.0252976431899 -7.149746887507498 1.6
      vertex 68.30626017721285 3.5797794070173587 1.6
      vertex 68.0252976431899 7.149746887507498 1.6
    endloop
  endfacet
  facet normal 0 0 1
    outer loop
      vertex 66.90529589019232 -14.221159651934741 1.6
      vertex 67.55788249670744 10.700117408751792 1.6
      vertex 66.90529589019232 14.221159651934741 1.6
    endloop
  endfacet
  facet normal 0 0 1
    outer loop
      vertex 63.856901172408605 -24.51236774889854 1.6
      vertex 65.0522657145885 21.136762415246405 1.6
      vertex 63.856901172408605 24.51236774889854 1.6
    endloop
  endfacet
  facet normal 0 0 1
    outer loop
      vertex 65.0522657145885 -21.136762415246405 1.6
      vertex 66.06932651817228 17.70322268501242 1.6
      vertex 65.0522657145885 21.136762415246405 1.6
    endloop
  endfacet
  facet normal -0.7894138507166186 -0.4837534298877213 0.3778999753488026
    outer loop
      vertex 59.23613761885561 34.2 1.6
      vertex 69.2784962609797 39.99795846532911 30
      vertex 57.36506684746701 37.253309995027855 1.6
    endloop
  endfacet
  facet normal -0.7630142881309754 -0.5244051913733837 0.3778999753488027
    outer loop
      vertex 57.36506684746701 37.253309995027855 1.6
      vertex 67.0902210855501 43.56889900225596 30
      vertex 55.33676241524641 40.20451125680517 1.6
    endloop
  endfacet
  facet normal -0.9255291637637489 -0.024235834092315237 0.37789997534880243
    outer loop
      vertex 68.4 0 1.6
      vertex 79.99591693065821 0 30
      vertex 68.30626017721285 3.5797794070173587 1.6
    endloop
  endfacet
  facet normal -0.922992352658616 -0.0726410735403008 0.3778999753488028
    outer loop
      vertex 68.30626017721285 3.5797794070173587 1.6
      vertex 79.88628530672875 4.186662808097099 30
      vertex 68.0252976431899 7.149746887507498 1.6
    endloop
  endfacet
  facet normal -0.9179256836712576 -0.12084720885493644 0.37789997534880265
    outer loop
      vertex 68.0252976431899 7.149746887507498 1.6
      vertex 79.55769092760116 8.361850264448567 30
      vertex 67.55788249670744 10.700117408751792 1.6
    endloop
  endfacet
  facet normal -0.910343044189188 -0.16872211037008963 0.3778999753488025
    outer loop
      vertex 66.90529589019232 14.221159651934741 1.6
      vertex 67.55788249670744 10.700117408751792 1.6
      vertex 79.0110344476283 12.514118470450265 30
    endloop
  endfacet
  facet normal -0.9002652177001644 -0.21613455630844886 0.3778999753488025
    outer loop
      vertex 66.90529589019232 14.221159651934741 1.6
      vertex 78.24781421422416 16.632086347570173 30
      vertex 66.06932651817228 17.70322268501242 1.6
    endloop
  endfacet
  facet normal -0.8877198268260935 -0.26295459245129177 0.37789997534880243
    outer loop
      vertex 66.06932651817228 17.70322268501242 1.6
      vertex 77.2701221609977 20.70446683209353 30
      vertex 65.0522657145885 21.136762415246405 1.6
    endloop
  endfacet
  facet normal -0.872741257611342 -0.3090538883339722 0.37789997534880254
    outer loop
      vertex 63.856901172408605 24.51236774889854 1.6
      vertex 65.0522657145885 21.136762415246405 1.6
      vertex 76.08063807390829 24.720097812179972 30
    endloop
  endfacet
  facet normal -0.8356553616712787 -0.3985871612852307 0.37789997534880254
    outer loop
      vertex 62.4865093027539 27.820786386384736 1.6
      vertex 73.07990654195764 32.537270712146494 30
      vertex 60.94484625448437 31.052950182185 1.6
    endloop
  endfacet
  facet normal -0.8553705652729765 -0.35430608899080906 0.3778999753488023
    outer loop
      vertex 63.856901172408605 24.51236774889854 1.6
      vertex 74.68262224615862 28.667972722436154 30
      vertex 62.4865093027539 27.820786386384736 1.6
    endloop
  endfacet
  facet normal -0.8136496848089309 -0.44177573387602664 0.37789997534880265
    outer loop
      vertex 59.23613761885561 34.2 1.6
      vertex 60.94484625448437 31.052950182185 1.6
      vertex 71.2768838936472 36.31738630447279 30
    endloop
  endfacet
  facet normal -0.6373106252488753 -0.6715852705176475 0.37789997534880276
    outer loop
      vertex 48.366103833159855 48.366103833159855 1.6
      vertex 56.56565532890418 56.56565532890418 30
      vertex 45.768533474945905 50.831106062653774 1.6
    endloop
  endfacet
  facet normal -0.6715852705176476 -0.6373106252488755 0.3778999753488025
    outer loop
      vertex 48.366103833159855 48.366103833159855 1.6
      vertex 50.831106062653774 45.768533474945905 1.6
      vertex 59.448551726338124 53.527716402044184 30
    endloop
  endfacet
  facet normal -0.5636195946804513 -0.7345233564180366 0.3778999753488027
    outer loop
      vertex 43.04551474780888 53.15678376365681 1.6
      vertex 50.343061725192136 62.16850377570836 30
      vertex 40.20451125680517 55.33676241524641 1.6
    endloop
  endfacet
  facet normal -0.6012891558552123 -0.7040191472412527 0.3778999753488024
    outer loop
      vertex 43.04551474780888 53.15678376365681 1.6
      vertex 45.768533474945905 50.831106062653774 1.6
      vertex 53.527716402044184 59.448551726338124 30
    endloop
  endfacet
  facet normal -0.7040191472412527 -0.6012891558552121 0.3778999753488027
    outer loop
      vertex 53.15678376365681 43.04551474780888 1.6
      vertex 62.16850377570836 50.343061725192136 30
      vertex 50.831106062653774 45.768533474945905 1.6
    endloop
  endfacet
  facet normal -0.7345233564180366 -0.5636195946804513 0.37789997534880243
    outer loop
      vertex 53.15678376365681 43.04551474780888 1.6
      vertex 55.33676241524641 40.20451125680517 1.6
      vertex 64.71805627750908 47.02042021545467 30
    endloop
  endfacet
  facet normal -0.024235834092315375 -0.9255291637637487 0.37789997534880276
    outer loop
      vertex 0 68.4 1.6
      vertex 4.186662808097099 79.88628530672875 30
      vertex 0 79.99591693065823 30
    endloop
  endfacet
  facet normal -0.0726410735403025 -0.9229923526586157 0.3778999753488027
    outer loop
      vertex 3.5797794070173587 68.30626017721285 1.6
      vertex 8.361850264448567 79.55769092760116 30
      vertex 4.186662808097099 79.88628530672875 30
    endloop
  endfacet
  facet normal -0.12084720885493745 -0.9179256836712574 0.37789997534880254
    outer loop
      vertex 7.149746887507498 68.0252976431899 1.6
      vertex 12.514118470450265 79.0110344476283 30
      vertex 8.361850264448567 79.55769092760116 30
    endloop
  endfacet
  facet normal -0.21613455630844897 -0.9002652177001642 0.37789997534880243
    outer loop
      vertex 14.221159651934741 66.90529589019232 1.6
      vertex 20.70446683209353 77.2701221609977 30
      vertex 16.632086347570173 78.24781421422416 30
    endloop
  endfacet
  facet normal -0.26295459245129027 -0.8877198268260941 0.37789997534880254
    outer loop
      vertex 17.70322268501242 66.06932651817228 1.6
      vertex 24.720097812179972 76.08063807390829 30
      vertex 20.70446683209353 77.2701221609977 30
    endloop
  endfacet
  facet normal -0.16872211037008938 -0.9103430441891879 0.37789997534880243
    outer loop
      vertex 10.700117408751792 67.55788249670744 1.6
      vertex 16.632086347570173 78.24781421422416 30
      vertex 12.514118470450265 79.0110344476283 30
    endloop
  endfacet
  facet normal -0.30905388833397385 -0.8727412576113416 0.37789997534880265
    outer loop
      vertex 21.136762415246405 65.0522657145885 1.6
      vertex 28.667972722436154 74.68262224615862 30
      vertex 24.720097812179972 76.08063807390829 30
    endloop
  endfacet
  facet normal -0.3543060889908077 -0.8553705652729771 0.3778999753488024
    outer loop
      vertex 24.51236774889854 63.856901172408605 1.6
      vertex 32.537270712146494 73.07990654195764 30
      vertex 28.667972722436154 74.68262224615862 30
    endloop
  endfacet
  facet normal -0.3985871612852298 -0.8356553616712792 0.3778999753488025
    outer loop
      vertex 27.820786386384736 62.4865093027539 1.6
      vertex 36.31738630447279 71.2768838936472 30
      vertex 32.537270712146494 73.07990654195764 30
    endloop
  endfacet
  facet normal -0.44177573387602753 -0.8136496848089305 0.3778999753488027
    outer loop
      vertex 31.052950182185 60.94484625448437 1.6
      vertex 39.99795846532911 69.2784962609797 30
      vertex 36.31738630447279 71.2768838936472 30
    endloop
  endfacet
  facet normal -0.48375342988772063 -0.7894138507166191 0.37789997534880265
    outer loop
      vertex 34.2 59.23613761885561 1.6
      vertex 43.56889900225596 67.0902210855501 30
      vertex 39.99795846532911 69.2784962609797 30
    endloop
  endfacet
  facet normal -0.9002652177001643 -0.21613455630844902 0.3778999753488025
    outer loop
      vertex 66.06932651817228 17.70322268501242 1.6
      vertex 78.24781421422416 16.632086347570173 30
      vertex 77.2701221609977 20.70446683209353 30
    endloop
  endfacet
  facet normal -0.9255291637637487 -0.024235834092312277 0.3778999753488027
    outer loop
      vertex 68.30626017721285 3.5797794070173587 1.6
      vertex 79.99591693065821 0 30
      vertex 79.88628530672875 4.186662808097099 30
    endloop
  endfacet
  facet normal -0.9229923526586158 -0.07264107354030251 0.3778999753488026
    outer loop
      vertex 68.0252976431899 7.149746887507498 1.6
      vertex 79.88628530672875 4.186662808097099 30
      vertex 79.55769092760116 8.361850264448567 30
    endloop
  endfacet
  facet normal -0.9179256836712575 -0.12084720885493748 0.3778999753488025
    outer loop
      vertex 67.55788249670744 10.700117408751792 1.6
      vertex 79.55769092760116 8.361850264448567 30
      vertex 79.0110344476283 12.514118470450265 30
    endloop
  endfacet
  facet normal -0.910343044189188 -0.16872211037008938 0.37789997534880254
    outer loop
      vertex 66.90529589019232 14.221159651934741 1.6
      vertex 79.0110344476283 12.514118470450265 30
      vertex 78.24781421422416 16.632086347570173 30
    endloop
  endfacet
  facet normal -0.8727412576113417 -0.30905388833397385 0.37789997534880243
    outer loop
      vertex 63.856901172408605 24.51236774889854 1.6
      vertex 76.08063807390829 24.720097812179972 30
      vertex 74.68262224615862 28.667972722436154 30
    endloop
  endfacet
  facet normal -0.8877198268260938 -0.26295459245129066 0.3778999753488026
    outer loop
      vertex 65.0522657145885 21.136762415246405 1.6
      vertex 77.2701221609977 20.70446683209353 30
      vertex 76.08063807390829 24.720097812179972 30
    endloop
  endfacet
  facet normal -0.8553705652729771 -0.35430608899080757 0.37789997534880254
    outer loop
      vertex 62.4865093027539 27.820786386384736 1.6
      vertex 74.68262224615862 28.667972722436154 30
      vertex 73.07990654195764 32.537270712146494 30
    endloop
  endfacet
  facet normal -0.8356553616712793 -0.3985871612852297 0.37789997534880276
    outer loop
      vertex 60.94484625448437 31.052950182185 1.6
      vertex 73.07990654195764 32.537270712146494 30
      vertex 71.2768838936472 36.31738630447279 30
    endloop
  endfacet
  facet normal -0.8136496848089305 -0.44177573387602753 0.3778999753488026
    outer loop
      vertex 59.23613761885561 34.2 1.6
      vertex 71.2768838936472 36.31738630447279 30
      vertex 69.2784962609797 39.99795846532911 30
    endloop
  endfacet
  facet normal -0.7894138507166191 -0.4837534298877204 0.3778999753488028
    outer loop
      vertex 57.36506684746701 37.253309995027855 1.6
      vertex 69.2784962609797 39.99795846532911 30
      vertex 67.0902210855501 43.56889900225596 30
    endloop
  endfacet
  facet normal -0.5244051913733855 -0.7630142881309742 0.3778999753488027
    outer loop
      vertex 37.253309995027855 57.36506684746701 1.6
      vertex 47.02042021545467 64.71805627750908 30
      vertex 43.56889900225596 67.0902210855501 30
    endloop
  endfacet
  facet normal -0.56361959468045 -0.7345233564180377 0.3778999753488023
    outer loop
      vertex 40.20451125680517 55.33676241524641 1.6
      vertex 50.343061725192136 62.16850377570836 30
      vertex 47.02042021545467 64.71805627750908 30
    endloop
  endfacet
  facet normal -0.6012891558552139 -0.7040191472412511 0.37789997534880265
    outer loop
      vertex 43.04551474780888 53.15678376365681 1.6
      vertex 53.527716402044184 59.448551726338124 30
      vertex 50.343061725192136 62.16850377570836 30
    endloop
  endfacet
  facet normal -0.6373106252488733 -0.6715852705176495 0.37789997534880254
    outer loop
      vertex 45.768533474945905 50.831106062653774 1.6
      vertex 56.56565532890418 56.56565532890418 30
      vertex 53.527716402044184 59.448551726338124 30
    endloop
  endfacet
  facet normal -0.6715852705176494 -0.6373106252488734 0.3778999753488028
    outer loop
      vertex 48.366103833159855 48.366103833159855 1.6
      vertex 59.448551726338124 53.527716402044184 30
      vertex 56.56565532890418 56.56565532890418 30
    endloop
  endfacet
  facet normal -0.7040191472412514 -0.601289155855214 0.37789997534880243
    outer loop
      vertex 50.831106062653774 45.768533474945905 1.6
      vertex 62.16850377570836 50.343061725192136 30
      vertex 59.448551726338124 53.527716402044184 30
    endloop
  endfacet
  facet normal -0.7345233564180377 -0.5636195946804499 0.3778999753488027
    outer loop
      vertex 53.15678376365681 43.04551474780888 1.6
      vertex 64.71805627750908 47.02042021545467 30
      vertex 62.16850377570836 50.343061725192136 30
    endloop
  endfacet
  facet normal -0.7630142881309746 -0.5244051913733853 0.37789997534880254
    outer loop
      vertex 55.33676241524641 40.20451125680517 1.6
      vertex 67.0902210855501 43.56889900225596 30
      vertex 64.71805627750908 47.02042021545467 30
    endloop
  endfacet
endsolid OpenSCAD_Model
